FECHA,HORA,AUTOPISTA,BANDA Y/O RAMAL,PK,CONDICIONES METEOROLOGICAS,SUPERFICIE DE LA VIA,LESIONADOS,FALLECIDOS,TIPO DE SINIESTRO,MOTO,LVIANO,BUS,CAMION,AÑO_ARCHIVO
2022-06-01,14,AU 25 DE MAYO,ASCENDENTE,400,BUENO,SECA,0,0,OBSTACULO NO FIJO,1,1,0,0,2022
2022-06-02,7,AU 25 DE MAYO,ASCENDENTE,6400,BUENO,SECA,1,0,SINIESTRO DE UN SOLO VEHICULO / SIN COLISION,1,0,0,0,2022
2022-06-02,7,AU ILLIA,ASCENDENTE,2500,BUENO,SECA,0,0,OBSTACULO NO FIJO,0,0,0,1,2022
2022-06-02,17,AU FRONDIZI,DESCENDENTE,1500,BUENO,SECA,0,0,COLISION CON DOS O MAS VEHICULOS,0,3,0,0,2022
2022-06-02,17,AU PERITO MORENO,DESCENDENTE,500,BUENO,SECA,1,0,COLISION CON DOS O MAS VEHICULOS,1,0,0,1,2022
2022-06-03,1,AU PERITO MORENO,DESCENDENTE,100,BUENO,SECA,1,0,COLISION CON OBSTACULO FIJO,0,1,0,0,2022
2022-06-03,12,AU 25 DE MAYO,ASCENDENTE,3800,BUENO,SECA,1,0,COLISION CON DOS O MAS VEHICULOS,0,0,1,1,2022
2022-06-03,12,AU DELLEPIANE,ASCENDENTE,3200,BUENO,SECA,1,0,COLISION CON DOS O MAS VEHICULOS,1,3,0,0,2022
2022-06-03,13,AU DELLEPIANE,ASCENDENTE,100,BUENO,SECA,0,0,COLISION CON DOS O MAS VEHICULOS,0,4,0,0,2022
2022-06-03,15,AU 25 DE MAYO,ASCENDENTE,4500,BUENO,SECA,0,0,COLISION CON DOS O MAS VEHICULOS,0,0,1,0,2022
2022-06-04,0,AV. LUGONES,DESCENDENTE,5200,BUENO,SECA,0,0,OBSTACULO NO FIJO,0,1,0,0,2022
2022-06-04,1,AU 25 DE MAYO,DESCENDENTE,3900,BUENO,SECA,0,0,COLISION CON OBSTACULO FIJO,0,1,0,0,2022
2022-06-04,7,AU 25 DE MAYO,ASCENDENTE,4000,BUENO,SECA,1,1,SINIESTRO DE UN SOLO VEHICULO / SIN COLISION,1,0,0,0,2022
2022-06-04,9,AU PERITO MORENO,ASCENDENTE,4000,BUENO,SECA,1,0,COLISION CON OBSTACULO FIJO,0,1,0,0,2022
2022-06-04,16,TRANSICION RAMAL 1,RAMAL DE EGRESO,-,BUENO,SECA,0,0,COLISION CON OBSTACULO FIJO,0,1,0,0,2022
2022-06-04,23,AV. LUGONES,DESCENDENTE,5300,BUENO,SECA,0,0,COLISION CON DOS O MAS VEHICULOS,0,2,0,0,2022
2022-06-05,4,AU DELLEPIANE,DESCENDENTE,3500,BUENO,SECA,1,0,SINIESTRO DE UN SOLO VEHICULO / SIN COLISION,1,0,0,0,2022
2022-06-06,12,AU PERITO MORENO,ASCENDENTE,4200,BUENO,SECA,1,0,SINIESTRO DE UN SOLO VEHICULO / SIN COLISION,1,0,0,0,2022
2022-06-06,18,AU 25 DE MAYO,ASCENDENTE,3300,BUENO,SECA,0,0,SINIESTRO DE UN SOLO VEHICULO / SIN COLISION,1,0,0,0,2022
2022-06-07,18,AU PERITO MORENO,DESCENDENTE,5400,BUENO,SECA,0,0,COLISION CON DOS O MAS VEHICULOS,1,1,0,0,2022
2022-06-08,8,AU PERITO MORENO,ASCENDENTE,1500,BUENO,SECA,0,0,OBSTACULO NO FIJO,0,1,0,0,2022
2022-06-08,12,AU FRONDIZI,ASCENDENTE,1500,BUENO,SECA,0,0,COLISION CON DOS O MAS VEHICULOS,0,1,0,1,2022
2022-06-08,13,AU 25 DE MAYO,DESCENDENTE,9000,BUENO,SECA,1,1,COLISION CON DOS O MAS VEHICULOS,2,0,0,1,2022
2022-06-08,19,PASEO DEL BAJO,ASCENDENTE,6200,BUENO,SECA,0,0,OBSTACULO NO FIJO,0,0,0,1,2022
2022-06-08,20,PASEO DEL BAJO,ASCENDENTE,1700,BUENO,SECA,0,0,OBSTACULO NO FIJO,0,0,0,1,2022
2022-06-09,17,AU PERITO MORENO,ASCENDENTE,1200,BUENO,SECA,0,0,COLISION CON DOS O MAS VEHICULOS,1,1,0,0,2022
2022-06-10,1,AU DELLEPIANE,DESCENDENTE,3300,BUENO,SECA,0,0,COLISION CON OBSTACULO FIJO,0,1,0,0,2022
2022-06-10,9,AU PERITO MORENO,ASCENDENTE,5400,BUENO,SECA,0,0,OBSTACULO NO FIJO,0,1,0,0,2022
2022-06-11,6,AU PERITO MORENO,ASCENDENTE,5400,BUENO,SECA,0,0,COLISION CON DOS O MAS VEHICULOS,0,2,0,0,2022
2022-06-11,11,AU PERITO MORENO,ASCENDENTE,5400,BUENO,SECA,0,0,COLISION CON OBSTACULO FIJO,1,0,0,0,2022
2022-06-13,5,PASEO DEL BAJO,ASCENDENTE,3500,BUENO,SECA,0,0,COLISION CON OBSTACULO FIJO,0,0,0,1,2022
2022-06-13,6,AU DELLEPIANE,ASCENDENTE,2300,BUENO,SECA,0,0,COLISION CON DOS O MAS VEHICULOS,1,1,0,0,2022
2022-06-13,9,AU 25 DE MAYO,DESCENDENTE,4400,BUENO,SECA,1,0,COLISION CON DOS O MAS VEHICULOS,1,1,0,0,2022
2022-06-13,12,AU 25 DE MAYO,ASCENDENTE,9000,BUENO,SECA,0,0,COLISION CON DOS O MAS VEHICULOS,0,0,0,2,2022
2022-06-13,18,AU 25 DE MAYO,DESCENDENTE,9200,BUENO,SECA,0,0,COLISION CON OBSTACULO FIJO,0,1,0,0,2022
2022-06-13,20,AU PERITO MORENO,ASCENDENTE,5400,BUENO,SECA,0,0,COLISION CON OBSTACULO FIJO,0,0,1,0,2022
2022-06-14,19,AU PERITO MORENO,DESCENDENTE,5400,BUENO,SECA,1,0,COLISION CON DOS O MAS VEHICULOS,1,0,1,0,2022
2022-06-15,5,AU ILLIA,ASCENDENTE,800,BUENO,SECA,0,1,COLISION CON OBSTACULO FIJO,1,0,0,0,2022
2022-06-15,6,AU ILLIA,ASCENDENTE,800,BUENO,SECA,0,0,SINIESTRO DE UN SOLO VEHICULO / SIN COLISION,1,0,0,0,2022
2022-06-15,18,AU PERITO MORENO,DESCENDENTE,5500,BUENO,SECA,0,0,COLISION CON DOS O MAS VEHICULOS,0,2,0,0,2022
2022-06-16,2,AU PERITO MORENO,ASCENDENTE,1800,BUENO,SECA,0,0,COLISION CON OBSTACULO FIJO,0,1,0,0,2022
2022-06-16,10,AV. LUGONES,DESCENDENTE,4000,BUENO,SECA,0,0,COLISION CON DOS O MAS VEHICULOS,0,3,0,0,2022
2022-06-16,12,AU ILLIA,DESCENDENTE,3800,BUENO,SECA,0,0,COLISION CON DOS O MAS VEHICULOS,0,2,0,1,2022
2022-06-16,13,AU 25 DE MAYO,DESCENDENTE,5000,BUENO,SECA,0,0,COLISION CON DOS O MAS VEHICULOS,1,1,0,0,2022
2022-06-17,15,AU ILLIA,DESCENDENTE,3500,BUENO,SECA,0,0,OBSTACULO NO FIJO,0,1,0,0,2022
2022-06-17,19,AU ILLIA,DESCENDENTE,3300,BUENO,SECA,0,0,COLISION CON DOS O MAS VEHICULOS,0,1,0,1,2022
2022-06-17,19,AU 25 DE MAYO,DESCENDENTE,6100,BUENO,SECA,2,0,OBSTACULO NO FIJO,0,2,0,0,2022
2022-06-18,22,AV. CANTILO,ASCENDENTE,10100,BUENO,SECA,2,0,COLISION CON OBSTACULO FIJO,0,1,0,0,2022
2022-06-20,20,AU DELLEPIANE,DESCENDENTE,800,BUENO,OTRA,0,0,COLISION CON DOS O MAS VEHICULOS,0,2,0,0,2022
2022-06-21,13,AU PERITO MORENO,DESCENDENTE,4000,BUENO,SECA,1,0,COLISION CON DOS O MAS VEHICULOS,0,2,0,1,2022
2022-06-21,14,AU DELLEPIANE,DESCENDENTE,300,BUENO,SECA,1,0,COLISION CON DOS O MAS VEHICULOS,0,3,0,0,2022
2022-06-21,18,AU 25 DE MAYO,DESCENDENTE,5200,BUENO,SECA,0,0,COLISION CON DOS O MAS VEHICULOS,0,2,0,1,2022
2022-06-23,10,AU PERITO MORENO,DESCENDENTE,5700,BUENO,SECA,1,0,COLISION CON OBSTACULO FIJO,0,0,0,1,2022
2022-06-23,21,AU 25 DE MAYO,DESCENDENTE,3500,BUENO,SECA,0,0,COLISION CON DOS O MAS VEHICULOS,0,2,0,0,2022
2022-06-24,10,AU 25 DE MAYO,ASCENDENTE,0,BUENO,SECA,0,0,COLISION CON DOS O MAS VEHICULOS,0,1,0,1,2022
2022-06-24,15,AV. CANTILO,ASCENDENTE,8000,BUENO,SECA,0,0,COLISION CON DOS O MAS VEHICULOS,0,2,0,0,2022
2022-06-24,15,AU PERITO MORENO,ASCENDENTE,3500,BUENO,SECA,0,0,OBSTACULO NO FIJO,0,1,0,0,2022
2022-06-24,22,AU FRONDIZI,DESCENDENTE,2000,BUENO,SECA,0,0,COLISION CON DOS O MAS VEHICULOS,0,1,0,0,2022
2022-06-25,18,AU ILLIA,DESCENDENTE,2500,BUENO,SECA,0,0,COLISION CON DOS O MAS VEHICULOS,1,1,0,0,2022
2022-06-25,19,AU PERITO MORENO,ASCENDENTE,2900,BUENO,SECA,0,0,COLISION CON OBSTACULO FIJO,0,1,0,0,2022
2022-06-27,6,AU PERITO MORENO,ASCENDENTE,3000,BUENO,SECA,0,0,OBSTACULO NO FIJO,0,4,0,0,2022
2022-06-27,19,AU PERITO MORENO,DESCENDENTE,3000,BUENO,SECA,0,0,OBSTACULO NO FIJO,0,7,0,0,2022
2022-06-27,21,AV. CANTILO,ASCENDENTE,8800,BUENO,SECA,0,0,OBSTACULO NO FIJO,0,1,0,0,2022
2022-06-28,10,AU ILLIA,DESCENDENTE,1600,BUENO,SECA,0,0,COLISION CON DOS O MAS VEHICULOS,1,1,0,0,2022
2022-06-28,19,AU 25 DE MAYO,DESCENDENTE,3600,BUENO,SECA,0,0,OBSTACULO NO FIJO,0,1,1,0,2022
2022-06-29,7,AU 25 DE MAYO,ASCENDENTE,4700,BUENO,SECA,0,0,COLISION CON DOS O MAS VEHICULOS,0,2,0,0,2022
2022-06-29,10,AU DELLEPIANE,ASCENDENTE,3700,BUENO,SECA,0,0,COLISION CON DOS O MAS VEHICULOS,0,4,0,0,2022
2022-06-29,14,AU DELLEPIANE,ASCENDENTE,3100,BUENO,SECA,0,0,COLISION CON DOS O MAS VEHICULOS,0,2,0,0,2022
2022-06-30,7,AU PERITO MORENO,DESCENDENTE,500,BUENO,OTRA,0,0,OBSTACULO NO FIJO,0,3,0,0,2022
2022-06-30,15,AU PERITO MORENO,DESCENDENTE,1300,BUENO,SECA,0,0,OBSTACULO NO FIJO,0,2,0,1,2022
2022-08-01,11,AU FRONDIZI,DESCENDENTE,2300,BUENO,SECA,0,0,COLISION CON DOS O MAS VEHICULOS,0,2,0,1,2022
2022-08-02,3,AU PERITO MORENO,DESCENDENTE,400,BUENO,SECA,0,0,COLISION CON OBSTACULO FIJO,0,1,0,0,2022
2022-08-03,10,AV. LUGONES,DESCENDENTE,9800,BUENO,MOJADA/HUMEDA,0,0,COLISION CON DOS O MAS VEHICULOS,0,1,0,0,2022
2022-08-03,12,AV. CANTILO,ASCENDENTE,7600,BUENO,MOJADA/HUMEDA,1,0,COLISION CON DOS O MAS VEHICULOS,1,1,0,0,2022
2022-08-04,7,AU 25 DE MAYO,ASCENDENTE,2800,BUENO,SECA,0,0,COLISION CON DOS O MAS VEHICULOS,1,1,0,0,2022
2022-08-04,13,AU DELLEPIANE,ASCENDENTE,4400,BUENO,SECA,0,0,COLISION CON DOS O MAS VEHICULOS,1,1,0,0,2022
2022-08-04,16,AU FRONDIZI,DESCENDENTE,2100,BUENO,SECA,1,0,COLISION CON DOS O MAS VEHICULOS,0,1,0,1,2022
2022-08-04,17,AU FRONDIZI,ASCENDENTE,1500,BUENO,SECA,1,0,COLISION CON DOS O MAS VEHICULOS,1,1,0,0,2022
2022-08-04,19,AU CAMPORA,DESCENDENTE,2500,BUENO,SECA,1,0,COLISION CON OBSTACULO FIJO,0,1,0,0,2022
2022-08-04,22,AU PERITO MORENO,DESCENDENTE,5700,BUENO,SECA,0,0,COLISION CON DOS O MAS VEHICULOS,0,1,0,0,2022
2022-08-05,21,AU 25 DE MAYO,ASCENDENTE,9100,BUENO,SECA,1,0,COLISION CON DOS O MAS VEHICULOS,0,2,0,0,2022
2022-08-06,12,AU 25 DE MAYO,ASCENDENTE,2800,BUENO,SECA,3,0,COLISION CON DOS O MAS VEHICULOS,0,2,0,0,2022
2022-08-06,14,AU PERITO MORENO,DESCENDENTE,1800,BUENO,SECA,0,0,COLISION CON DOS O MAS VEHICULOS,0,5,0,0,2022
2022-08-07,21,AU 25 DE MAYO,DESCENDENTE,8700,BUENO,SECA,0,0,COLISION CON DOS O MAS VEHICULOS,0,1,0,0,2022
2022-08-09,11,AU DELLEPIANE,ASCENDENTE,4400,BUENO,SECA,0,0,COLISION CON OBSTACULO FIJO,1,0,0,0,2022
2022-08-09,13,AU 25 DE MAYO,ASCENDENTE,5500,BUENO,SECA,1,0,COLISION CON DOS O MAS VEHICULOS,1,1,0,0,2022
2022-08-09,17,AV. LUGONES,DESCENDENTE,4500,BUENO,SECA,1,0,COLISION CON DOS O MAS VEHICULOS,1,0,1,0,2022
2022-08-10,12,AU ILLIA,ASCENDENTE,6500,BUENO,OTRA,1,0,COLISION CON OBSTACULO FIJO,1,0,0,0,2022
2022-08-10,16,AU 25 DE MAYO,ASCENDENTE,9200,BUENO,SECA,0,0,COLISION CON DOS O MAS VEHICULOS,0,1,0,0,2022
2022-08-11,8,AV. LUGONES,DESCENDENTE,8600,BUENO,SECA,1,0,COLISION CON DOS O MAS VEHICULOS,1,0,0,1,2022
2022-08-12,19,AU DELLEPIANE,DESCENDENTE,3600,BUENO,SECA,0,0,COLISION CON DOS O MAS VEHICULOS,0,2,0,0,2022
2022-08-13,12,AU DELLEPIANE,DESCENDENTE,1600,BUENO,SECA,0,0,COLISION CON DOS O MAS VEHICULOS,0,1,0,0,2022
2022-08-13,17,AU DELLEPIANE,ASCENDENTE,3600,BUENO,SECA,1,0,OBSTACULO NO FIJO,1,0,0,0,2022
2022-08-13,21,AV. CANTILO,ASCENDENTE,9800,BUENO,SECA,0,0,OBSTACULO NO FIJO,0,3,0,0,2022
2022-08-14,6,AV. LUGONES,DESCENDENTE,6000,BUENO,SECA,1,0,COLISION CON DOS O MAS VEHICULOS,0,2,0,0,2022
2022-08-14,12,AV. CANTILO,ASCENDENTE,10400,BUENO,SECA,0,0,COLISION CON DOS O MAS VEHICULOS,0,2,0,0,2022
2022-08-14,12,AU 25 DE MAYO,DESCENDENTE,2500,BUENO,SECA,0,0,COLISION CON DOS O MAS VEHICULOS,1,1,0,0,2022
2022-08-15,8,AU FRONDIZI,ASCENDENTE,2000,BUENO,MOJADA/HUMEDA,2,0,COLISION CON OBSTACULO FIJO,0,1,0,0,2022
2022-08-15,9,AU ILLIA,ASCENDENTE,2400,BUENO,SECA,1,0,SINIESTRO DE UN SOLO VEHICULO / SIN COLISION,1,0,0,0,2022
2022-08-16,12,AU PERITO MORENO,DESCENDENTE,1000,BUENO,SECA,1,0,COLISION CON DOS O MAS VEHICULOS,1,1,0,0,2022
2022-08-16,15,AU ILLIA,ASCENDENTE,3600,BUENO,SECA,0,0,OBSTACULO NO FIJO,0,1,0,0,2022
2022-08-16,15,AU FRONDIZI,DESCENDENTE,1800,BUENO,SECA,0,0,COLISION CON DOS O MAS VEHICULOS,0,0,1,0,2022
2022-08-16,20,AU 25 DE MAYO,DESCENDENTE,7700,BUENO,SECA,0,0,OBSTACULO NO FIJO,0,3,0,0,2022
2022-08-17,10,AU FRONDIZI,DESCENDENTE,1800,LLUVIOSO,MOJADA/HUMEDA,1,0,SINIESTRO DE UN SOLO VEHICULO / SIN COLISION,1,0,0,0,2022
2022-08-17,14,AU PERITO MORENO,ASCENDENTE,100,BUENO,SECA,1,0,COLISION CON DOS O MAS VEHICULOS,1,1,0,0,2022
2022-08-17,15,AU 25 DE MAYO,DESCENDENTE,1000,BUENO,SECA,0,0,COLISION CON DOS O MAS VEHICULOS,1,1,0,0,2022
2022-08-18,7,AU DELLEPIANE,ASCENDENTE,600,BUENO,SECA,1,0,COLISION CON DOS O MAS VEHICULOS,1,1,0,0,2022
2022-08-18,13,AV. LUGONES,DESCENDENTE,10000,BUENO,SECA,0,0,COLISION CON DOS O MAS VEHICULOS,0,3,0,0,2022
2022-08-19,10,AU 25 DE MAYO,ASCENDENTE,4500,BUENO,SECA,1,0,COLISION CON DOS O MAS VEHICULOS,1,0,0,1,2022
2022-08-19,19,AU DELLEPIANE,DESCENDENTE,2600,BUENO,SECA,0,0,COLISION CON DOS O MAS VEHICULOS,0,3,0,0,2022
2022-08-20,0,AU 25 DE MAYO,DESCENDENTE,2800,BUENO,SECA,0,0,COLISION CON DOS O MAS VEHICULOS,0,2,0,0,2022
2022-08-20,1,AU 25 DE MAYO,DESCENDENTE,9000,BUENO,SECA,0,0,OBSTACULO NO FIJO,0,1,0,0,2022
2022-08-20,5,AU CAMPORA,ASCENDENTE,2300,BUENO,SECA,0,0,COLISION CON OBSTACULO FIJO,0,1,0,0,2022
2022-08-20,14,AU DELLEPIANE,DESCENDENTE,2700,BUENO,SECA,0,0,COLISION CON DOS O MAS VEHICULOS,0,2,0,0,2022
2022-08-21,0,TRANSICION RAMAL 2,RAMAL DE ENLACE,-,BUENO,SECA,0,0,COLISION CON OBSTACULO FIJO,0,1,0,0,2022
2022-08-21,7,AU 25 DE MAYO,DESCENDENTE,5500,BUENO,SECA,0,0,COLISION CON DOS O MAS VEHICULOS,0,2,0,0,2022
2022-08-22,6,AU DELLEPIANE,ASCENDENTE,3400,BUENO,SECA,2,0,COLISION CON DOS O MAS VEHICULOS,1,1,0,0,2022
2022-08-22,14,AU PERITO MORENO,ASCENDENTE,4600,BUENO,SECA,1,0,COLISION CON DOS O MAS VEHICULOS,0,1,0,1,2022
2022-08-22,17,AU 25 DE MAYO,DESCENDENTE,800,BUENO,SECA,1,0,COLISION CON DOS O MAS VEHICULOS,1,0,0,0,2022
2022-08-22,18,AU 25 DE MAYO,DESCENDENTE,7000,BUENO,SECA,1,0,COLISION CON OBSTACULO FIJO,0,1,0,0,2022
2022-08-23,7,AU 25 DE MAYO,ASCENDENTE,3500,BUENO,SECA,0,0,COLISION CON DOS O MAS VEHICULOS,1,1,0,0,2022
2022-08-23,15,AU ILLIA,ASCENDENTE,2400,BUENO,SECA,1,0,COLISION CON DOS O MAS VEHICULOS,1,1,0,0,2022
2022-08-23,21,AV. LUGONES,DESCENDENTE,7600,BUENO,SECA,0,0,COLISION CON DOS O MAS VEHICULOS,0,3,0,0,2022
2022-08-24,8,AU DELLEPIANE,ASCENDENTE,4000,BUENO,SECA,1,0,COLISION CON DOS O MAS VEHICULOS,1,1,0,0,2022
2022-08-24,20,AU DELLEPIANE,DESCENDENTE,1000,BUENO,SECA,0,0,OBSTACULO NO FIJO,0,1,0,0,2022
2022-08-25,1,PASEO DEL BAJO,DIST. SUR - RAMAL 1,-,BUENO,SECA,0,0,COLISION CON OBSTACULO FIJO,0,1,0,0,2022
2022-08-25,6,AU PERITO MORENO,ASCENDENTE,4500,BUENO,SECA,0,0,OBSTACULO NO FIJO,0,1,0,0,2022
2022-08-25,18,AU ILLIA,ASCENDENTE,5300,BUENO,SECA,1,0,COLISION CON DOS O MAS VEHICULOS,1,1,0,0,2022
2022-08-26,7,AU ILLIA,DESCENDENTE,4000,"NIEBLA, BRUMA O HUMO",MOJADA/HUMEDA,0,0,OBSTACULO NO FIJO,0,6,0,0,2022
2022-08-26,13,AU ILLIA,ASCENDENTE,6500,BUENO,SECA,0,0,OBSTACULO NO FIJO,0,1,0,0,2022
2022-08-26,14,AU 25 DE MAYO,DESCENDENTE,2100,BUENO,SECA,0,0,COLISION CON DOS O MAS VEHICULOS,0,4,0,0,2022
2022-08-26,23,AV. CANTILO,ASCENDENTE,10300,LLUVIOSO,MOJADA/HUMEDA,0,0,SINIESTRO DE UN SOLO VEHICULO / SIN COLISION,1,0,0,0,2022
2022-08-27,7,AU DELLEPIANE,ASCENDENTE,2400,BUENO,MOJADA/HUMEDA,1,0,SINIESTRO DE UN SOLO VEHICULO / SIN COLISION,1,0,0,0,2022
2022-08-27,8,AU DELLEPIANE,DESCENDENTE,4600,BUENO,MOJADA/HUMEDA,1,0,COLISION CON DOS O MAS VEHICULOS,0,3,0,0,2022
2022-08-27,21,AU 25 DE MAYO,DESCENDENTE,7700,BUENO,SECA,1,0,COLISION CON DOS O MAS VEHICULOS,1,1,0,0,2022
2022-08-28,0,AU ILLIA,ASCENDENTE,3900,BUENO,SECA,0,0,COLISION CON DOS O MAS VEHICULOS,0,0,1,1,2022
2022-08-28,1,AU FRONDIZI,ASCENDENTE,2500,BUENO,SECA,0,0,COLISION CON DOS O MAS VEHICULOS,0,2,0,0,2022
2022-08-28,8,AV. LUGONES,DESCENDENTE,4800,BUENO,SECA,0,0,COLISION CON OBSTACULO FIJO,0,1,0,0,2022
2022-08-28,19,AV. CANTILO,ASCENDENTE,10400,BUENO,SECA,0,0,COLISION CON DOS O MAS VEHICULOS,0,1,0,0,2022
2022-08-29,9,AU PERITO MORENO,DESCENDENTE,5300,BUENO,SECA,0,0,COLISION CON DOS O MAS VEHICULOS,0,1,0,1,2022
2022-08-29,12,AU DELLEPIANE,ASCENDENTE,2600,BUENO,SECA,0,0,OBSTACULO NO FIJO,0,1,0,1,2022
2022-08-30,9,AU ILLIA,DESCENDENTE,1000,BUENO,SECA,0,0,COLISION CON DOS O MAS VEHICULOS,0,4,0,0,2022
2022-08-30,18,AV. CANTILO,ASCENDENTE,8600,BUENO,SECA,0,0,COLISION CON DOS O MAS VEHICULOS,1,1,0,0,2022
2022-08-31,15,DIST. 9 DE JULIO,RAMAL 2 BIS,-,BUENO,SECA,0,0,COLISION CON OBSTACULO FIJO,1,0,0,0,2022
2022-09-02,5,AU PERITO MORENO,DESCENDENTE,4000,BUENO,SECA,0,0,COLISION CON OBSTACULO FIJO,0,1,0,0,2022
2022-09-02,6,AU 25 DE MAYO,DESCENDENTE,9100,BUENO,SECA,1,0,COLISION CON DOS O MAS VEHICULOS,1,0,0,0,2022
2022-09-02,11,AU FRONDIZI,ASCENDENTE,1400,BUENO,SECA,1,0,SINIESTRO DE UN SOLO VEHICULO / SIN COLISION,1,0,0,0,2022
2022-09-03,5,AU FRONDIZI,DESCENDENTE,2800,BUENO,SECA,0,0,COLISION CON OBSTACULO FIJO,0,1,0,0,2022
2022-09-03,10,AU 25 DE MAYO,DESCENDENTE,5500,BUENO,SECA,0,0,OBSTACULO NO FIJO,0,1,0,0,2022
2022-09-03,11,AV. LUGONES,DESCENDENTE,8500,BUENO,SECA,2,0,SINIESTRO DE UN SOLO VEHICULO / SIN COLISION,1,0,0,0,2022
2022-09-04,21,AV. CANTILO,ASCENDENTE,8500,BUENO,SECA,0,0,OBSTACULO NO FIJO,0,1,0,0,2022
2022-09-04,22,AV. LUGONES,DESCENDENTE,4600,BUENO,SECA,6,0,OBSTACULO NO FIJO,0,3,0,0,2022
2022-09-05,1,AU 25 DE MAYO,DESCENDENTE,5700,BUENO,SECA,1,0,SINIESTRO DE UN SOLO VEHICULO / SIN COLISION,1,0,0,0,2022
2022-09-05,14,AU CAMPORA,DESCENDENTE,3400,BUENO,SECA,1,0,SINIESTRO DE UN SOLO VEHICULO / SIN COLISION,1,0,0,0,2022
2022-09-06,6,AU DELLEPIANE,ASCENDENTE,3500,BUENO,SECA,0,0,OBSTACULO NO FIJO,0,1,0,0,2022
2022-09-07,8,AV. LUGONES,DESCENDENTE,8800,BUENO,SECA,1,0,COLISION CON DOS O MAS VEHICULOS,0,3,0,0,2022
2022-09-07,14,AU 25 DE MAYO,DESCENDENTE,9000,BUENO,SECA,0,0,SINIESTRO DE UN SOLO VEHICULO / SIN COLISION,1,0,0,0,2022
2022-09-07,15,AU 25 DE MAYO,DESCENDENTE,8100,BUENO,SECA,1,0,COLISION CON DOS O MAS VEHICULOS,1,0,0,0,2022
2022-09-07,17,PTE. SCALABRINI ORTIZ,-,-,BUENO,SECA,1,0,COLISION CON DOS O MAS VEHICULOS,1,1,0,0,2022
2022-09-07,18,AV. LUGONES,DESCENDENTE,6000,BUENO,SECA,1,0,COLISION CON DOS O MAS VEHICULOS,1,1,0,0,2022
2022-09-07,18,AU PERITO MORENO,ASCENDENTE,1600,BUENO,SECA,2,0,COLISION CON OBSTACULO FIJO,0,2,0,0,2022
2022-09-07,22,AU PERITO MORENO,DESCENDENTE,5700,BUENO,SECA,0,0,OBSTACULO NO FIJO,0,2,0,0,2022
2022-09-08,1,AU DELLEPIANE,DESCENDENTE,0,BUENO,SECA,0,0,COLISION CON DOS O MAS VEHICULOS,0,2,0,0,2022
2022-09-08,1,AU PERITO MORENO,ASCENDENTE,2200,BUENO,SECA,0,0,COLISION CON OBSTACULO FIJO,0,1,0,0,2022
2022-09-08,13,AV. LUGONES,DESCENDENTE,4500,BUENO,SECA,0,0,COLISION CON DOS O MAS VEHICULOS,0,2,0,0,2022
2022-09-09,9,AU 25 DE MAYO,ASCENDENTE,3500,BUENO,SECA,1,0,COLISION CON DOS O MAS VEHICULOS,1,1,0,0,2022
2022-09-09,18,AV. CANTILO,ASCENDENTE,10000,BUENO,SECA,1,0,COLISION CON DOS O MAS VEHICULOS,1,1,0,0,2022
2022-09-10,5,AU ILLIA,DESCENDENTE,1400,BUENO,SECA,0,0,COLISION CON DOS O MAS VEHICULOS,0,3,0,0,2022
2022-09-10,14,TRANSICION RAMAL 3,RAMAL DE ENLACE,-,BUENO,SECA,1,0,COLISION CON OBSTACULO FIJO,1,0,0,0,2022
2022-09-11,7,AU 25 DE MAYO,ASCENDENTE,2800,BUENO,SECA,0,0,COLISION CON DOS O MAS VEHICULOS,0,1,0,0,2022
2022-09-12,3,AU CAMPORA,DESCENDENTE,1500,BUENO,SECA,0,0,COLISION CON OBSTACULO FIJO,0,1,0,0,2022
2022-09-12,7,AU DELLEPIANE,ASCENDENTE,400,BUENO,SECA,14,0,COLISION CON DOS O MAS VEHICULOS,0,1,1,1,2022
2022-09-12,19,AV. LUGONES,DESCENDENTE,4200,BUENO,SECA,1,0,OTRO,1,0,0,0,2022
2022-09-13,8,AU PERITO MORENO,DESCENDENTE,5400,BUENO,SECA,0,0,COLISION CON DOS O MAS VEHICULOS,1,1,0,1,2022
2022-09-13,16,AU DELLEPIANE,DESCENDENTE,1600,BUENO,SECA,1,0,COLISION CON DOS O MAS VEHICULOS,1,1,0,0,2022
2022-09-13,17,AV. LUGONES,DESCENDENTE,4300,BUENO,SECA,0,0,COLISION CON DOS O MAS VEHICULOS,0,0,0,1,2022
2022-09-13,18,AU 25 DE MAYO,DESCENDENTE,5400,BUENO,SECA,0,0,COLISION CON DOS O MAS VEHICULOS,0,2,0,0,2022
2022-09-14,8,AU 25 DE MAYO,ASCENDENTE,2900,BUENO,SECA,0,0,COLISION CON DOS O MAS VEHICULOS,1,1,0,0,2022
2022-09-14,10,AU ILLIA,ASCENDENTE,500,BUENO,SECA,1,0,COLISION CON DOS O MAS VEHICULOS,1,0,0,0,2022
2022-09-14,11,AV. LUGONES,DESCENDENTE,10300,BUENO,SECA,0,0,COLISION CON DOS O MAS VEHICULOS,0,1,0,1,2022
2022-09-14,12,AU DELLEPIANE,ASCENDENTE,1000,BUENO,SECA,0,0,COLISION CON DOS O MAS VEHICULOS,0,4,0,0,2022
2022-09-14,15,AU DELLEPIANE,DESCENDENTE,2400,BUENO,SECA,0,0,COLISION CON DOS O MAS VEHICULOS,0,1,0,1,2022
2022-09-14,17,AU 25 DE MAYO,DESCENDENTE,1900,BUENO,SECA,2,0,OBSTACULO NO FIJO,3,1,0,0,2022
2022-09-14,19,AU ILLIA,ASCENDENTE,6400,BUENO,SECA,0,0,COLISION CON DOS O MAS VEHICULOS,0,2,0,0,2022
2022-09-14,22,AU ILLIA,ASCENDENTE,2900,BUENO,SECA,0,0,OBSTACULO NO FIJO,0,1,0,0,2022
2022-09-15,5,AU 25 DE MAYO,DESCENDENTE,4700,BUENO,SECA,0,0,COLISION CON DOS O MAS VEHICULOS,0,1,0,1,2022
2022-09-15,8,AU PERITO MORENO,ASCENDENTE,5000,BUENO,SECA,0,0,COLISION CON DOS O MAS VEHICULOS,1,0,0,1,2022
2022-09-15,9,AU DELLEPIANE,ASCENDENTE,3400,BUENO,SECA,1,0,COLISION CON DOS O MAS VEHICULOS,0,3,0,0,2022
2022-09-15,15,AU DELLEPIANE,ASCENDENTE,4600,BUENO,SECA,1,0,COLISION CON DOS O MAS VEHICULOS,1,1,0,0,2022
2022-09-15,16,AV. CANTILO,ASCENDENTE,8600,BUENO,SECA,0,0,COLISION CON DOS O MAS VEHICULOS,0,1,0,0,2022
2022-09-16,1,AU 25 DE MAYO,ASCENDENTE,7900,BUENO,SECA,1,0,SINIESTRO DE UN SOLO VEHICULO / SIN COLISION,1,0,0,0,2022
2022-09-16,14,AU 25 DE MAYO,DESCENDENTE,9200,BUENO,SECA,0,0,COLISION CON DOS O MAS VEHICULOS,0,1,0,2,2022
2022-09-17,8,AV. CANTILO,ASCENDENTE,8000,BUENO,SECA,0,0,COLISION CON OBSTACULO FIJO,0,1,0,0,2022
2022-09-17,10,AU DELLEPIANE,DESCENDENTE,2800,BUENO,SECA,0,0,COLISION CON DOS O MAS VEHICULOS,0,4,0,0,2022
2022-09-17,11,AU DELLEPIANE,ASCENDENTE,3600,BUENO,SECA,0,0,COLISION CON DOS O MAS VEHICULOS,0,2,0,0,2022
2022-09-17,13,AU DELLEPIANE,DESCENDENTE,3200,BUENO,SECA,0,0,COLISION CON DOS O MAS VEHICULOS,0,1,0,0,2022
2022-09-18,12,AU PERITO MORENO,ASCENDENTE,2800,BUENO,SECA,1,0,OBSTACULO NO FIJO,0,2,0,0,2022
2022-09-18,12,AU ILLIA,DESCENDENTE,2400,BUENO,SECA,0,0,COLISION CON DOS O MAS VEHICULOS,0,2,0,0,2022
2022-09-18,14,AU PERITO MORENO,ASCENDENTE,1600,BUENO,SECA,0,0,COLISION CON DOS O MAS VEHICULOS,0,1,0,0,2022
2022-09-18,19,AU PERITO MORENO,ASCENDENTE,5400,BUENO,SECA,0,0,SINIESTRO DE UN SOLO VEHICULO / SIN COLISION,1,0,0,0,2022
2022-09-19,6,AU PERITO MORENO,ASCENDENTE,5400,BUENO,SECA,0,0,COLISION CON OBSTACULO FIJO,0,1,0,0,2022
2022-09-19,7,AU PERITO MORENO,DESCENDENTE,200,BUENO,SECA,2,0,COLISION CON DOS O MAS VEHICULOS,0,2,0,0,2022
2022-09-19,8,PASEO DEL BAJO,DIST. SUR - RAMAL 2,800,BUENO,SECA,0,0,COLISION CON OBSTACULO FIJO,0,0,0,1,2022
2022-09-19,14,AU FRONDIZI,DESCENDENTE,1800,BUENO,SECA,0,0,COLISION CON DOS O MAS VEHICULOS,0,1,1,1,2022
2022-09-19,17,TRANSICION RAMAL 3,RAMAL DE ENLACE,-,BUENO,SECA,0,0,COLISION CON DOS O MAS VEHICULOS,0,1,0,1,2022
2022-09-20,0,AU FRONDIZI,DESCENDENTE,3400,BUENO,SECA,0,0,OBSTACULO NO FIJO,0,1,0,0,2022
2022-09-20,6,AU 25 DE MAYO,ASCENDENTE,8300,BUENO,SECA,1,0,COLISION CON DOS O MAS VEHICULOS,1,1,0,0,2022
2022-09-20,7,AU DELLEPIANE,ASCENDENTE,2500,BUENO,SECA,1,0,COLISION CON DOS O MAS VEHICULOS,1,1,0,0,2022
2022-09-20,7,AV. CANTILO,ASCENDENTE,10100,BUENO,SECA,1,0,COLISION CON DOS O MAS VEHICULOS,1,1,0,0,2022
2022-09-20,9,AU ILLIA,DESCENDENTE,500,BUENO,SECA,0,0,COLISION CON DOS O MAS VEHICULOS,0,1,0,0,2022
2022-09-20,10,AU PERITO MORENO,DESCENDENTE,4500,BUENO,SECA,0,0,COLISION CON DOS O MAS VEHICULOS,0,1,0,1,2022
2022-09-21,6,AV. LUGONES,DESCENDENTE,10400,BUENO,SECA,1,0,COLISION CON DOS O MAS VEHICULOS,1,1,0,0,2022
2022-09-22,11,AU DELLEPIANE,ASCENDENTE,2800,BUENO,SECA,0,0,COLISION CON DOS O MAS VEHICULOS,0,4,0,0,2022
2022-09-22,13,AU CAMPORA,DESCENDENTE,1500,BUENO,SECA,0,0,COLISION CON DOS O MAS VEHICULOS,0,1,0,0,2022
2022-09-22,13,AU PERITO MORENO,ASCENDENTE,5400,BUENO,SECA,0,0,COLISION CON OBSTACULO FIJO,0,1,0,0,2022
2022-09-22,17,DIST. 9 DE JULIO,RAMAL 2 BIS,-,BUENO,SECA,1,0,COLISION CON OBSTACULO FIJO,1,0,0,0,2022
2022-09-22,19,AU ILLIA,ASCENDENTE,5900,LLUVIOSO,MOJADA/HUMEDA,0,0,COLISION CON OBSTACULO FIJO,0,1,0,0,2022
2022-09-22,20,AU PERITO MORENO,DESCENDENTE,2100,BUENO,SECA,0,0,COLISION CON DOS O MAS VEHICULOS,0,3,0,0,2022
2022-09-23,0,AU FRONDIZI,DESCENDENTE,2400,BUENO,SECA,1,0,OBSTACULO NO FIJO,1,0,0,0,2022
2022-09-23,10,AU DELLEPIANE,ASCENDENTE,900,BUENO,SECA,0,0,COLISION CON DOS O MAS VEHICULOS,0,1,0,0,2022
2022-09-23,16,AU 25 DE MAYO,ASCENDENTE,8100,BUENO,SECA,0,0,COLISION CON DOS O MAS VEHICULOS,1,0,0,0,2022
2022-09-23,18,AU DELLEPIANE,DESCENDENTE,2500,BUENO,SECA,1,0,COLISION CON DOS O MAS VEHICULOS,1,1,0,0,2022
2022-09-23,20,AU DELLEPIANE,DESCENDENTE,2700,BUENO,SECA,0,0,COLISION CON DOS O MAS VEHICULOS,0,4,0,0,2022
2022-09-24,5,AU ILLIA,ASCENDENTE,4500,BUENO,SECA,0,0,COLISION CON DOS O MAS VEHICULOS,0,1,0,1,2022
2022-09-24,12,AU 25 DE MAYO,DESCENDENTE,7000,BUENO,SECA,0,0,COLISION CON DOS O MAS VEHICULOS,0,1,0,0,2022
2022-09-24,21,AV. CANTILO,ASCENDENTE,8400,BUENO,SECA,1,0,COLISION CON DOS O MAS VEHICULOS,1,1,0,0,2022
2022-09-26,7,AV. LUGONES,DESCENDENTE,9500,BUENO,SECA,0,0,COLISION CON DOS O MAS VEHICULOS,2,0,0,0,2022
2022-09-27,1,AU 25 DE MAYO,ASCENDENTE,8700,BUENO,SECA,1,0,COLISION CON OBSTACULO FIJO,0,1,0,0,2022
2022-09-27,9,AU 25 DE MAYO,DESCENDENTE,-,BUENO,SECA,0,0,COLISION CON DOS O MAS VEHICULOS,0,1,0,0,2022
2022-09-27,9,DIST. DELLEPIANE,RAMAL 11,-,BUENO,SECA,0,0,COLISION CON DOS O MAS VEHICULOS,0,2,0,0,2022
2022-09-27,10,PASEO DEL BAJO,DESCENDENTE,3200,BUENO,SECA,1,0,COLISION CON DOS O MAS VEHICULOS,0,0,0,2,2022
2022-09-27,16,AU CAMPORA,DESCENDENTE,1000,BUENO,SECA,0,0,COLISION CON DOS O MAS VEHICULOS,0,1,0,0,2022
2022-09-27,20,AU 25 DE MAYO,DESCENDENTE,8500,BUENO,SECA,0,0,COLISION CON DOS O MAS VEHICULOS,0,1,0,1,2022
2022-09-28,7,AU PERITO MORENO,ASCENDENTE,0,BUENO,SECA,0,0,COLISION CON DOS O MAS VEHICULOS,0,1,0,0,2022
2022-09-28,10,TRANSICION RAMAL 2,RAMAL DE ENLACE,-,BUENO,SECA,0,0,COLISION CON DOS O MAS VEHICULOS,0,3,0,0,2022
2022-09-28,13,AU PERITO MORENO,ASCENDENTE,2300,BUENO,SECA,1,0,SINIESTRO DE UN SOLO VEHICULO / SIN COLISION,1,0,0,0,2022
2022-09-28,18,AU FRONDIZI,ASCENDENTE,2300,BUENO,SECA,1,0,COLISION CON DOS O MAS VEHICULOS,1,0,1,0,2022
2022-09-29,19,AU DELLEPIANE,DESCENDENTE,2500,BUENO,SECA,0,0,COLISION CON DOS O MAS VEHICULOS,0,3,0,0,2022
2022-09-30,6,AU PERITO MORENO,ASCENDENTE,3100,BUENO,SECA,2,0,SINIESTRO DE UN SOLO VEHICULO / SIN COLISION,1,0,0,0,2022
2022-09-30,11,AU PERITO MORENO,ASCENDENTE,1300,BUENO,SECA,1,0,COLISION CON DOS O MAS VEHICULOS,1,3,0,1,2022
2022-09-30,11,AU 25 DE MAYO,ASCENDENTE,8200,BUENO,SECA,1,0,COLISION CON DOS O MAS VEHICULOS,0,1,0,1,2022
2022-09-30,14,AU DELLEPIANE,ASCENDENTE,1900,BUENO,SECA,0,0,COLISION CON DOS O MAS VEHICULOS,0,1,0,0,2022
2022-09-30,19,AU 25 DE MAYO,DESCENDENTE,3400,BUENO,SECA,1,0,COLISION CON DOS O MAS VEHICULOS,0,2,0,0,2022
2022-09-30,21,AV. CANTILO,ASCENDENTE,9000,BUENO,SECA,0,0,SINIESTRO DE UN SOLO VEHICULO / SIN COLISION,1,0,0,0,2022
2022-10-01,15,AU 25 DE MAYO,DESCENDENTE,1700,BUENO,SECA,1,0,COLISION CON DOS O MAS VEHICULOS,1,1,0,0,2022
2022-10-01,19,AU CAMPORA,DESCENDENTE,3500,BUENO,SECA,0,0,OBSTACULO NO FIJO,0,2,0,0,2022
2022-10-01,23,AU PERITO MORENO,DESCENDENTE,5400,BUENO,SECA,0,0,COLISION CON OBSTACULO FIJO,0,0,1,0,2022
2022-10-02,1,AU PERITO MORENO,ASCENDENTE,5500,BUENO,SECA,0,0,OBSTACULO NO FIJO,0,2,0,0,2022
2022-10-02,4,AU DELLEPIANE,ASCENDENTE,1100,BUENO,SECA,2,0,COLISION CON OBSTACULO FIJO,0,1,0,0,2022
2022-10-02,18,AU PERITO MORENO,ASCENDENTE,3500,BUENO,SECA,1,0,COLISION CON DOS O MAS VEHICULOS,1,1,0,0,2022
2022-10-03,9,AU 25 DE MAYO,DESCENDENTE,1900,BUENO,SECA,1,0,COLISION CON DOS O MAS VEHICULOS,0,1,0,1,2022
2022-10-04,9,AU PERITO MORENO,ASCENDENTE,5600,BUENO,SECA,0,0,COLISION CON DOS O MAS VEHICULOS,0,2,0,0,2022
2022-10-04,14,PASEO DEL BAJO,DIST. SUR - RAMAL 1,-,BUENO,SECA,0,0,COLISION CON OBSTACULO FIJO,0,0,0,1,2022
2022-10-04,18,AV. LUGONES,DESCENDENTE,8300,BUENO,SECA,0,0,COLISION CON DOS O MAS VEHICULOS,0,2,0,0,2022
2022-10-05,4,AV. LUGONES,DESCENDENTE,10300,BUENO,SECA,1,0,COLISION CON OBSTACULO FIJO,0,1,0,0,2022
2022-10-05,9,AV. LUGONES,DESCENDENTE,4400,BUENO,SECA,0,0,COLISION CON DOS O MAS VEHICULOS,0,2,0,0,2022
2022-10-05,10,AU ILLIA,DESCENDENTE,2500,BUENO,SECA,0,0,COLISION CON DOS O MAS VEHICULOS,1,1,0,0,2022
2022-10-05,13,AU DELLEPIANE,DESCENDENTE,1500,BUENO,SECA,0,0,COLISION CON DOS O MAS VEHICULOS,0,2,0,0,2022
2022-10-05,13,AU DELLEPIANE,DESCENDENTE,2400,BUENO,SECA,1,0,COLISION CON DOS O MAS VEHICULOS,1,1,0,0,2022
2022-10-05,16,AV. CANTILO,ASCENDENTE,7900,BUENO,SECA,1,0,COLISION CON DOS O MAS VEHICULOS,1,0,0,1,2022
2022-10-06,9,AU 25 DE MAYO,ASCENDENTE,4500,BUENO,SECA,1,0,COLISION CON DOS O MAS VEHICULOS,1,1,0,0,2022
2022-10-06,17,AU 25 DE MAYO,DESCENDENTE,6100,BUENO,SECA,0,0,COLISION CON DOS O MAS VEHICULOS,0,1,0,0,2022
2022-10-07,10,AU DELLEPIANE,DESCENDENTE,3700,BUENO,SECA,0,0,COLISION CON DOS O MAS VEHICULOS,0,4,0,0,2022
2022-10-07,14,AV. CANTILO,ASCENDENTE,8200,BUENO,SECA,0,0,COLISION CON DOS O MAS VEHICULOS,0,2,0,0,2022
2022-10-09,6,AU FRONDIZI,DESCENDENTE,900,BUENO,SECA,1,0,COLISION CON OBSTACULO FIJO,1,0,0,0,2022
2022-10-10,1,AU 25 DE MAYO,ASCENDENTE,3500,BUENO,SECA,0,0,COLISION CON DOS O MAS VEHICULOS,0,2,0,0,2022
2022-10-10,5,AV. LUGONES,DESCENDENTE,9700,BUENO,SECA,1,0,COLISION CON OBSTACULO FIJO,1,0,0,0,2022
2022-10-11,10,AU DELLEPIANE,ASCENDENTE,300,BUENO,SECA,0,0,COLISION CON DOS O MAS VEHICULOS,0,3,0,0,2022
2022-10-11,12,AU DELLEPIANE,ASCENDENTE,1000,BUENO,SECA,1,0,COLISION CON DOS O MAS VEHICULOS,1,1,0,0,2022
2022-10-11,22,AV. CANTILO,ASCENDENTE,7500,BUENO,SECA,0,0,SINIESTRO DE UN SOLO VEHICULO / SIN COLISION,1,0,0,0,2022
2022-10-12,8,AV. LUGONES,DESCENDENTE,6300,BUENO,SECA,0,0,COLISION CON DOS O MAS VEHICULOS,1,1,0,1,2022
2022-10-12,9,AV. LUGONES,DESCENDENTE,7200,BUENO,SECA,0,0,COLISION CON DOS O MAS VEHICULOS,0,2,0,0,2022
2022-10-12,10,AU FRONDIZI,ASCENDENTE,3100,BUENO,SECA,0,0,COLISION CON DOS O MAS VEHICULOS,0,0,0,2,2022
2022-10-12,14,AV. CANTILO,ASCENDENTE,8500,BUENO,SECA,1,0,COLISION CON DOS O MAS VEHICULOS,1,1,0,0,2022
2022-10-12,18,AU 25 DE MAYO,ASCENDENTE,8700,BUENO,SECA,1,0,COLISION CON DOS O MAS VEHICULOS,1,1,0,0,2022
2022-10-13,7,AU 25 DE MAYO,ASCENDENTE,100,BUENO,SECA,1,0,COLISION CON DOS O MAS VEHICULOS,1,0,0,0,2022
2022-10-13,9,AV. LUGONES,DESCENDENTE,8700,BUENO,SECA,1,0,COLISION CON DOS O MAS VEHICULOS,1,1,0,0,2022
2022-10-13,12,AU 25 DE MAYO,DESCENDENTE,2400,BUENO,SECA,0,0,COLISION CON DOS O MAS VEHICULOS,0,4,0,0,2022
2022-10-13,15,AU 25 DE MAYO,DESCENDENTE,4600,BUENO,SECA,1,0,COLISION CON DOS O MAS VEHICULOS,1,0,0,0,2022
2022-10-13,16,AU PERITO MORENO,DESCENDENTE,400,BUENO,SECA,0,0,OBSTACULO NO FIJO,0,2,0,0,2022
2022-10-13,18,AV. LUGONES,DESCENDENTE,6100,BUENO,SECA,0,0,COLISION CON DOS O MAS VEHICULOS,0,2,0,0,2022
2022-10-13,21,AU 25 DE MAYO,DESCENDENTE,4800,BUENO,SECA,0,0,COLISION CON DOS O MAS VEHICULOS,0,1,0,1,2022
2022-10-14,6,AU DELLEPIANE,DESCENDENTE,1100,BUENO,SECA,1,0,COLISION CON DOS O MAS VEHICULOS,0,2,0,0,2022
2022-10-14,10,AV. CANTILO,ASCENDENTE,8800,BUENO,SECA,0,0,COLISION CON DOS O MAS VEHICULOS,0,2,0,0,2022
2022-10-14,18,AU 25 DE MAYO,DESCENDENTE,500,BUENO,SECA,2,0,COLISION CON DOS O MAS VEHICULOS,2,1,0,0,2022
2022-10-14,23,AU 25 DE MAYO,DESCENDENTE,4000,BUENO,SECA,2,0,COLISION CON DOS O MAS VEHICULOS,0,2,0,0,2022
2022-10-15,22,AU CAMPORA,ASCENDENTE,2800,BUENO,MOJADA/HUMEDA,0,0,COLISION CON OBSTACULO FIJO,0,1,0,0,2022
2022-10-16,6,AV. CANTILO,ASCENDENTE,10300,BUENO,SECA,0,0,COLISION CON OBSTACULO FIJO,0,1,0,0,2022
2022-10-16,15,AV. LUGONES,DESCENDENTE,8600,BUENO,SECA,0,0,COLISION CON DOS O MAS VEHICULOS,1,1,0,0,2022
2022-10-18,9,AU 25 DE MAYO,ASCENDENTE,1400,BUENO,SECA,0,0,OBSTACULO NO FIJO,1,1,0,0,2022
2022-10-19,8,AU FRONDIZI,ASCENDENTE,0,BUENO,SECA,3,0,COLISION CON DOS O MAS VEHICULOS,0,2,0,0,2022
2022-10-19,22,AU 25 DE MAYO,ASCENDENTE,7800,BUENO,SECA,0,0,COLISION CON OBSTACULO FIJO,0,0,0,1,2022
2022-10-20,8,AU PERITO MORENO,DESCENDENTE,4300,BUENO,SECA,0,0,COLISION CON OBSTACULO FIJO,0,1,0,0,2022
2022-10-20,15,AU PERITO MORENO,DESCENDENTE,2500,BUENO,SECA,0,0,COLISION CON DOS O MAS VEHICULOS,0,2,0,0,2022
2022-10-20,17,AU FRONDIZI,ASCENDENTE,3000,BUENO,SECA,0,0,OBSTACULO NO FIJO,0,2,0,0,2022
2022-10-21,1,AU ILLIA,ASCENDENTE,4000,BUENO,MOJADA/HUMEDA,0,0,OBSTACULO NO FIJO,0,1,0,0,2022
2022-10-22,3,AV. LUGONES,DESCENDENTE,6000,LLUVIOSO,MOJADA/HUMEDA,0,0,COLISION CON OBSTACULO FIJO,0,1,0,0,2022
2022-10-22,12,AU DELLEPIANE,DESCENDENTE,2700,BUENO,SECA,0,0,COLISION CON DOS O MAS VEHICULOS,0,4,0,0,2022
2022-10-23,2,AU ILLIA,ASCENDENTE,3400,BUENO,SECA,0,0,COLISION CON OBSTACULO FIJO,0,1,0,0,2022
2022-10-23,7,AU 25 DE MAYO,ASCENDENTE,1000,BUENO,SECA,0,0,COLISION CON DOS O MAS VEHICULOS,0,2,0,0,2022
2022-10-24,13,TRANSICION RAMAL 2,RAMAL DE ENLACE,-,BUENO,SECA,1,0,COLISION CON OBSTACULO FIJO,0,1,0,0,2022
2022-10-24,18,AU 25 DE MAYO,DESCENDENTE,1600,BUENO,SECA,0,0,COLISION CON DOS O MAS VEHICULOS,1,0,0,1,2022
2022-10-25,6,AU PERITO MORENO,ASCENDENTE,5400,BUENO,SECA,0,0,COLISION CON OBSTACULO FIJO,0,0,0,1,2022
2022-10-25,8,TRANSICION RAMAL 2,RAMAL DE ENLACE,-,BUENO,SECA,0,0,SINIESTRO DE UN SOLO VEHICULO / SIN COLISION,1,0,0,0,2022
2022-10-26,5,AU PERITO MORENO,ASCENDENTE,4000,BUENO,SECA,0,0,OBSTACULO NO FIJO,0,1,0,0,2022
2022-10-26,10,AV. LUGONES,DESCENDENTE,4800,BUENO,SECA,1,0,COLISION CON DOS O MAS VEHICULOS,1,2,0,0,2022
2022-10-26,14,AU FRONDIZI,DESCENDENTE,3000,BUENO,SECA,0,0,COLISION CON DOS O MAS VEHICULOS,1,1,0,0,2022
2022-10-26,17,AU 25 DE MAYO,DESCENDENTE,900,BUENO,SECA,1,0,COLISION CON DOS O MAS VEHICULOS,1,1,0,0,2022
2022-10-26,23,AV. CANTILO,ASCENDENTE,8700,BUENO,SECA,1,0,COLISION CON DOS O MAS VEHICULOS,0,1,0,1,2022
2022-10-27,11,AU PERITO MORENO,ASCENDENTE,400,BUENO,SECA,1,0,COLISION CON DOS O MAS VEHICULOS,1,1,0,0,2022
2022-10-27,16,AU DELLEPIANE,ASCENDENTE,3000,BUENO,SECA,0,0,COLISION CON DOS O MAS VEHICULOS,0,0,1,1,2022
2022-10-27,18,AU 25 DE MAYO,ASCENDENTE,7800,BUENO,SECA,0,0,COLISION CON DOS O MAS VEHICULOS,0,1,0,0,2022
2022-10-28,18,AU 25 DE MAYO,ASCENDENTE,8000,BUENO,SECA,0,0,COLISION CON DOS O MAS VEHICULOS,0,3,0,0,2022
2022-10-28,22,AU DELLEPIANE,ASCENDENTE,3800,BUENO,SECA,1,0,COLISION CON DOS O MAS VEHICULOS,0,2,0,0,2022
2022-10-29,7,AV. CANTILO,ASCENDENTE,9000,LLUVIOSO,MOJADA/HUMEDA,0,0,COLISION CON DOS O MAS VEHICULOS,0,1,0,0,2022
2022-10-29,11,AU 25 DE MAYO,DESCENDENTE,2600,BUENO,SECA,0,0,COLISION CON DOS O MAS VEHICULOS,0,2,0,0,2022
2022-10-29,17,AU ILLIA,ASCENDENTE,3700,BUENO,SECA,1,0,COLISION CON OBSTACULO FIJO,1,0,0,0,2022
2022-10-30,5,AV. LUGONES,DESCENDENTE,4700,BUENO,SECA,0,0,COLISION CON DOS O MAS VEHICULOS,0,1,0,0,2022
2022-10-30,6,AU 25 DE MAYO,DESCENDENTE,7900,BUENO,SECA,0,0,COLISION CON OBSTACULO FIJO,0,1,0,0,2022
2022-10-30,12,AV. LUGONES,DESCENDENTE,8900,LLUVIOSO,MOJADA/HUMEDA,0,0,COLISION CON OBSTACULO FIJO,0,1,0,0,2022
2022-10-31,7,AU DELLEPIANE,ASCENDENTE,500,BUENO,SECA,0,0,COLISION CON DOS O MAS VEHICULOS,0,2,0,0,2022
2022-11-01,6,AU DELLEPIANE,ASCENDENTE,4300,BUENO,SECA,0,0,COLISION CON OBSTACULO FIJO,0,1,0,0,2022
2022-11-01,9,AU DELLEPIANE,ASCENDENTE,2900,BUENO,SECA,0,0,COLISION CON DOS O MAS VEHICULOS,0,2,0,0,2022
2022-11-01,12,AU DELLEPIANE,ASCENDENTE,2500,BUENO,SECA,0,0,COLISION CON DOS O MAS VEHICULOS,0,2,0,0,2022
2022-11-02,7,AU 25 DE MAYO,DESCENDENTE,5400,BUENO,SECA,0,0,COLISION CON DOS O MAS VEHICULOS,0,2,0,0,2022
2022-11-02,17,AU FRONDIZI,ASCENDENTE,3200,BUENO,SECA,1,0,COLISION CON DOS O MAS VEHICULOS,1,1,0,0,2022
2022-11-03,7,AU 25 DE MAYO,ASCENDENTE,100,BUENO,SECA,0,0,COLISION CON DOS O MAS VEHICULOS,1,1,0,0,2022
2022-11-03,10,AU DELLEPIANE,ASCENDENTE,2800,BUENO,SECA,0,0,COLISION CON DOS O MAS VEHICULOS,0,1,0,0,2022
2022-11-03,12,AU DELLEPIANE,ASCENDENTE,2800,BUENO,SECA,0,0,COLISION CON DOS O MAS VEHICULOS,0,3,0,0,2022
2022-11-03,17,AU DELLEPIANE,DESCENDENTE,3000,BUENO,SECA,0,0,COLISION CON DOS O MAS VEHICULOS,1,2,0,0,2022
2022-11-03,18,AU 25 DE MAYO,DESCENDENTE,6600,BUENO,SECA,1,0,COLISION CON DOS O MAS VEHICULOS,1,4,0,0,2022
2022-11-04,8,AU DELLEPIANE,DESCENDENTE,4300,BUENO,SECA,0,0,COLISION CON DOS O MAS VEHICULOS,0,2,0,0,2022
2022-11-04,12,AV. LUGONES,DESCENDENTE,4500,BUENO,SECA,0,0,COLISION CON DOS O MAS VEHICULOS,1,1,0,0,2022
2022-11-04,14,AU ILLIA,ASCENDENTE,4300,BUENO,SECA,0,0,COLISION CON OBSTACULO FIJO,0,1,0,0,2022
2022-11-04,14,AU 25 DE MAYO,DESCENDENTE,900,BUENO,SECA,1,0,SINIESTRO DE UN SOLO VEHICULO / SIN COLISION,1,0,0,0,2022
2022-11-04,16,AU PERITO MORENO,DESCENDENTE,800,BUENO,SECA,0,0,COLISION CON DOS O MAS VEHICULOS,0,1,0,0,2022
2022-11-04,17,AV. LUGONES,DESCENDENTE,8800,BUENO,SECA,0,0,COLISION CON DOS O MAS VEHICULOS,0,2,0,0,2022
2022-11-05,20,AU DELLEPIANE,ASCENDENTE,1000,BUENO,SECA,0,0,COLISION CON DOS O MAS VEHICULOS,0,2,0,0,2022
2022-11-07,9,AV. LUGONES,DESCENDENTE,6000,BUENO,SECA,1,0,COLISION CON DOS O MAS VEHICULOS,1,1,0,0,2022
2022-11-08,15,AU 25 DE MAYO,DESCENDENTE,4600,BUENO,SECA,0,0,COLISION CON DOS O MAS VEHICULOS,0,2,0,1,2022
2022-11-08,19,AU PERITO MORENO,DESCENDENTE,1100,BUENO,SECA,0,0,COLISION CON DOS O MAS VEHICULOS,0,1,0,0,2022
2022-11-09,7,AV. LUGONES,DESCENDENTE,8500,BUENO,SECA,0,0,COLISION CON DOS O MAS VEHICULOS,0,1,0,0,2022
2022-11-09,9,AV. CANTILO,ASCENDENTE,9000,BUENO,SECA,0,0,OBSTACULO NO FIJO,0,1,0,0,2022
2022-11-09,20,AU PERITO MORENO,ASCENDENTE,3000,BUENO,SECA,0,0,COLISION CON DOS O MAS VEHICULOS,0,2,0,0,2022
2022-11-09,21,AU CAMPORA,DESCENDENTE,1600,BUENO,SECA,1,0,OBSTACULO NO FIJO,1,0,0,0,2022
2022-11-10,6,AU 25 DE MAYO,ASCENDENTE,1100,BUENO,SECA,1,0,COLISION CON DOS O MAS VEHICULOS,1,1,0,0,2022
2022-11-10,8,AU DELLEPIANE,ASCENDENTE,4200,BUENO,SECA,1,0,COLISION CON DOS O MAS VEHICULOS,1,1,0,0,2022
2022-11-10,22,AU DELLEPIANE,ASCENDENTE,3500,BUENO,SECA,1,0,COLISION CON DOS O MAS VEHICULOS,0,1,0,1,2022
2022-11-11,2,TRANSICION RAMAL 2,RAMAL DE ENLACE,-,BUENO,SECA,0,0,COLISION CON OBSTACULO FIJO,0,1,0,1,2022
2022-11-11,21,AU DELLEPIANE,DESCENDENTE,3800,BUENO,SECA,2,0,COLISION CON DOS O MAS VEHICULOS,1,1,0,0,2022
2022-11-11,23,PASEO DEL BAJO,DESCENDENTE,2700,BUENO,SECA,0,0,COLISION CON DOS O MAS VEHICULOS,0,0,0,2,2022
2022-11-12,4,AU ILLIA,ASCENDENTE,4000,BUENO,SECA,3,0,COLISION CON OBSTACULO FIJO,0,1,0,0,2022
2022-11-13,7,AU PERITO MORENO,DESCENDENTE,5500,BUENO,SECA,0,0,COLISION CON OBSTACULO FIJO,0,0,1,0,2022
2022-11-13,21,DIST. DELLEPIANE,RAMAL 11,-,LLUVIOSO,MOJADA/HUMEDA,0,0,COLISION CON OBSTACULO FIJO,0,1,0,0,2022
2022-11-13,21,AU ILLIA,ASCENDENTE,5500,LLUVIOSO,MOJADA/HUMEDA,0,0,COLISION CON OBSTACULO FIJO,0,1,0,0,2022
2022-11-14,7,AU ILLIA,DESCENDENTE,2400,BUENO,MOJADA/HUMEDA,0,0,COLISION CON OBSTACULO FIJO,0,0,0,1,2022
2022-11-14,11,AU FRONDIZI,DESCENDENTE,1000,BUENO,SECA,0,0,COLISION CON DOS O MAS VEHICULOS,0,1,0,1,2022
2022-11-14,14,AV. CANTILO,ASCENDENTE,8000,BUENO,SECA,2,0,COLISION CON DOS O MAS VEHICULOS,0,2,0,1,2022
2022-11-14,15,AU CAMPORA,ASCENDENTE,3000,LLUVIOSO,MOJADA/HUMEDA,1,0,COLISION CON DOS O MAS VEHICULOS,1,1,0,0,2022
2022-11-15,7,AU DELLEPIANE,ASCENDENTE,3000,BUENO,SECA,0,0,COLISION CON DOS O MAS VEHICULOS,0,2,0,1,2022
2022-11-15,13,AV. CANTILO,ASCENDENTE,8500,BUENO,SECA,0,0,COLISION CON DOS O MAS VEHICULOS,0,2,0,0,2022
2022-11-15,19,AU 25 DE MAYO,DESCENDENTE,2000,BUENO,SECA,1,0,COLISION CON DOS O MAS VEHICULOS,1,1,0,0,2022
2022-11-18,7,AU 25 DE MAYO,ASCENDENTE,3500,BUENO,SECA,0,0,OBSTACULO NO FIJO,1,1,0,0,2022
2022-11-18,20,AU PERITO MORENO,DESCENDENTE,5800,BUENO,SECA,1,0,SINIESTRO DE UN SOLO VEHICULO / SIN COLISION,1,0,0,0,2022
2022-11-19,2,AU 25 DE MAYO,DESCENDENTE,8500,BUENO,SECA,1,0,COLISION CON DOS O MAS VEHICULOS,1,1,0,0,2022
2022-11-19,10,AU PERITO MORENO,DESCENDENTE,3300,BUENO,SECA,0,0,COLISION CON DOS O MAS VEHICULOS,0,2,0,0,2022
2022-11-19,13,AU PERITO MORENO,DESCENDENTE,1500,BUENO,SECA,0,0,COLISION CON DOS O MAS VEHICULOS,0,1,0,1,2022
2022-11-19,18,AU DELLEPIANE,DESCENDENTE,3500,BUENO,SECA,0,0,COLISION CON OBSTACULO FIJO,0,0,0,1,2022
2022-11-20,6,AU PERITO MORENO,ASCENDENTE,5300,BUENO,SECA,0,0,COLISION CON OBSTACULO FIJO,0,1,0,0,2022
2022-11-20,22,AU PERITO MORENO,ASCENDENTE,3300,LLUVIOSO,MOJADA/HUMEDA,3,1,COLISION CON DOS O MAS VEHICULOS,0,2,0,0,2022
2022-11-22,9,AU 25 DE MAYO,ASCENDENTE,4100,BUENO,SECA,1,0,SINIESTRO DE UN SOLO VEHICULO / SIN COLISION,1,0,0,0,2022
2022-11-22,11,AU 25 DE MAYO,DESCENDENTE,4500,BUENO,SECA,0,0,OBSTACULO NO FIJO,0,2,0,0,2022
2022-11-22,20,AU 25 DE MAYO,DESCENDENTE,5500,BUENO,SECA,0,0,COLISION CON OBSTACULO FIJO,0,1,0,0,2022
2022-11-23,0,AU 25 DE MAYO,DESCENDENTE,0,BUENO,SECA,0,0,COLISION CON DOS O MAS VEHICULOS,0,1,0,1,2022
2022-11-23,12,AV. LUGONES,DESCENDENTE,8300,BUENO,SECA,0,0,COLISION CON DOS O MAS VEHICULOS,0,2,0,0,2022
2022-11-23,14,AU DELLEPIANE,ASCENDENTE,3000,BUENO,SECA,0,0,OBSTACULO NO FIJO,0,1,0,0,2022
2022-11-23,14,AU DELLEPIANE,DESCENDENTE,2500,BUENO,SECA,1,0,COLISION CON DOS O MAS VEHICULOS,0,2,0,0,2022
2022-11-23,19,AU DELLEPIANE,DESCENDENTE,1800,BUENO,SECA,0,0,COLISION CON DOS O MAS VEHICULOS,0,2,0,0,2022
2022-11-24,7,AU ILLIA,DESCENDENTE,2200,BUENO,SECA,1,0,COLISION CON DOS O MAS VEHICULOS,0,2,0,0,2022
2022-11-24,15,PASEO DEL BAJO,ASCENDENTE,1500,BUENO,SECA,0,0,COLISION CON DOS O MAS VEHICULOS,0,0,0,2,2022
2022-11-24,15,AU FRONDIZI,DESCENDENTE,2000,BUENO,SECA,1,0,COLISION CON OBSTACULO FIJO,1,0,0,0,2022
2022-11-24,17,AV. LUGONES,DESCENDENTE,7400,BUENO,SECA,1,0,SINIESTRO DE UN SOLO VEHICULO / SIN COLISION,0,0,0,1,2022
2022-11-25,7,AU ILLIA,DESCENDENTE,400,BUENO,SECA,1,0,COLISION CON DOS O MAS VEHICULOS,2,0,0,0,2022
2022-11-25,14,AV. LUGONES,DESCENDENTE,8500,BUENO,SECA,0,0,COLISION CON DOS O MAS VEHICULOS,0,3,0,0,2022
2022-11-25,14,AV. LUGONES,DESCENDENTE,9800,BUENO,SECA,0,0,COLISION CON DOS O MAS VEHICULOS,2,0,0,0,2022
2022-11-25,17,AU PERITO MORENO,DESCENDENTE,3400,BUENO,SECA,0,0,SINIESTRO DE UN SOLO VEHICULO / SIN COLISION,1,0,0,0,2022
2022-11-25,18,AU 25 DE MAYO,ASCENDENTE,5400,BUENO,SECA,0,0,COLISION CON OBSTACULO FIJO,0,1,0,0,2022
2022-11-26,16,AU FRONDIZI,DESCENDENTE,3000,BUENO,SECA,1,0,OBSTACULO NO FIJO,1,0,0,1,2022
2022-11-26,21,AU FRONDIZI,ASCENDENTE,3400,BUENO,SECA,0,0,COLISION CON DOS O MAS VEHICULOS,0,3,0,0,2022
2022-11-26,22,AU FRONDIZI,ASCENDENTE,3400,BUENO,SECA,0,0,COLISION CON DOS O MAS VEHICULOS,0,2,0,0,2022
2022-11-27,8,AU FRONDIZI,DESCENDENTE,2800,BUENO,SECA,0,0,COLISION CON OBSTACULO FIJO,0,1,0,0,2022
2022-11-27,14,AU FRONDIZI,DESCENDENTE,3100,BUENO,SECA,0,0,COLISION CON OBSTACULO FIJO,0,1,0,0,2022
2022-11-29,9,TRANSICION RAMAL 2,RAMAL DE ENLACE,700,BUENO,SECA,2,0,SINIESTRO DE UN SOLO VEHICULO / SIN COLISION,1,0,0,0,2022
2022-11-29,18,AU FRONDIZI,DESCENDENTE,3300,BUENO,SECA,0,0,COLISION CON DOS O MAS VEHICULOS,1,1,0,0,2022
2022-11-30,8,AU DELLEPIANE,ASCENDENTE,3400,BUENO,SECA,1,0,SINIESTRO DE UN SOLO VEHICULO / SIN COLISION,1,0,0,0,2022
2022-11-30,9,AU ILLIA,DESCENDENTE,900,BUENO,SECA,0,0,COLISION CON DOS O MAS VEHICULOS,0,3,0,0,2022
2022-11-30,12,AU DELLEPIANE,DESCENDENTE,3400,BUENO,SECA,1,0,COLISION CON OBSTACULO FIJO,1,0,0,0,2022
2022-11-30,12,DIST. 9 DE JULIO,RAMAL 3,-,BUENO,SECA,1,0,SINIESTRO DE UN SOLO VEHICULO / SIN COLISION,1,0,0,0,2022
2022-11-30,15,AU PERITO MORENO,ASCENDENTE,2900,BUENO,SECA,0,0,COLISION CON OBSTACULO FIJO,0,1,0,0,2022
2022-11-30,19,AU 25 DE MAYO,DESCENDENTE,9000,BUENO,SECA,0,0,COLISION CON OBSTACULO FIJO,0,1,0,0,2022
2022-12-02,6,AU PERITO MORENO,ASCENDENTE,5600,BUENO,SECA,0,0,OBSTACULO NO FIJO,0,1,0,0,2022
2022-12-02,12,AU FRONDIZI,ASCENDENTE,100,BUENO,SECA,0,0,OBSTACULO NO FIJO,1,1,0,0,2022
2022-12-02,16,AU DELLEPIANE,DESCENDENTE,2800,BUENO,SECA,0,0,COLISION CON DOS O MAS VEHICULOS,0,4,0,0,2022
2022-12-02,16,TRANSICION RAMAL 3,RAMAL DE ENLACE,-,BUENO,SECA,0,0,COLISION CON OBSTACULO FIJO,1,0,0,0,2022
2022-12-03,6,AU PERITO MORENO,DESCENDENTE,900,BUENO,SECA,0,0,COLISION CON OBSTACULO FIJO,0,3,0,0,2022
2022-12-03,6,AU PERITO MORENO,ASCENDENTE,5500,BUENO,SECA,0,0,COLISION CON DOS O MAS VEHICULOS,0,1,0,1,2022
2022-12-03,8,AV. CANTILO,ASCENDENTE,9200,BUENO,SECA,0,0,COLISION CON DOS O MAS VEHICULOS,0,3,0,0,2022
2022-12-03,15,AU 25 DE MAYO,ASCENDENTE,1700,BUENO,SECA,0,0,OBSTACULO NO FIJO,0,1,0,0,2022
2022-12-04,8,AU DELLEPIANE,ASCENDENTE,4600,BUENO,SECA,0,0,COLISION CON DOS O MAS VEHICULOS,0,1,0,0,2022
2022-12-05,0,AU 25 DE MAYO,DESCENDENTE,6800,BUENO,SECA,0,0,COLISION CON OBSTACULO FIJO,0,1,0,0,2022
2022-12-05,10,AU PERITO MORENO,ASCENDENTE,500,BUENO,SECA,0,0,COLISION CON DOS O MAS VEHICULOS,0,1,0,1,2022
2022-12-05,10,AU 25 DE MAYO,ASCENDENTE,100,BUENO,SECA,1,0,SINIESTRO DE UN SOLO VEHICULO / SIN COLISION,1,0,0,0,2022
2022-12-05,12,AV. LUGONES,DESCENDENTE,4500,BUENO,SECA,0,0,COLISION CON DOS O MAS VEHICULOS,0,2,0,0,2022
2022-12-05,14,AU 25 DE MAYO,DESCENDENTE,8700,BUENO,SECA,1,0,OBSTACULO NO FIJO,1,0,0,2,2022
2022-12-05,18,AU 25 DE MAYO,DESCENDENTE,400,BUENO,SECA,0,0,COLISION CON DOS O MAS VEHICULOS,1,1,0,0,2022
2022-12-06,6,AU 25 DE MAYO,ASCENDENTE,7400,BUENO,SECA,1,0,COLISION CON DOS O MAS VEHICULOS,1,1,0,0,2022
2022-12-06,10,AU ILLIA,DESCENDENTE,2400,BUENO,SECA,2,0,COLISION CON DOS O MAS VEHICULOS,1,1,0,0,2022
2022-12-06,20,AV. CANTILO,ASCENDENTE,8600,BUENO,SECA,1,0,COLISION CON DOS O MAS VEHICULOS,1,1,0,0,2022
2022-12-07,7,AV. LUGONES,DESCENDENTE,8900,BUENO,SECA,0,0,COLISION CON DOS O MAS VEHICULOS,0,2,0,1,2022
2022-12-07,10,AU DELLEPIANE,ASCENDENTE,4100,BUENO,SECA,0,0,COLISION CON DOS O MAS VEHICULOS,0,2,0,0,2022
2022-12-07,11,AV. LUGONES,DESCENDENTE,9500,BUENO,SECA,1,0,SINIESTRO DE UN SOLO VEHICULO / SIN COLISION,1,0,0,0,2022
2022-12-07,15,AU FRONDIZI,DESCENDENTE,1400,BUENO,SECA,1,0,SINIESTRO DE UN SOLO VEHICULO / SIN COLISION,1,0,0,0,2022
2022-12-07,15,AU PERITO MORENO,ASCENDENTE,2700,BUENO,SECA,0,1,COLISION CON OBSTACULO FIJO,1,0,0,0,2022
2022-12-08,14,AU PERITO MORENO,DESCENDENTE,1500,BUENO,SECA,0,0,COLISION CON OBSTACULO FIJO,0,1,0,0,2022
2022-12-08,22,AU DELLEPIANE,DESCENDENTE,600,BUENO,SECA,0,0,COLISION CON DOS O MAS VEHICULOS,1,1,0,0,2022
2022-12-09,13,AU PERITO MORENO,DESCENDENTE,2000,BUENO,SECA,1,0,COLISION CON OBSTACULO FIJO,0,1,0,0,2022
2022-12-09,21,AU ILLIA,ASCENDENTE,4200,LLUVIOSO,MOJADA/HUMEDA,0,0,COLISION CON OBSTACULO FIJO,0,1,0,0,2022
2022-12-12,8,AU DELLEPIANE,ASCENDENTE,1100,BUENO,SECA,0,0,COLISION CON DOS O MAS VEHICULOS,0,1,0,0,2022
2022-12-12,10,AU 25 DE MAYO,ASCENDENTE,4700,BUENO,SECA,1,0,COLISION CON DOS O MAS VEHICULOS,1,1,0,0,2022
2022-12-12,13,AU 25 DE MAYO,ASCENDENTE,9000,BUENO,SECA,1,0,COLISION CON OBSTACULO FIJO,1,0,0,0,2022
2022-12-13,13,AU ILLIA,DESCENDENTE,1200,BUENO,SECA,0,0,COLISION CON DOS O MAS VEHICULOS,0,2,0,0,2022
2022-12-13,15,AU FRONDIZI,DESCENDENTE,2000,BUENO,SECA,0,0,COLISION CON DOS O MAS VEHICULOS,0,2,0,0,2022
2022-12-14,14,AU 25 DE MAYO,ASCENDENTE,1000,BUENO,SECA,0,0,COLISION CON DOS O MAS VEHICULOS,0,2,0,0,2022
2022-12-15,8,AU DELLEPIANE,ASCENDENTE,4500,BUENO,SECA,0,0,COLISION CON DOS O MAS VEHICULOS,0,1,0,1,2022
2022-12-15,13,AU ILLIA,DESCENDENTE,2100,BUENO,SECA,0,0,OBSTACULO NO FIJO,0,1,1,0,2022
2022-12-16,12,AU DELLEPIANE,ASCENDENTE,4100,BUENO,SECA,0,0,COLISION CON DOS O MAS VEHICULOS,1,1,0,0,2022
2022-12-16,13,AU DELLEPIANE,DESCENDENTE,3000,BUENO,SECA,0,0,COLISION CON DOS O MAS VEHICULOS,0,1,0,0,2022
2022-12-17,7,AU DELLEPIANE,DESCENDENTE,2300,BUENO,SECA,0,0,SINIESTRO DE UN SOLO VEHICULO / SIN COLISION,0,1,0,0,2022
2022-12-17,11,AU 25 DE MAYO,DESCENDENTE,500,BUENO,SECA,2,0,COLISION CON DOS O MAS VEHICULOS,0,2,0,1,2022
2022-12-17,21,AU DELLEPIANE,ASCENDENTE,3800,BUENO,SECA,3,0,COLISION CON DOS O MAS VEHICULOS,0,2,0,0,2022
2022-12-18,15,AU 25 DE MAYO,ASCENDENTE,8000,BUENO,SECA,2,0,COLISION CON DOS O MAS VEHICULOS,0,2,0,0,2022
2022-12-18,22,AU 25 DE MAYO,DESCENDENTE,8000,BUENO,SECA,0,0,COLISION CON DOS O MAS VEHICULOS,1,1,0,0,2022
2022-12-18,22,AU FRONDIZI,ASCENDENTE,3100,BUENO,SECA,1,0,COLISION CON DOS O MAS VEHICULOS,0,4,0,0,2022
2022-12-19,5,AU ILLIA,ASCENDENTE,3000,BUENO,SECA,1,0,COLISION CON OBSTACULO FIJO,1,0,0,0,2022
2022-12-19,7,AU 25 DE MAYO,ASCENDENTE,200,BUENO,SECA,1,0,COLISION CON DOS O MAS VEHICULOS,1,1,0,0,2022
2022-12-20,2,AU 25 DE MAYO,DESCENDENTE,7000,BUENO,SECA,2,0,SINIESTRO DE UN SOLO VEHICULO / SIN COLISION,1,0,0,0,2022
2022-12-20,7,AU PERITO MORENO,ASCENDENTE,5300,BUENO,SECA,0,0,SINIESTRO DE UN SOLO VEHICULO / SIN COLISION,1,0,0,0,2022
2022-12-21,8,AU PERITO MORENO,DESCENDENTE,3600,BUENO,SECA,0,0,OBSTACULO NO FIJO,0,1,0,1,2022
2022-12-21,10,AU PERITO MORENO,DESCENDENTE,2700,BUENO,SECA,1,0,COLISION CON OBSTACULO FIJO,0,1,0,0,2022
2022-12-21,10,AU DELLEPIANE,DESCENDENTE,2000,BUENO,SECA,0,0,COLISION CON DOS O MAS VEHICULOS,0,4,0,0,2022
2022-12-21,19,AU DELLEPIANE,ASCENDENTE,2000,BUENO,SECA,5,0,COLISION CON DOS O MAS VEHICULOS,0,1,0,0,2022
2022-12-22,9,AU 25 DE MAYO,DESCENDENTE,3700,BUENO,SECA,0,0,OBSTACULO NO FIJO,0,2,0,0,2022
2022-12-22,9,AU 25 DE MAYO,ASCENDENTE,7900,BUENO,SECA,0,0,OBSTACULO NO FIJO,0,2,0,0,2022
2022-12-22,13,AV. LUGONES,DESCENDENTE,9500,BUENO,SECA,0,0,COLISION CON DOS O MAS VEHICULOS,0,2,0,0,2022
2022-12-22,15,AU DELLEPIANE,ASCENDENTE,1000,BUENO,SECA,0,0,COLISION CON DOS O MAS VEHICULOS,0,4,0,0,2022
2022-12-22,17,AU 25 DE MAYO,DESCENDENTE,9000,BUENO,SECA,0,0,COLISION CON DOS O MAS VEHICULOS,0,2,0,0,2022
2022-12-22,18,AU DELLEPIANE,DESCENDENTE,4500,BUENO,SECA,1,0,SINIESTRO DE UN SOLO VEHICULO / SIN COLISION,1,0,0,0,2022
2022-12-23,8,AV. CANTILO,ASCENDENTE,10300,BUENO,SECA,0,0,COLISION CON DOS O MAS VEHICULOS,0,2,0,0,2022
2022-12-23,9,AU DELLEPIANE,DESCENDENTE,2900,BUENO,SECA,1,0,SINIESTRO DE UN SOLO VEHICULO / SIN COLISION,1,0,0,0,2022
2022-12-23,15,AU PERITO MORENO,ASCENDENTE,300,BUENO,SECA,0,0,SINIESTRO DE UN SOLO VEHICULO / SIN COLISION,1,0,0,0,2022
2022-12-24,1,AU FRONDIZI,ASCENDENTE,1500,LLUVIOSO,MOJADA/HUMEDA,0,0,COLISION CON OBSTACULO FIJO,0,1,0,0,2022
2022-12-24,5,AU PERITO MORENO,DESCENDENTE,4500,LLUVIOSO,MOJADA/HUMEDA,0,0,COLISION CON DOS O MAS VEHICULOS,0,2,0,0,2022
2022-12-24,7,AV. CANTILO,ASCENDENTE,7800,BUENO,MOJADA/HUMEDA,0,0,COLISION CON DOS O MAS VEHICULOS,0,3,0,0,2022
2022-12-25,3,AU 25 DE MAYO,ASCENDENTE,200,BUENO,SECA,0,0,COLISION CON DOS O MAS VEHICULOS,0,2,0,0,2022
2022-12-26,7,AU FRONDIZI,ASCENDENTE,2400,BUENO,SECA,0,0,COLISION CON OBSTACULO FIJO,0,1,0,0,2022
2022-12-26,9,AU 25 DE MAYO,DESCENDENTE,7700,BUENO,SECA,1,0,SINIESTRO DE UN SOLO VEHICULO / SIN COLISION,1,0,0,0,2022
2022-12-26,9,AU 25 DE MAYO,DESCENDENTE,7400,BUENO,SECA,0,0,COLISION CON DOS O MAS VEHICULOS,0,1,0,1,2022
2022-12-27,16,AV. CANTILO,ASCENDENTE,7100,BUENO,SECA,1,0,SINIESTRO DE UN SOLO VEHICULO / SIN COLISION,1,0,0,0,2022
2022-12-28,7,AU ILLIA,DESCENDENTE,1500,BUENO,SECA,0,0,COLISION CON DOS O MAS VEHICULOS,0,2,0,0,2022
2022-12-28,9,AU FRONDIZI,ASCENDENTE,3100,BUENO,SECA,1,0,COLISION CON DOS O MAS VEHICULOS,1,1,0,0,2022
2022-12-28,9,AU CAMPORA,ASCENDENTE,3400,BUENO,SECA,0,0,OBSTACULO NO FIJO,0,1,0,1,2022
2022-12-29,6,AU 25 DE MAYO,ASCENDENTE,8100,BUENO,SECA,0,0,COLISION CON OBSTACULO FIJO,1,0,0,0,2022
2022-12-29,6,AU CAMPORA,ASCENDENTE,0,BUENO,SECA,1,0,COLISION CON DOS O MAS VEHICULOS,0,2,0,0,2022
2022-12-29,11,AU 25 DE MAYO,ASCENDENTE,9000,BUENO,SECA,0,0,OBSTACULO NO FIJO,0,1,0,0,2022
2022-12-30,12,AU DELLEPIANE,DESCENDENTE,2500,BUENO,SECA,0,0,COLISION CON DOS O MAS VEHICULOS,0,2,0,0,2022
2022-12-30,13,AU 25 DE MAYO,DESCENDENTE,5600,BUENO,SECA,0,0,COLISION CON DOS O MAS VEHICULOS,0,3,0,0,2022
2022-12-31,6,AU ILLIA,DESCENDENTE,2900,BUENO,SECA,1,0,OBSTACULO NO FIJO,1,1,0,0,2022
2/1/2023,8,DIST. 9 DE JULIO,RAMAL 2,-,BUENO,SECA,1,0,SINIESTRO DE UN SOLO VEHICULO / SIN COLISION,1,0,0,0,2023
3/1/2023,14,AV. CANTILO,ASCENDENTE,9700,BUENO,SECA,1,0,COLISION CON DOS O MAS VEHICULOS,0,2,0,0,2023
3/1/2023,14,AU DELLEPIANE,DESCENDENTE,1200,BUENO,SECA,0,0,OBSTACULO NO FIJO,0,1,0,0,2023
5/1/2023,14,AU FRONDIZI,DESCENDENTE,1000,BUENO,SECA,1,0,COLISION CON DOS O MAS VEHICULOS,1,1,0,0,2023
5/1/2023,17,AU 25 DE MAYO,DESCENDENTE,1000,BUENO,SECA,1,0,COLISION CON DOS O MAS VEHICULOS,1,1,0,0,2023
5/1/2023,18,AU 25 DE MAYO,DESCENDENTE,4600,BUENO,SECA,1,0,COLISION CON DOS O MAS VEHICULOS,1,1,0,0,2023
6/1/2023,0,AU 25 DE MAYO,DESCENDENTE,4500,BUENO,SECA,0,0,SINIESTRO DE UN SOLO VEHICULO / SIN COLISION,0,1,0,0,2023
6/1/2023,10,AU DELLEPIANE,DESCENDENTE,1500,BUENO,SECA,0,0,COLISION CON DOS O MAS VEHICULOS,1,1,0,0,2023
6/1/2023,20,AU 25 DE MAYO,DESCENDENTE,8500,BUENO,SECA,0,0,OBSTACULO NO FIJO,0,1,0,0,2023
6/1/2023,21,AV. LUGONES,DESCENDENTE,4400,BUENO,SECA,0,0,COLISION CON DOS O MAS VEHICULOS,0,1,0,1,2023
6/1/2023,21,AU DELLEPIANE,ASCENDENTE,1800,BUENO,SECA,1,0,COLISION CON DOS O MAS VEHICULOS,0,1,0,1,2023
8/1/2023,16,AU DELLEPIANE,DESCENDENTE,2300,BUENO,SECA,0,0,COLISION CON OBSTACULO FIJO,0,1,0,0,2023
9/1/2023,1,AU 25 DE MAYO,ASCENDENTE,8700,BUENO,SECA,0,0,COLISION CON DOS O MAS VEHICULOS,0,1,0,1,2023
9/1/2023,5,AU 25 DE MAYO,ASCENDENTE,5000,BUENO,SECA,0,0,OBSTACULO NO FIJO,0,2,1,0,2023
9/1/2023,14,AU 25 DE MAYO,ASCENDENTE,8200,BUENO,SECA,0,0,COLISION CON DOS O MAS VEHICULOS,1,1,0,0,2023
9/1/2023,18,AU DELLEPIANE,DESCENDENTE,1900,BUENO,SECA,0,0,COLISION CON DOS O MAS VEHICULOS,0,3,0,0,2023
9/1/2023,18,AU FRONDIZI,ASCENDENTE,2200,BUENO,SECA,0,0,COLISION CON OBSTACULO FIJO,0,1,0,0,2023
10/1/2023,13,AU CAMPORA,ASCENDENTE,3000,BUENO,SECA,1,0,COLISION CON OBSTACULO FIJO,0,1,0,0,2023
10/1/2023,17,AU 25 DE MAYO,DESCENDENTE,9000,BUENO,SECA,0,0,COLISION CON DOS O MAS VEHICULOS,0,2,0,0,2023
11/1/2023,11,AU DELLEPIANE,ASCENDENTE,1500,BUENO,SECA,0,1,COLISION CON DOS O MAS VEHICULOS,1,1,0,1,2023
12/1/2023,10,AU 25 DE MAYO,ASCENDENTE,2500,BUENO,SECA,1,0,SINIESTRO DE UN SOLO VEHICULO / SIN COLISION,1,0,0,0,2023
12/1/2023,18,AU 25 DE MAYO,ASCENDENTE,8800,BUENO,SECA,5,0,COLISION CON DOS O MAS VEHICULOS,0,5,0,2,2023
13/1/2023,2,AU 25 DE MAYO,ASCENDENTE,4200,BUENO,SECA,1,0,COLISION CON OBSTACULO FIJO,0,1,0,0,2023
13/1/2023,6,AU 25 DE MAYO,DESCENDENTE,1100,BUENO,SECA,0,0,OBSTACULO NO FIJO,0,0,1,0,2023
13/1/2023,20,AU PERITO MORENO,DESCENDENTE,3700,BUENO,SECA,0,0,SINIESTRO DE UN SOLO VEHICULO / SIN COLISION,0,1,0,0,2023
13/1/2023,21,AU 25 DE MAYO,DESCENDENTE,2300,BUENO,SECA,0,0,COLISION CON OBSTACULO FIJO,0,1,0,0,2023
14/1/2023,3,AU PERITO MORENO,DESCENDENTE,900,BUENO,SECA,1,0,COLISION CON OBSTACULO FIJO,0,1,0,0,2023
14/1/2023,14,AU PERITO MORENO,DESCENDENTE,2600,BUENO,SECA,0,0,OBSTACULO NO FIJO,0,1,0,0,2023
14/1/2023,15,TRANSICION RAMAL 3,RAMAL DE ENLACE,-,BUENO,SECA,0,0,COLISION CON DOS O MAS VEHICULOS,0,2,0,0,2023
15/1/2023,4,AU 25 DE MAYO,DESCENDENTE,4800,BUENO,SECA,0,0,COLISION CON OBSTACULO FIJO,0,1,0,0,2023
15/1/2023,11,AU PERITO MORENO,DESCENDENTE,800,BUENO,SECA,0,0,COLISION CON OBSTACULO FIJO,0,1,0,0,2023
15/1/2023,15,AU DELLEPIANE,ASCENDENTE,800,BUENO,SECA,0,0,COLISION CON DOS O MAS VEHICULOS,0,2,0,0,2023
16/1/2023,4,AU PERITO MORENO,DESCENDENTE,2500,BUENO,SECA,0,0,COLISION CON OBSTACULO FIJO,0,1,0,0,2023
16/1/2023,13,AU PERITO MORENO,DESCENDENTE,1000,BUENO,SECA,0,0,OBSTACULO NO FIJO,0,1,0,0,2023
16/1/2023,20,AU ILLIA,ASCENDENTE,4800,BUENO,SECA,0,0,SINIESTRO DE UN SOLO VEHICULO / SIN COLISION,1,0,0,0,2023
17/1/2023,5,AU PERITO MORENO,ASCENDENTE,5400,BUENO,SECA,1,0,COLISION CON DOS O MAS VEHICULOS,1,0,0,1,2023
17/1/2023,12,AU PERITO MORENO,DESCENDENTE,3500,BUENO,SECA,4,0,COLISION CON DOS O MAS VEHICULOS,0,2,0,0,2023
18/1/2023,8,TRANSICION RAMAL 2,RAMAL DE ENLACE,-,BUENO,SECA,0,0,COLISION CON DOS O MAS VEHICULOS,0,1,0,0,2023
18/1/2023,9,AU 25 DE MAYO,ASCENDENTE,1900,BUENO,SECA,1,0,OBSTACULO NO FIJO,1,0,0,0,2023
19/1/2023,16,AU 25 DE MAYO,DESCENDENTE,4700,BUENO,SECA,1,0,COLISION CON DOS O MAS VEHICULOS,1,0,0,1,2023
20/1/2023,1,AU FRONDIZI,ASCENDENTE,2000,BUENO,SECA,0,0,COLISION CON DOS O MAS VEHICULOS,0,2,0,0,2023
20/1/2023,9,AU 25 DE MAYO,DESCENDENTE,0,BUENO,SECA,0,0,COLISION CON DOS O MAS VEHICULOS,0,0,1,1,2023
20/1/2023,11,AU ILLIA,ASCENDENTE,6300,BUENO,SECA,0,0,OBSTACULO NO FIJO,0,1,0,1,2023
20/1/2023,14,AU PERITO MORENO,DESCENDENTE,5000,BUENO,SECA,1,0,SINIESTRO DE UN SOLO VEHICULO / SIN COLISION,1,0,0,0,2023
20/1/2023,15,AU 25 DE MAYO,DESCENDENTE,2800,BUENO,SECA,0,0,COLISION CON DOS O MAS VEHICULOS,0,2,0,0,2023
21/1/2023,0,AU ILLIA,DESCENDENTE,2500,BUENO,MOJADA/HUMEDA,0,1,COLISION CON OBSTACULO FIJO,0,0,0,1,2023
21/1/2023,7,AU CAMPORA,ASCENDENTE,1500,BUENO,SECA,0,0,OBSTACULO NO FIJO,0,1,0,0,2023
23/1/2023,5,AU 25 DE MAYO,ASCENDENTE,1800,BUENO,SECA,2,0,COLISION CON DOS O MAS VEHICULOS,1,1,0,0,2023
25/1/2023,2,DIST. DELLEPIANE,RAMAL 11,-,BUENO,SECA,0,0,COLISION CON OBSTACULO FIJO,0,1,0,0,2023
25/1/2023,17,AV. CANTILO,ASCENDENTE,7400,BUENO,SECA,0,0,COLISION CON DOS O MAS VEHICULOS,0,1,0,0,2023
25/1/2023,19,AV. LUGONES,DESCENDENTE,4500,BUENO,SECA,0,0,COLISION CON DOS O MAS VEHICULOS,0,2,0,0,2023
26/1/2023,8,AU DELLEPIANE,ASCENDENTE,300,BUENO,SECA,1,0,COLISION CON DOS O MAS VEHICULOS,1,1,0,0,2023
27/1/2023,1,AU PERITO MORENO,DESCENDENTE,2600,BUENO,SECA,0,0,COLISION CON OBSTACULO FIJO,0,1,0,0,2023
27/1/2023,4,AU 25 DE MAYO,DESCENDENTE,5500,BUENO,SECA,0,0,OBSTACULO NO FIJO,0,1,0,0,2023
27/1/2023,17,AU DELLEPIANE,DESCENDENTE,2200,BUENO,SECA,0,0,COLISION CON DOS O MAS VEHICULOS,0,4,0,0,2023
29/1/2023,7,AU 25 DE MAYO,DESCENDENTE,2900,BUENO,SECA,0,0,COLISION CON DOS O MAS VEHICULOS,0,2,0,0,2023
29/1/2023,15,AV. LUGONES,DESCENDENTE,7500,BUENO,SECA,0,0,SINIESTRO DE UN SOLO VEHICULO / SIN COLISION,1,0,0,0,2023
30/1/2023,15,AU 25 DE MAYO,DESCENDENTE,4400,BUENO,SECA,0,0,COLISION CON DOS O MAS VEHICULOS,0,1,0,2,2023
30/1/2023,17,AV. LUGONES,DESCENDENTE,6000,BUENO,SECA,0,0,COLISION CON DOS O MAS VEHICULOS,1,1,0,0,2023
31/1/2023,9,AU ILLIA,ASCENDENTE,6700,BUENO,SECA,0,0,OBSTACULO NO FIJO,0,1,0,0,2023
31/1/2023,11,AU 25 DE MAYO,DESCENDENTE,7000,BUENO,SECA,0,0,OBSTACULO NO FIJO,0,1,0,0,2023
31/1/2023,13,AU 25 DE MAYO,DESCENDENTE,400,BUENO,SECA,0,0,COLISION CON DOS O MAS VEHICULOS,0,1,1,0,2023
31/1/2023,19,AU FRONDIZI,DESCENDENTE,0,BUENO,SECA,1,0,SINIESTRO DE UN SOLO VEHICULO / SIN COLISION,1,0,0,0,2023
1/2/2023,9,AU FRONDIZI,ASCENDENTE,3100,BUENO,SECA,0,0,COLISION CON DOS O MAS VEHICULOS,0,2,0,0,2023
1/2/2023,10,AU FRONDIZI,DESCENDENTE,2000,BUENO,SECA,0,0,COLISION CON OBSTACULO FIJO,0,1,0,0,2023
1/2/2023,10,AV. LUGONES,DESCENDENTE,9900,BUENO,SECA,0,0,COLISION CON DOS O MAS VEHICULOS,0,2,0,0,2023
1/2/2023,12,AU 25 DE MAYO,DESCENDENTE,2700,BUENO,SECA,0,0,COLISION CON DOS O MAS VEHICULOS,0,1,0,1,2023
1/2/2023,16,AU 25 DE MAYO,DESCENDENTE,2100,BUENO,SECA,0,0,COLISION CON DOS O MAS VEHICULOS,0,3,0,0,2023
1/2/2023,16,AU 25 DE MAYO,ASCENDENTE,5700,BUENO,SECA,1,0,SINIESTRO DE UN SOLO VEHICULO / SIN COLISION,1,0,0,0,2023
2/2/2023,11,AU 25 DE MAYO,ASCENDENTE,9000,BUENO,SECA,0,0,OBSTACULO NO FIJO,0,1,0,0,2023
2/2/2023,19,AU ILLIA,DESCENDENTE,1600,BUENO,SECA,2,0,SINIESTRO DE UN SOLO VEHICULO / SIN COLISION,1,0,0,0,2023
2/2/2023,20,AU DELLEPIANE,ASCENDENTE,4500,BUENO,SECA,0,0,COLISION CON DOS O MAS VEHICULOS,0,0,1,1,2023
3/2/2023,6,AU CAMPORA,DESCENDENTE,1400,LLUVIOSO,MOJADA/HUMEDA,1,0,COLISION CON DOS O MAS VEHICULOS,0,1,0,2,2023
3/2/2023,7,AU 25 DE MAYO,ASCENDENTE,2400,BUENO,SECA,0,0,SINIESTRO DE UN SOLO VEHICULO / SIN COLISION,1,0,0,0,2023
3/2/2023,9,AV. LUGONES,DESCENDENTE,10100,BUENO,SECA,1,0,SINIESTRO DE UN SOLO VEHICULO / SIN COLISION,1,0,0,0,2023
4/2/2023,8,AU FRONDIZI,DESCENDENTE,2500,BUENO,SECA,0,0,COLISION CON OBSTACULO FIJO,0,1,0,0,2023
5/2/2023,0,AU FRONDIZI,ASCENDENTE,1000,BUENO,SECA,0,0,OBSTACULO NO FIJO,0,2,0,0,2023
6/2/2023,10,AU 25 DE MAYO,DESCENDENTE,1000,BUENO,SECA,0,0,OBSTACULO NO FIJO,0,1,0,0,2023
6/2/2023,13,AU 25 DE MAYO,DESCENDENTE,4500,BUENO,SECA,0,0,COLISION CON DOS O MAS VEHICULOS,0,1,0,0,2023
6/2/2023,20,AU PERITO MORENO,ASCENDENTE,5400,BUENO,SECA,0,0,COLISION CON OBSTACULO FIJO,0,0,0,1,2023
6/2/2023,21,AU DELLEPIANE,ASCENDENTE,800,BUENO,SECA,1,0,COLISION CON DOS O MAS VEHICULOS,0,3,1,0,2023
7/2/2023,0,AU ILLIA,DESCENDENTE,0,BUENO,SECA,0,0,COLISION CON DOS O MAS VEHICULOS,0,2,0,0,2023
8/2/2023,8,AU DELLEPIANE,DESCENDENTE,4200,BUENO,SECA,0,0,OBSTACULO NO FIJO,0,1,0,0,2023
8/2/2023,11,AU 25 DE MAYO,ASCENDENTE,1100,BUENO,SECA,1,0,COLISION CON DOS O MAS VEHICULOS,2,0,0,0,2023
9/2/2023,11,AU 25 DE MAYO,DESCENDENTE,0,BUENO,SECA,1,0,COLISION CON DOS O MAS VEHICULOS,1,1,0,0,2023
9/2/2023,12,AU PERITO MORENO,ASCENDENTE,3000,BUENO,SECA,0,0,OBSTACULO NO FIJO,0,1,0,1,2023
9/2/2023,17,AU 25 DE MAYO,DESCENDENTE,5500,BUENO,SECA,0,0,COLISION CON DOS O MAS VEHICULOS,0,1,0,1,2023
9/2/2023,18,AU DELLEPIANE,DESCENDENTE,2300,BUENO,SECA,0,0,COLISION CON DOS O MAS VEHICULOS,2,0,0,0,2023
10/2/2023,9,AU 25 DE MAYO,ASCENDENTE,6000,BUENO,SECA,1,0,COLISION CON DOS O MAS VEHICULOS,1,1,0,0,2023
10/2/2023,13,AV. LUGONES,DESCENDENTE,5600,BUENO,SECA,1,0,SINIESTRO DE UN SOLO VEHICULO / SIN COLISION,1,0,0,0,2023
10/2/2023,15,AU DELLEPIANE,DESCENDENTE,3000,BUENO,SECA,0,0,COLISION CON DOS O MAS VEHICULOS,0,2,0,0,2023
10/2/2023,17,AU DELLEPIANE,ASCENDENTE,4000,BUENO,SECA,0,0,COLISION CON DOS O MAS VEHICULOS,1,1,0,0,2023
10/2/2023,21,AU DELLEPIANE,DESCENDENTE,4400,BUENO,SECA,1,0,COLISION CON DOS O MAS VEHICULOS,1,0,0,0,2023
11/2/2023,0,AU 25 DE MAYO,ASCENDENTE,1700,BUENO,SECA,1,0,COLISION CON OBSTACULO FIJO,1,0,0,0,2023
11/2/2023,10,AU DELLEPIANE,DESCENDENTE,4600,BUENO,SECA,1,0,COLISION CON DOS O MAS VEHICULOS,0,2,0,0,2023
11/2/2023,16,AU 25 DE MAYO,DESCENDENTE,8000,BUENO,SECA,0,0,OBSTACULO NO FIJO,0,1,0,0,2023
12/2/2023,2,AV. LUGONES,DESCENDENTE,10200,BUENO,SECA,0,0,COLISION CON OBSTACULO FIJO,0,1,0,0,2023
12/2/2023,14,PASEO DEL BAJO,DESCENDENTE,6800,BUENO,SECA,0,0,COLISION CON OBSTACULO FIJO,1,0,0,0,2023
12/2/2023,20,AU FRONDIZI,DESCENDENTE,3000,BUENO,SECA,0,0,COLISION CON DOS O MAS VEHICULOS,1,1,0,0,2023
13/2/2023,21,AU ILLIA,ASCENDENTE,2400,BUENO,SECA,1,0,OBSTACULO NO FIJO,0,1,0,0,2023
15/2/2023,13,AU FRONDIZI,DESCENDENTE,3000,BUENO,SECA,2,0,COLISION CON DOS O MAS VEHICULOS,0,3,0,0,2023
15/2/2023,17,AU 25 DE MAYO,DESCENDENTE,8400,BUENO,SECA,2,0,COLISION CON DOS O MAS VEHICULOS,1,1,0,0,2023
15/2/2023,19,AV. LUGONES,DESCENDENTE,6300,BUENO,SECA,0,0,COLISION CON DOS O MAS VEHICULOS,0,1,0,0,2023
16/2/2023,8,AU 25 DE MAYO,ASCENDENTE,0,LLUVIOSO,MOJADA/HUMEDA,0,0,COLISION CON DOS O MAS VEHICULOS,0,3,0,0,2023
17/2/2023,9,AU 25 DE MAYO,ASCENDENTE,1800,BUENO,SECA,1,0,COLISION CON DOS O MAS VEHICULOS,1,2,0,0,2023
17/2/2023,13,AU 25 DE MAYO,DESCENDENTE,2400,BUENO,SECA,1,0,COLISION CON DOS O MAS VEHICULOS,0,3,0,0,2023
17/2/2023,15,AU 25 DE MAYO,DESCENDENTE,6000,BUENO,SECA,0,0,COLISION CON DOS O MAS VEHICULOS,0,1,0,1,2023
18/2/2023,6,AU DELLEPIANE,DESCENDENTE,3500,BUENO,SECA,3,0,COLISION CON DOS O MAS VEHICULOS,0,2,1,0,2023
18/2/2023,20,AU FRONDIZI,DESCENDENTE,1900,BUENO,SECA,1,0,SINIESTRO DE UN SOLO VEHICULO / SIN COLISION,1,0,0,0,2023
19/2/2023,16,AV. LUGONES,DESCENDENTE,4500,BUENO,SECA,0,0,COLISION CON DOS O MAS VEHICULOS,0,2,0,0,2023
22/2/2023,9,AU 25 DE MAYO,ASCENDENTE,4500,BUENO,SECA,2,0,COLISION CON DOS O MAS VEHICULOS,2,0,0,0,2023
22/2/2023,9,AU 25 DE MAYO,ASCENDENTE,800,BUENO,SECA,0,0,COLISION CON DOS O MAS VEHICULOS,0,1,0,1,2023
22/2/2023,10,AU 25 DE MAYO,ASCENDENTE,6900,BUENO,SECA,0,0,COLISION CON DOS O MAS VEHICULOS,0,1,0,1,2023
23/2/2023,6,AU 25 DE MAYO,ASCENDENTE,1800,BUENO,SECA,1,0,COLISION CON DOS O MAS VEHICULOS,1,1,0,0,2023
23/2/2023,17,AU PERITO MORENO,ASCENDENTE,5400,BUENO,SECA,0,0,COLISION CON DOS O MAS VEHICULOS,0,3,0,0,2023
23/2/2023,20,AU PERITO MORENO,DESCENDENTE,4700,BUENO,SECA,0,0,SINIESTRO DE UN SOLO VEHICULO / SIN COLISION,1,0,0,0,2023
24/2/2023,8,TRANSICION RAMAL 2,RAMAL DE ENLACE,-,BUENO,SECA,1,0,COLISION CON OBSTACULO FIJO,1,0,0,0,2023
25/2/2023,19,AU 25 DE MAYO,DESCENDENTE,8000,BUENO,SECA,1,0,COLISION CON DOS O MAS VEHICULOS,1,0,0,0,2023
26/2/2023,15,AU 25 DE MAYO,DESCENDENTE,4400,BUENO,SECA,0,0,OBSTACULO NO FIJO,0,1,0,0,2023
27/2/2023,7,AU FRONDIZI,ASCENDENTE,1900,BUENO,SECA,1,0,COLISION CON DOS O MAS VEHICULOS,1,1,0,0,2023
28/2/2023,14,PASEO DEL BAJO,ASCENDENTE,1250,BUENO,SECA,0,0,OBSTACULO NO FIJO,0,0,0,2,2023
28/2/2023,16,AU 25 DE MAYO,DESCENDENTE,4500,BUENO,SECA,1,0,COLISION CON OBSTACULO FIJO,1,0,0,0,2023
1/3/2023,4,AU 25 DE MAYO,DESCENDENTE,1400,BUENO,SECA,1,0,COLISION CON DOS O MAS VEHICULOS,0,2,0,0,2023
1/3/2023,12,AV. LUGONES,DESCENDENTE,9800,BUENO,SECA,0,0,COLISION CON DOS O MAS VEHICULOS,0,2,0,0,2023
1/3/2023,18,AU DELLEPIANE,DESCENDENTE,3500,BUENO,SECA,1,0,COLISION CON DOS O MAS VEHICULOS,1,1,0,0,2023
2/3/2023,14,AU PERITO MORENO,ASCENDENTE,5300,BUENO,SECA,0,0,OBSTACULO NO FIJO,0,1,0,0,2023
2/3/2023,16,AU 25 DE MAYO,DESCENDENTE,6000,BUENO,SECA,1,0,COLISION CON DOS O MAS VEHICULOS,2,1,0,0,2023
2/3/2023,17,AU 25 DE MAYO,DESCENDENTE,2100,BUENO,SECA,1,0,COLISION CON DOS O MAS VEHICULOS,1,1,0,0,2023
2/3/2023,19,AU DELLEPIANE,ASCENDENTE,600,BUENO,SECA,2,0,COLISION CON DOS O MAS VEHICULOS,0,2,0,0,2023
2/3/2023,20,AU PERITO MORENO,DESCENDENTE,3500,BUENO,SECA,1,0,COLISION CON DOS O MAS VEHICULOS,1,1,0,0,2023
2/3/2023,21,AU 25 DE MAYO,DESCENDENTE,3500,BUENO,SECA,0,0,OBSTACULO NO FIJO,0,4,0,0,2023
3/3/2023,7,AU 25 DE MAYO,ASCENDENTE,2300,BUENO,SECA,0,0,SINIESTRO DE UN SOLO VEHICULO / SIN COLISION,1,0,0,0,2023
3/3/2023,9,AV. LUGONES,DESCENDENTE,6000,BUENO,SECA,1,0,COLISION CON DOS O MAS VEHICULOS,1,0,0,0,2023
3/3/2023,9,AU 25 DE MAYO,ASCENDENTE,7000,BUENO,SECA,1,0,COLISION CON DOS O MAS VEHICULOS,1,2,0,0,2023
3/3/2023,12,AV. CANTILO,ASCENDENTE,8000,BUENO,SECA,0,0,COLISION CON DOS O MAS VEHICULOS,0,2,0,0,2023
3/3/2023,13,AU 25 DE MAYO,DESCENDENTE,2200,BUENO,SECA,1,0,COLISION CON DOS O MAS VEHICULOS,0,3,0,0,2023
3/3/2023,17,AU 25 DE MAYO,ASCENDENTE,9000,BUENO,SECA,0,0,COLISION CON DOS O MAS VEHICULOS,0,1,0,0,2023
4/3/2023,12,AU DELLEPIANE,DESCENDENTE,3000,BUENO,SECA,0,0,COLISION CON DOS O MAS VEHICULOS,0,1,0,0,2023
4/3/2023,14,AU ILLIA,DESCENDENTE,3000,BUENO,SECA,0,0,OBSTACULO NO FIJO,0,1,0,0,2023
4/3/2023,20,AU DELLEPIANE,ASCENDENTE,3800,BUENO,SECA,0,0,COLISION CON OBSTACULO FIJO,0,1,0,0,2023
4/3/2023,22,AU PERITO MORENO,DESCENDENTE,2900,BUENO,SECA,0,0,COLISION CON OBSTACULO FIJO,0,2,0,0,2023
4/3/2023,22,AU ILLIA,DESCENDENTE,2400,BUENO,SECA,0,0,OBSTACULO NO FIJO,0,1,0,0,2023
5/3/2023,19,AU PERITO MORENO,ASCENDENTE,1100,BUENO,SECA,6,0,COLISION CON DOS O MAS VEHICULOS,0,2,0,0,2023
6/3/2023,2,AU DELLEPIANE,DESCENDENTE,2800,BUENO,SECA,1,0,SINIESTRO DE UN SOLO VEHICULO / SIN COLISION,1,0,0,0,2023
6/3/2023,8,TRANSICION RAMAL 2,RAMAL DE ENLACE,-,BUENO,SECA,2,0,COLISION CON DOS O MAS VEHICULOS,1,0,0,1,2023
6/3/2023,13,AV. LUGONES,DESCENDENTE,5200,BUENO,SECA,0,0,SINIESTRO DE UN SOLO VEHICULO / SIN COLISION,1,0,0,0,2023
6/3/2023,15,AU 25 DE MAYO,DESCENDENTE,2700,BUENO,SECA,0,0,COLISION CON DOS O MAS VEHICULOS,0,2,0,0,2023
7/3/2023,8,AU DELLEPIANE,ASCENDENTE,1900,BUENO,SECA,0,0,COLISION CON DOS O MAS VEHICULOS,0,2,0,0,2023
7/3/2023,20,AU PERITO MORENO,ASCENDENTE,5400,BUENO,SECA,0,0,OBSTACULO NO FIJO,0,2,0,0,2023
8/3/2023,7,AU DELLEPIANE,ASCENDENTE,500,BUENO,SECA,0,0,COLISION CON DOS O MAS VEHICULOS,0,1,0,1,2023
8/3/2023,13,AU ILLIA,ASCENDENTE,3000,BUENO,SECA,0,0,SINIESTRO DE UN SOLO VEHICULO / SIN COLISION,1,0,0,0,2023
8/3/2023,14,AV. CANTILO,ASCENDENTE,9300,BUENO,SECA,0,0,COLISION CON DOS O MAS VEHICULOS,0,2,0,0,2023
8/3/2023,17,AU 25 DE MAYO,DESCENDENTE,4500,BUENO,SECA,1,0,COLISION CON DOS O MAS VEHICULOS,2,0,0,1,2023
9/3/2023,3,AU 25 DE MAYO,DESCENDENTE,2000,BUENO,SECA,1,0,COLISION CON OBSTACULO FIJO,1,0,0,0,2023
9/3/2023,7,AU 25 DE MAYO,ASCENDENTE,9000,BUENO,SECA,0,0,COLISION CON DOS O MAS VEHICULOS,1,1,0,0,2023
9/3/2023,8,AU 25 DE MAYO,DESCENDENTE,2500,BUENO,SECA,0,0,OBSTACULO NO FIJO,0,1,0,0,2023
9/3/2023,17,AU 25 DE MAYO,ASCENDENTE,9300,BUENO,SECA,4,0,COLISION CON DOS O MAS VEHICULOS,0,0,1,1,2023
10/3/2023,7,AU 25 DE MAYO,ASCENDENTE,4500,BUENO,SECA,1,0,COLISION CON DOS O MAS VEHICULOS,1,0,0,1,2023
10/3/2023,11,AU 25 DE MAYO,DESCENDENTE,8700,BUENO,SECA,0,0,COLISION CON DOS O MAS VEHICULOS,0,1,0,1,2023
10/3/2023,11,AU FRONDIZI,ASCENDENTE,1000,BUENO,SECA,0,0,COLISION CON DOS O MAS VEHICULOS,0,2,0,0,2023
10/3/2023,12,DIST. 9 DE JULIO,RAMAL 2,-,BUENO,SECA,0,0,COLISION CON OBSTACULO FIJO,0,1,0,0,2023
12/3/2023,6,AU ILLIA,ASCENDENTE,2000,BUENO,SECA,0,0,COLISION CON OBSTACULO FIJO,0,1,0,0,2023
12/3/2023,8,AU DELLEPIANE,ASCENDENTE,600,BUENO,SECA,1,0,SINIESTRO DE UN SOLO VEHICULO / SIN COLISION,1,0,0,0,2023
13/3/2023,2,AU 25 DE MAYO,DESCENDENTE,5600,BUENO,SECA,0,0,COLISION CON OBSTACULO FIJO,0,1,0,0,2023
13/3/2023,8,PASEO DEL BAJO,ASCENDENTE,3700,BUENO,SECA,0,0,COLISION CON DOS O MAS VEHICULOS,0,1,0,1,2023
13/3/2023,13,AU FRONDIZI,DESCENDENTE,1900,BUENO,SECA,1,0,COLISION CON DOS O MAS VEHICULOS,1,1,0,0,2023
14/3/2023,8,AU PERITO MORENO,DESCENDENTE,1900,BUENO,SECA,0,0,OBSTACULO NO FIJO,0,2,0,0,2023
14/3/2023,9,AU FRONDIZI,ASCENDENTE,1000,BUENO,SECA,0,0,COLISION CON DOS O MAS VEHICULOS,1,1,0,0,2023
14/3/2023,14,AU 25 DE MAYO,ASCENDENTE,900,BUENO,SECA,1,0,COLISION CON DOS O MAS VEHICULOS,1,0,0,1,2023
14/3/2023,14,AU CAMPORA,DESCENDENTE,1500,BUENO,SECA,0,0,COLISION CON DOS O MAS VEHICULOS,0,1,0,1,2023
14/3/2023,21,AU ILLIA,DESCENDENTE,1300,BUENO,SECA,0,0,OBSTACULO NO FIJO,0,1,0,0,2023
15/3/2023,6,AU DELLEPIANE,DESCENDENTE,4700,BUENO,SECA,0,0,OBSTACULO NO FIJO,0,2,0,0,2023
15/3/2023,15,AU ILLIA,ASCENDENTE,6400,BUENO,SECA,1,0,SINIESTRO DE UN SOLO VEHICULO / SIN COLISION,1,0,0,0,2023
16/3/2023,2,AU ILLIA,DESCENDENTE,900,BUENO,SECA,0,0,COLISION CON OBSTACULO FIJO,0,1,0,0,2023
16/3/2023,3,AU DELLEPIANE,ASCENDENTE,3100,BUENO,SECA,2,0,COLISION CON DOS O MAS VEHICULOS,0,2,0,0,2023
16/3/2023,18,AU ILLIA,ASCENDENTE,3800,BUENO,SECA,1,0,COLISION CON DOS O MAS VEHICULOS,0,1,0,1,2023
16/3/2023,18,AU 25 DE MAYO,DESCENDENTE,5500,BUENO,SECA,0,0,COLISION CON DOS O MAS VEHICULOS,0,2,0,0,2023
16/3/2023,22,AU 25 DE MAYO,ASCENDENTE,600,BUENO,SECA,2,0,SINIESTRO DE UN SOLO VEHICULO / SIN COLISION,1,0,0,0,2023
17/3/2023,1,AU 25 DE MAYO,ASCENDENTE,0,BUENO,SECA,0,0,COLISION CON DOS O MAS VEHICULOS,0,1,0,1,2023
17/3/2023,11,AU 25 DE MAYO,DESCENDENTE,4500,BUENO,SECA,0,0,OBSTACULO NO FIJO,0,4,0,0,2023
17/3/2023,16,AU ILLIA,ASCENDENTE,3500,BUENO,SECA,2,0,COLISION CON DOS O MAS VEHICULOS,1,1,0,0,2023
17/3/2023,17,AU FRONDIZI,ASCENDENTE,2600,BUENO,SECA,1,0,COLISION CON DOS O MAS VEHICULOS,1,0,0,0,2023
18/3/2023,0,AU ILLIA,DESCENDENTE,2400,BUENO,SECA,0,0,COLISION CON OBSTACULO FIJO,0,0,0,1,2023
18/3/2023,2,AV. LUGONES,DESCENDENTE,8600,BUENO,SECA,0,0,COLISION CON DOS O MAS VEHICULOS,0,1,0,1,2023
18/3/2023,2,AV. LUGONES,DESCENDENTE,10400,BUENO,MOJADA/HUMEDA,0,0,COLISION CON DOS O MAS VEHICULOS,0,2,0,0,2023
18/3/2023,17,AV. LUGONES,DESCENDENTE,4600,BUENO,SECA,0,0,COLISION CON DOS O MAS VEHICULOS,0,4,0,0,2023
18/3/2023,22,AV. LUGONES,DESCENDENTE,6000,BUENO,SECA,0,0,COLISION CON DOS O MAS VEHICULOS,0,1,1,0,2023
19/3/2023,6,AU ILLIA,DESCENDENTE,2400,BUENO,SECA,0,0,COLISION CON OBSTACULO FIJO,0,1,0,0,2023
19/3/2023,22,TRANSICION RAMAL 2,RAMAL DE ENLACE,-,BUENO,SECA,0,0,COLISION CON DOS O MAS VEHICULOS,0,1,0,0,2023
20/3/2023,6,AU 25 DE MAYO,ASCENDENTE,200,LLUVIOSO,MOJADA/HUMEDA,0,0,COLISION CON DOS O MAS VEHICULOS,0,1,0,1,2023
20/3/2023,12,AU ILLIA,ASCENDENTE,800,BUENO,SECA,1,0,COLISION CON OBSTACULO FIJO,1,0,0,0,2023
20/3/2023,14,AV. LUGONES,DESCENDENTE,4500,BUENO,SECA,0,0,COLISION CON DOS O MAS VEHICULOS,0,2,0,0,2023
20/3/2023,15,AV. LUGONES,DESCENDENTE,5900,BUENO,SECA,1,0,COLISION CON DOS O MAS VEHICULOS,1,1,0,0,2023
20/3/2023,16,AV. LUGONES,DESCENDENTE,7800,BUENO,SECA,0,0,SINIESTRO DE UN SOLO VEHICULO / SIN COLISION,0,1,0,0,2023
21/3/2023,8,AU FRONDIZI,ASCENDENTE,2200,BUENO,SECA,0,0,COLISION CON DOS O MAS VEHICULOS,1,1,0,0,2023
21/3/2023,12,AU DELLEPIANE,ASCENDENTE,3700,BUENO,SECA,0,0,COLISION CON DOS O MAS VEHICULOS,0,1,0,0,2023
21/3/2023,14,AV. LUGONES,DESCENDENTE,7500,BUENO,SECA,0,0,COLISION CON DOS O MAS VEHICULOS,0,2,0,0,2023
21/3/2023,16,AU ILLIA,DESCENDENTE,1300,BUENO,SECA,0,0,COLISION CON DOS O MAS VEHICULOS,0,3,0,0,2023
21/3/2023,18,AU DELLEPIANE,ASCENDENTE,4200,BUENO,SECA,0,0,COLISION CON OBSTACULO FIJO,1,0,0,0,2023
22/3/2023,14,AU 25 DE MAYO,DESCENDENTE,5800,BUENO,SECA,1,0,COLISION CON DOS O MAS VEHICULOS,1,1,0,0,2023
22/3/2023,16,AU ILLIA,DESCENDENTE,2600,BUENO,SECA,1,0,COLISION CON DOS O MAS VEHICULOS,0,2,0,0,2023
23/3/2023,8,AU 25 DE MAYO,ASCENDENTE,900,BUENO,SECA,1,0,COLISION CON DOS O MAS VEHICULOS,1,1,0,0,2023
23/3/2023,10,AU ILLIA,ASCENDENTE,6500,BUENO,SECA,1,0,SINIESTRO DE UN SOLO VEHICULO / SIN COLISION,1,0,0,0,2023
23/3/2023,10,AU 25 DE MAYO,ASCENDENTE,2800,BUENO,SECA,0,0,COLISION CON DOS O MAS VEHICULOS,0,2,0,0,2023
23/3/2023,17,AU 25 DE MAYO,DESCENDENTE,6800,BUENO,SECA,0,0,COLISION CON DOS O MAS VEHICULOS,0,3,0,0,2023
24/3/2023,5,AU PERITO MORENO,ASCENDENTE,500,BUENO,SECA,0,0,OBSTACULO NO FIJO,0,1,0,0,2023
24/3/2023,5,AV. CANTILO,ASCENDENTE,10100,BUENO,SECA,0,0,COLISION CON DOS O MAS VEHICULOS,0,2,0,0,2023
24/3/2023,12,AU 25 DE MAYO,DESCENDENTE,6500,BUENO,SECA,1,0,COLISION CON DOS O MAS VEHICULOS,2,0,0,0,2023
25/3/2023,2,TRANSICION RAMAL 3,RAMAL DE ENLACE,-,LLUVIOSO,MOJADA/HUMEDA,0,0,COLISION CON DOS O MAS VEHICULOS,1,1,0,0,2023
25/3/2023,2,AU DELLEPIANE,ASCENDENTE,3400,LLUVIOSO,MOJADA/HUMEDA,0,0,COLISION CON OBSTACULO FIJO,0,1,0,0,2023
25/3/2023,9,AV. LUGONES,DESCENDENTE,7000,LLUVIOSO,MOJADA/HUMEDA,0,0,COLISION CON DOS O MAS VEHICULOS,0,0,0,2,2023
26/3/2023,23,AU DELLEPIANE,DESCENDENTE,1400,BUENO,SECA,0,0,OBSTACULO NO FIJO,0,2,0,1,2023
27/3/2023,8,AU 25 DE MAYO,ASCENDENTE,1100,BUENO,SECA,1,0,SINIESTRO DE UN SOLO VEHICULO / SIN COLISION,1,0,0,0,2023
27/3/2023,9,AU PERITO MORENO,ASCENDENTE,4500,BUENO,SECA,0,0,OBSTACULO NO FIJO,0,1,0,0,2023
27/3/2023,14,AU ILLIA,ASCENDENTE,2900,BUENO,SECA,0,0,COLISION CON DOS O MAS VEHICULOS,0,2,0,0,2023
27/3/2023,15,AU PERITO MORENO,DESCENDENTE,3300,BUENO,SECA,1,0,SINIESTRO DE UN SOLO VEHICULO / SIN COLISION,1,0,0,0,2023
27/3/2023,16,AU PERITO MORENO,DESCENDENTE,3300,BUENO,SECA,0,0,COLISION CON DOS O MAS VEHICULOS,2,0,0,1,2023
27/3/2023,18,AU PERITO MORENO,ASCENDENTE,5000,BUENO,SECA,0,0,COLISION CON DOS O MAS VEHICULOS,0,1,1,0,2023
28/3/2023,12,PASEO DEL BAJO,ASCENDENTE,4700,BUENO,SECA,0,0,COLISION CON DOS O MAS VEHICULOS,0,2,0,0,2023
28/3/2023,12,AU FRONDIZI,DESCENDENTE,2000,BUENO,SECA,1,0,COLISION CON DOS O MAS VEHICULOS,1,2,0,0,2023
28/3/2023,17,AU ILLIA,ASCENDENTE,2800,BUENO,SECA,0,0,OBSTACULO NO FIJO,0,1,0,0,2023
28/3/2023,17,DIST. DELLEPIANE,RAMAL 11,-,BUENO,SECA,0,0,COLISION CON DOS O MAS VEHICULOS,0,0,0,2,2023
28/3/2023,17,AU DELLEPIANE,DESCENDENTE,3800,BUENO,SECA,1,0,COLISION CON DOS O MAS VEHICULOS,1,2,0,0,2023
28/3/2023,17,AU PERITO MORENO,DESCENDENTE,200,BUENO,SECA,0,0,COLISION CON OBSTACULO FIJO,0,2,0,0,2023
28/3/2023,19,AU PERITO MORENO,DESCENDENTE,5800,BUENO,SECA,0,0,COLISION CON DOS O MAS VEHICULOS,0,1,0,1,2023
28/3/2023,20,AV. LUGONES,DESCENDENTE,6000,BUENO,SECA,1,0,COLISION CON DOS O MAS VEHICULOS,1,0,0,0,2023
29/3/2023,8,AU 25 DE MAYO,ASCENDENTE,4500,BUENO,SECA,1,0,SINIESTRO DE UN SOLO VEHICULO / SIN COLISION,1,0,0,0,2023
29/3/2023,8,AU FRONDIZI,ASCENDENTE,1400,BUENO,SECA,1,0,COLISION CON DOS O MAS VEHICULOS,1,1,0,0,2023
29/3/2023,11,AV. LUGONES,DESCENDENTE,4500,BUENO,SECA,2,0,COLISION CON DOS O MAS VEHICULOS,0,2,0,0,2023
29/3/2023,11,PASEO DEL BAJO,DESCENDENTE,1200,BUENO,SECA,0,0,COLISION CON DOS O MAS VEHICULOS,0,0,1,2,2023
29/3/2023,16,AU 25 DE MAYO,DESCENDENTE,1100,LLUVIOSO,MOJADA/HUMEDA,0,0,COLISION CON DOS O MAS VEHICULOS,0,1,0,1,2023
29/3/2023,18,AU 25 DE MAYO,DESCENDENTE,5500,LLUVIOSO,MOJADA/HUMEDA,0,0,COLISION CON DOS O MAS VEHICULOS,0,3,0,0,2023
30/3/2023,16,AU PERITO MORENO,DESCENDENTE,3800,BUENO,SECA,1,0,COLISION CON DOS O MAS VEHICULOS,1,1,0,0,2023
30/3/2023,17,AU 25 DE MAYO,DESCENDENTE,3700,BUENO,SECA,1,0,COLISION CON DOS O MAS VEHICULOS,1,3,0,0,2023
31/3/2023,3,AV. LUGONES,DESCENDENTE,10100,LLUVIOSO,MOJADA/HUMEDA,0,0,COLISION CON OBSTACULO FIJO,0,1,0,0,2023
31/3/2023,9,AU 25 DE MAYO,ASCENDENTE,1100,BUENO,SECA,1,0,COLISION CON DOS O MAS VEHICULOS,1,1,0,0,2023
31/3/2023,13,AU PERITO MORENO,DESCENDENTE,800,BUENO,SECA,1,0,COLISION CON DOS O MAS VEHICULOS,1,1,0,0,2023
31/3/2023,15,AU DELLEPIANE,DESCENDENTE,1800,BUENO,SECA,0,0,COLISION CON DOS O MAS VEHICULOS,0,2,0,0,2023
31/3/2023,17,AV. CANTILO,ASCENDENTE,7300,BUENO,SECA,1,0,COLISION CON DOS O MAS VEHICULOS,1,1,0,1,2023
1/4/2023,6,AU FRONDIZI,DESCENDENTE,900,BUENO,SECA,1,0,COLISION CON OBSTACULO FIJO,0,1,0,0,2023
1/4/2023,15,AU 25 DE MAYO,DESCENDENTE,7700,BUENO,SECA,2,0,COLISION CON DOS O MAS VEHICULOS,1,0,0,0,2023
3/4/2023,9,AU PERITO MORENO,DESCENDENTE,0,BUENO,MOJADA/HUMEDA,0,0,COLISION CON OBSTACULO FIJO,0,1,0,0,2023
3/4/2023,10,AV. LUGONES,DESCENDENTE,10200,BUENO,MOJADA/HUMEDA,0,0,COLISION CON DOS O MAS VEHICULOS,1,1,0,0,2023
3/4/2023,20,AU DELLEPIANE,ASCENDENTE,3600,BUENO,SECA,0,0,COLISION CON DOS O MAS VEHICULOS,0,2,0,0,2023
4/4/2023,11,AU 25 DE MAYO,ASCENDENTE,4500,BUENO,SECA,1,0,SINIESTRO DE UN SOLO VEHICULO / SIN COLISION,1,0,0,0,2023
4/4/2023,16,AU 25 DE MAYO,DESCENDENTE,3400,BUENO,SECA,1,0,SINIESTRO DE UN SOLO VEHICULO / SIN COLISION,1,0,0,0,2023
4/4/2023,18,AV. LUGONES,DESCENDENTE,9000,BUENO,SECA,0,0,COLISION CON OBSTACULO FIJO,0,1,0,0,2023
5/4/2023,14,AU ILLIA,ASCENDENTE,3700,BUENO,SECA,1,0,COLISION CON DOS O MAS VEHICULOS,1,1,0,0,2023
5/4/2023,19,AU 25 DE MAYO,DESCENDENTE,5800,BUENO,SECA,0,0,COLISION CON OBSTACULO FIJO,0,1,0,0,2023
6/4/2023,7,AU 25 DE MAYO,ASCENDENTE,1100,BUENO,SECA,0,0,COLISION CON DOS O MAS VEHICULOS,0,2,0,0,2023
6/4/2023,8,AU 25 DE MAYO,ASCENDENTE,1600,BUENO,SECA,1,0,OBSTACULO NO FIJO,1,1,0,0,2023
6/4/2023,9,AU 25 DE MAYO,ASCENDENTE,1200,BUENO,SECA,1,0,COLISION CON DOS O MAS VEHICULOS,1,1,0,0,2023
7/4/2023,2,AU ILLIA,DESCENDENTE,2300,BUENO,SECA,0,0,COLISION CON DOS O MAS VEHICULOS,0,2,0,0,2023
7/4/2023,8,AU PERITO MORENO,ASCENDENTE,5000,BUENO,SECA,0,0,COLISION CON OBSTACULO FIJO,0,1,0,0,2023
8/4/2023,0,AU 25 DE MAYO,ASCENDENTE,7000,BUENO,SECA,0,0,COLISION CON DOS O MAS VEHICULOS,0,1,0,0,2023
8/4/2023,8,AU ILLIA,ASCENDENTE,800,BUENO,SECA,1,0,COLISION CON OBSTACULO FIJO,1,0,0,0,2023
8/4/2023,9,AU ILLIA,DESCENDENTE,0,BUENO,SECA,0,0,COLISION CON DOS O MAS VEHICULOS,0,5,0,0,2023
8/4/2023,14,AU DELLEPIANE,ASCENDENTE,4200,BUENO,SECA,1,0,SINIESTRO DE UN SOLO VEHICULO / SIN COLISION,1,0,0,0,2023
8/4/2023,21,AU DELLEPIANE,ASCENDENTE,800,BUENO,SECA,1,0,COLISION CON OBSTACULO FIJO,0,1,0,0,2023
9/4/2023,21,AV. LUGONES,DESCENDENTE,4500,BUENO,SECA,0,0,COLISION CON DOS O MAS VEHICULOS,0,2,0,0,2023
11/4/2023,16,AU DELLEPIANE,ASCENDENTE,400,BUENO,SECA,0,0,COLISION CON DOS O MAS VEHICULOS,0,2,0,0,2023
11/4/2023,18,AU ILLIA,ASCENDENTE,2200,BUENO,SECA,0,0,COLISION CON DOS O MAS VEHICULOS,1,1,0,0,2023
12/4/2023,7,AU 25 DE MAYO,ASCENDENTE,0,BUENO,SECA,1,0,COLISION CON DOS O MAS VEHICULOS,2,1,0,0,2023
12/4/2023,12,AU 25 DE MAYO,ASCENDENTE,9000,BUENO,SECA,0,0,COLISION CON DOS O MAS VEHICULOS,0,3,0,0,2023
12/4/2023,20,DIST. 9 DE JULIO,RAMAL 1 BIS,-,BUENO,SECA,0,1,COLISION CON DOS O MAS VEHICULOS,1,1,0,0,2023
13/4/2023,7,AU 25 DE MAYO,ASCENDENTE,4900,BUENO,SECA,4,0,COLISION CON DOS O MAS VEHICULOS,0,8,0,1,2023
13/4/2023,11,AU PERITO MORENO,DESCENDENTE,800,BUENO,SECA,1,0,SINIESTRO DE UN SOLO VEHICULO / SIN COLISION,1,0,0,0,2023
13/4/2023,15,DIST. 9 DE JULIO,RAMALES 1/2,-,BUENO,SECA,0,0,COLISION CON OBSTACULO FIJO,0,0,0,1,2023
14/4/2023,7,AV. LUGONES,DESCENDENTE,9800,BUENO,SECA,2,0,COLISION CON DOS O MAS VEHICULOS,1,1,0,0,2023
14/4/2023,9,DIST. 9 DE JULIO,RAMAL 2 BIS,-,BUENO,SECA,0,0,COLISION CON DOS O MAS VEHICULOS,0,2,0,0,2023
15/4/2023,11,AU 25 DE MAYO,ASCENDENTE,1600,BUENO,SECA,0,0,COLISION CON OBSTACULO FIJO,0,1,0,0,2023
15/4/2023,18,AU 25 DE MAYO,DESCENDENTE,8200,BUENO,SECA,2,0,COLISION CON DOS O MAS VEHICULOS,0,2,0,0,2023
16/4/2023,18,AV. LUGONES,DESCENDENTE,4300,LLUVIOSO,MOJADA/HUMEDA,0,0,OTRO,0,1,0,1,2023
16/4/2023,19,AU 25 DE MAYO,DESCENDENTE,4600,LLUVIOSO,MOJADA/HUMEDA,0,0,SINIESTRO DE UN SOLO VEHICULO / SIN COLISION,1,1,0,0,2023
16/4/2023,20,AU DELLEPIANE,DESCENDENTE,2500,LLUVIOSO,MOJADA/HUMEDA,0,0,COLISION CON OBSTACULO FIJO,0,1,0,0,2023
17/4/2023,6,AU 25 DE MAYO,ASCENDENTE,6500,BUENO,SECA,0,0,COLISION CON OBSTACULO FIJO,0,0,0,1,2023
17/4/2023,8,AV. LUGONES,DESCENDENTE,9700,BUENO,MOJADA/HUMEDA,1,0,COLISION CON DOS O MAS VEHICULOS,1,0,0,0,2023
17/4/2023,12,AU 25 DE MAYO,DESCENDENTE,8600,BUENO,SECA,0,0,COLISION CON DOS O MAS VEHICULOS,0,2,0,0,2023
17/4/2023,16,AU 25 DE MAYO,DESCENDENTE,3500,BUENO,SECA,1,0,COLISION CON DOS O MAS VEHICULOS,0,2,0,0,2023
17/4/2023,22,AU DELLEPIANE,DESCENDENTE,1100,LLUVIOSO,MOJADA/HUMEDA,0,0,OBSTACULO NO FIJO,0,1,0,0,2023
18/4/2023,8,PASEO DEL BAJO,ASCENDENTE,4100,BUENO,MOJADA/HUMEDA,0,0,COLISION CON OBSTACULO FIJO,0,0,0,1,2023
18/4/2023,9,AU PERITO MORENO,ASCENDENTE,2200,BUENO,SECA,1,0,COLISION CON DOS O MAS VEHICULOS,1,2,0,0,2023
18/4/2023,10,AU 25 DE MAYO,ASCENDENTE,9000,BUENO,SECA,0,0,COLISION CON DOS O MAS VEHICULOS,0,2,0,0,2023
18/4/2023,15,AU DELLEPIANE,DESCENDENTE,1700,BUENO,SECA,1,0,COLISION CON DOS O MAS VEHICULOS,0,3,0,0,2023
18/4/2023,18,AU PERITO MORENO,DESCENDENTE,5400,BUENO,SECA,1,0,OBSTACULO NO FIJO,1,0,0,0,2023
18/4/2023,18,AU 25 DE MAYO,DESCENDENTE,3400,BUENO,SECA,0,0,COLISION CON DOS O MAS VEHICULOS,0,4,0,0,2023
18/4/2023,20,AU PERITO MORENO,ASCENDENTE,5400,BUENO,SECA,0,0,COLISION CON DOS O MAS VEHICULOS,0,2,0,0,2023
19/4/2023,7,AU ILLIA,ASCENDENTE,2400,BUENO,MOJADA/HUMEDA,1,0,SINIESTRO DE UN SOLO VEHICULO / SIN COLISION,1,0,0,0,2023
19/4/2023,9,DIST. 9 DE JULIO,RAMALES 1/2,-,BUENO,MOJADA/HUMEDA,0,0,COLISION CON OBSTACULO FIJO,0,1,0,0,2023
19/4/2023,12,AU 25 DE MAYO,DESCENDENTE,3300,BUENO,SECA,0,0,COLISION CON DOS O MAS VEHICULOS,0,2,0,2,2023
19/4/2023,16,AV. LUGONES,DESCENDENTE,4900,BUENO,SECA,1,0,COLISION CON DOS O MAS VEHICULOS,1,1,0,0,2023
19/4/2023,18,AU PERITO MORENO,DESCENDENTE,100,BUENO,SECA,2,0,COLISION CON DOS O MAS VEHICULOS,1,1,0,1,2023
19/4/2023,22,AU PERITO MORENO,DESCENDENTE,800,BUENO,SECA,0,0,COLISION CON DOS O MAS VEHICULOS,0,0,1,1,2023
20/4/2023,8,AU CAMPORA,DESCENDENTE,3000,BUENO,SECA,0,0,COLISION CON DOS O MAS VEHICULOS,0,2,0,0,2023
20/4/2023,11,AU 25 DE MAYO,DESCENDENTE,9000,BUENO,SECA,1,0,COLISION CON DOS O MAS VEHICULOS,0,2,0,1,2023
20/4/2023,14,AU 25 DE MAYO,ASCENDENTE,-,BUENO,SECA,2,0,COLISION CON DOS O MAS VEHICULOS,1,1,0,0,2023
20/4/2023,17,AU 25 DE MAYO,DESCENDENTE,6300,BUENO,SECA,1,0,COLISION CON DOS O MAS VEHICULOS,1,1,0,0,2023
20/4/2023,18,AU 25 DE MAYO,DESCENDENTE,5600,BUENO,SECA,0,0,COLISION CON OBSTACULO FIJO,0,1,0,0,2023
21/4/2023,0,AU CAMPORA,DESCENDENTE,1500,BUENO,SECA,0,0,OBSTACULO NO FIJO,0,1,0,0,2023
21/4/2023,14,AV. LUGONES,DESCENDENTE,6400,BUENO,SECA,0,0,COLISION CON DOS O MAS VEHICULOS,0,1,0,0,2023
22/4/2023,18,AU FRONDIZI,DESCENDENTE,3000,BUENO,SECA,1,0,SINIESTRO DE UN SOLO VEHICULO / SIN COLISION,1,0,0,0,2023
23/4/2023,2,AU DELLEPIANE,DESCENDENTE,2800,BUENO,SECA,0,0,COLISION CON OBSTACULO FIJO,0,2,0,0,2023
25/4/2023,8,AU DELLEPIANE,DESCENDENTE,4500,BUENO,MOJADA/HUMEDA,1,0,SINIESTRO DE UN SOLO VEHICULO / SIN COLISION,1,0,0,0,2023
25/4/2023,16,AU 25 DE MAYO,DESCENDENTE,6000,BUENO,SECA,0,0,COLISION CON DOS O MAS VEHICULOS,1,1,0,0,2023
26/4/2023,5,AU PERITO MORENO,ASCENDENTE,1700,BUENO,SECA,0,0,COLISION CON DOS O MAS VEHICULOS,0,2,0,0,2023
26/4/2023,12,AU PERITO MORENO,DESCENDENTE,3300,BUENO,SECA,1,0,COLISION CON OBSTACULO FIJO,0,1,0,0,2023
27/4/2023,0,AU 25 DE MAYO,DESCENDENTE,6500,"NIEBLA, BRUMA O HUMO",SECA,0,0,OBSTACULO NO FIJO,0,0,1,0,2023
27/4/2023,9,DIST. 9 DE JULIO,RAMAL 4,-,BUENO,SECA,1,0,COLISION CON DOS O MAS VEHICULOS,1,1,0,0,2023
27/4/2023,14,AU 25 DE MAYO,DESCENDENTE,4800,BUENO,SECA,1,0,COLISION CON DOS O MAS VEHICULOS,1,1,0,0,2023
27/4/2023,18,AU PERITO MORENO,DESCENDENTE,1600,BUENO,SECA,0,0,COLISION CON DOS O MAS VEHICULOS,0,1,0,0,2023
29/4/2023,2,AU 25 DE MAYO,ASCENDENTE,8600,BUENO,SECA,0,0,COLISION CON OBSTACULO FIJO,0,1,0,0,2023
29/4/2023,10,AU DELLEPIANE,ASCENDENTE,2500,BUENO,SECA,0,0,COLISION CON DOS O MAS VEHICULOS,0,1,0,0,2023
29/4/2023,15,AV. LUGONES,DESCENDENTE,5100,BUENO,SECA,1,0,COLISION CON DOS O MAS VEHICULOS,0,2,0,0,2023
30/4/2023,0,AU 25 DE MAYO,DESCENDENTE,9000,BUENO,SECA,1,0,COLISION CON DOS O MAS VEHICULOS,1,1,0,0,2023
30/4/2023,7,AU FRONDIZI,DESCENDENTE,1100,BUENO,SECA,1,0,COLISION CON DOS O MAS VEHICULOS,1,2,0,0,2023
2/5/2023,7,DIST. DELLEPIANE,RAMAL 11,-,BUENO,SECA,0,0,COLISION CON DOS O MAS VEHICULOS,0,1,0,0,2023
2/5/2023,12,AU FRONDIZI,ASCENDENTE,3400,BUENO,SECA,0,0,COLISION CON DOS O MAS VEHICULOS,0,1,1,0,2023
2/5/2023,15,TRANSICION RAMAL 4,RAMAL DE INGRESO,-,BUENO,SECA,1,0,COLISION CON DOS O MAS VEHICULOS,1,0,0,0,2023
2/5/2023,16,AU CAMPORA,ASCENDENTE,1500,BUENO,SECA,1,0,COLISION CON DOS O MAS VEHICULOS,0,2,0,1,2023
2/5/2023,17,AU 25 DE MAYO,DESCENDENTE,5000,BUENO,SECA,0,0,COLISION CON DOS O MAS VEHICULOS,1,1,0,0,2023
3/5/2023,9,AU ILLIA,DESCENDENTE,1500,BUENO,SECA,1,0,COLISION CON DOS O MAS VEHICULOS,0,3,0,0,2023
3/5/2023,13,AU 25 DE MAYO,DESCENDENTE,6400,BUENO,SECA,1,0,SINIESTRO DE UN SOLO VEHICULO / SIN COLISION,1,0,0,0,2023
3/5/2023,22,AU CAMPORA,DESCENDENTE,2500,BUENO,SECA,0,0,COLISION CON OBSTACULO FIJO,0,1,0,0,2023
4/5/2023,8,AU PERITO MORENO,ASCENDENTE,1800,BUENO,SECA,1,0,COLISION CON DOS O MAS VEHICULOS,1,1,0,0,2023
4/5/2023,13,AU PERITO MORENO,DESCENDENTE,100,BUENO,SECA,1,0,COLISION CON DOS O MAS VEHICULOS,0,1,0,1,2023
4/5/2023,16,AU DELLEPIANE,DESCENDENTE,500,BUENO,SECA,0,0,COLISION CON DOS O MAS VEHICULOS,0,2,0,0,2023
4/5/2023,17,AU 25 DE MAYO,ASCENDENTE,3700,BUENO,SECA,0,0,COLISION CON OBSTACULO FIJO,0,1,0,0,2023
5/5/2023,10,AU CAMPORA,DESCENDENTE,700,BUENO,SECA,1,0,SINIESTRO DE UN SOLO VEHICULO / SIN COLISION,1,0,0,0,2023
5/5/2023,14,AU PERITO MORENO,DESCENDENTE,5300,BUENO,SECA,0,0,OBSTACULO NO FIJO,0,0,1,0,2023
6/5/2023,5,AU FRONDIZI,DESCENDENTE,900,LLUVIOSO,MOJADA/HUMEDA,0,0,COLISION CON DOS O MAS VEHICULOS,0,2,0,0,2023
6/5/2023,7,AU PERITO MORENO,DESCENDENTE,5400,LLUVIOSO,MOJADA/HUMEDA,0,0,OBSTACULO NO FIJO,0,5,0,0,2023
6/5/2023,7,AU 25 DE MAYO,DESCENDENTE,800,LLUVIOSO,MOJADA/HUMEDA,0,0,OBSTACULO NO FIJO,0,1,0,0,2023
7/5/2023,20,AU 25 DE MAYO,ASCENDENTE,1300,BUENO,SECA,0,0,OBSTACULO NO FIJO,0,1,0,1,2023
8/5/2023,1,AU 25 DE MAYO,ASCENDENTE,1100,BUENO,SECA,0,0,COLISION CON OBSTACULO FIJO,0,1,0,0,2023
8/5/2023,3,AU FRONDIZI,DESCENDENTE,2500,BUENO,SECA,0,0,COLISION CON OBSTACULO FIJO,0,1,0,0,2023
8/5/2023,15,AU FRONDIZI,DESCENDENTE,1500,BUENO,SECA,0,0,COLISION CON DOS O MAS VEHICULOS,0,1,1,0,2023
8/5/2023,18,AU 25 DE MAYO,ASCENDENTE,8500,BUENO,SECA,0,0,COLISION CON DOS O MAS VEHICULOS,0,2,1,0,2023
8/5/2023,18,AU 25 DE MAYO,ASCENDENTE,3500,BUENO,SECA,0,0,COLISION CON OBSTACULO FIJO,0,1,0,0,2023
9/5/2023,8,AU 25 DE MAYO,ASCENDENTE,800,BUENO,SECA,1,0,COLISION CON DOS O MAS VEHICULOS,1,1,0,0,2023
9/5/2023,13,AU PERITO MORENO,ASCENDENTE,5700,BUENO,SECA,0,0,COLISION CON DOS O MAS VEHICULOS,1,0,0,1,2023
9/5/2023,15,AU 25 DE MAYO,DESCENDENTE,9100,BUENO,SECA,0,0,COLISION CON DOS O MAS VEHICULOS,0,1,0,1,2023
11/5/2023,13,AU DELLEPIANE,DESCENDENTE,4500,BUENO,SECA,0,0,SINIESTRO DE UN SOLO VEHICULO / SIN COLISION,1,0,0,0,2023
11/5/2023,14,AU DELLEPIANE,ASCENDENTE,3000,BUENO,SECA,0,0,COLISION CON DOS O MAS VEHICULOS,0,2,0,0,2023
11/5/2023,17,AV. LUGONES,DESCENDENTE,7900,BUENO,SECA,0,0,COLISION CON DOS O MAS VEHICULOS,0,1,0,0,2023
11/5/2023,20,AV. CANTILO,ASCENDENTE,9800,BUENO,SECA,1,0,SINIESTRO DE UN SOLO VEHICULO / SIN COLISION,1,0,0,0,2023
13/5/2023,14,AU CAMPORA,ASCENDENTE,200,BUENO,SECA,0,0,COLISION CON DOS O MAS VEHICULOS,0,2,0,0,2023
13/5/2023,19,AV. CANTILO,ASCENDENTE,9700,BUENO,SECA,0,0,COLISION CON DOS O MAS VEHICULOS,0,3,0,0,2023
13/5/2023,20,AV. LUGONES,DESCENDENTE,4800,BUENO,SECA,1,0,COLISION CON DOS O MAS VEHICULOS,1,1,0,0,2023
13/5/2023,23,AU 25 DE MAYO,ASCENDENTE,4700,BUENO,SECA,0,0,COLISION CON OBSTACULO FIJO,0,1,0,0,2023
14/5/2023,19,DIST. 9 DE JULIO,RAMAL 6,-,BUENO,SECA,1,0,SINIESTRO DE UN SOLO VEHICULO / SIN COLISION,1,0,0,0,2023
15/5/2023,9,AU 25 DE MAYO,ASCENDENTE,3500,BUENO,SECA,1,0,SINIESTRO DE UN SOLO VEHICULO / SIN COLISION,1,0,0,0,2023
15/5/2023,17,AV. CANTILO,ASCENDENTE,9400,BUENO,SECA,0,0,SINIESTRO DE UN SOLO VEHICULO / SIN COLISION,1,0,0,0,2023
15/5/2023,19,AU PERITO MORENO,DESCENDENTE,400,BUENO,SECA,1,0,SINIESTRO DE UN SOLO VEHICULO / SIN COLISION,1,0,0,0,2023
16/5/2023,8,AU PERITO MORENO,ASCENDENTE,5500,BUENO,SECA,0,0,COLISION CON DOS O MAS VEHICULOS,0,1,0,1,2023
16/5/2023,12,AU DELLEPIANE,ASCENDENTE,2000,BUENO,SECA,0,0,COLISION CON DOS O MAS VEHICULOS,0,1,0,0,2023
16/5/2023,16,AU ILLIA,ASCENDENTE,2400,BUENO,SECA,0,0,COLISION CON OBSTACULO FIJO,0,0,1,0,2023
16/5/2023,16,AV. LUGONES,DESCENDENTE,10300,BUENO,SECA,0,0,COLISION CON DOS O MAS VEHICULOS,0,3,0,0,2023
16/5/2023,20,AV. CANTILO,ASCENDENTE,9100,BUENO,SECA,1,0,SINIESTRO DE UN SOLO VEHICULO / SIN COLISION,1,0,0,0,2023
17/5/2023,1,AU DELLEPIANE,ASCENDENTE,2100,BUENO,SECA,1,0,SINIESTRO DE UN SOLO VEHICULO / SIN COLISION,1,0,0,0,2023
17/5/2023,1,AU FRONDIZI,DESCENDENTE,3000,BUENO,SECA,0,0,OBSTACULO NO FIJO,1,1,0,0,2023
17/5/2023,9,AU 25 DE MAYO,ASCENDENTE,1000,BUENO,SECA,0,0,COLISION CON DOS O MAS VEHICULOS,0,3,0,0,2023
17/5/2023,10,AU DELLEPIANE,ASCENDENTE,4200,BUENO,SECA,1,0,SINIESTRO DE UN SOLO VEHICULO / SIN COLISION,1,0,0,0,2023
17/5/2023,15,AU 25 DE MAYO,DESCENDENTE,1000,BUENO,SECA,1,0,COLISION CON DOS O MAS VEHICULOS,1,1,0,0,2023
17/5/2023,19,AU 25 DE MAYO,DESCENDENTE,6000,BUENO,SECA,1,0,COLISION CON DOS O MAS VEHICULOS,1,1,0,0,2023
18/5/2023,15,AU DELLEPIANE,ASCENDENTE,4000,BUENO,SECA,0,0,COLISION CON DOS O MAS VEHICULOS,0,1,1,0,2023
18/5/2023,15,AU ILLIA,ASCENDENTE,6500,BUENO,SECA,1,0,COLISION CON DOS O MAS VEHICULOS,1,2,0,0,2023
19/5/2023,17,AU FRONDIZI,ASCENDENTE,2000,LLUVIOSO,MOJADA/HUMEDA,1,0,COLISION CON DOS O MAS VEHICULOS,0,2,0,0,2023
19/5/2023,18,AU 25 DE MAYO,DESCENDENTE,3000,LLUVIOSO,SECA,0,0,OBSTACULO NO FIJO,0,1,0,0,2023
21/5/2023,7,AU PERITO MORENO,DESCENDENTE,1100,LLUVIOSO,MOJADA/HUMEDA,0,0,COLISION CON DOS O MAS VEHICULOS,0,2,0,0,2023
21/5/2023,9,AU 25 DE MAYO,ASCENDENTE,8300,LLUVIOSO,MOJADA/HUMEDA,0,0,OBSTACULO NO FIJO,0,2,0,0,2023
22/5/2023,8,AU PERITO MORENO,ASCENDENTE,5400,BUENO,SECA,0,0,COLISION CON OBSTACULO FIJO,0,0,0,1,2023
23/5/2023,7,AU ILLIA,ASCENDENTE,2300,BUENO,SECA,0,0,COLISION CON DOS O MAS VEHICULOS,1,1,0,0,2023
23/5/2023,18,AU FRONDIZI,DESCENDENTE,1500,BUENO,SECA,0,0,COLISION CON DOS O MAS VEHICULOS,0,2,0,1,2023
24/5/2023,6,AU DELLEPIANE,DESCENDENTE,700,LLUVIOSO,MOJADA/HUMEDA,0,0,COLISION CON DOS O MAS VEHICULOS,0,1,1,0,2023
24/5/2023,9,TRANSICION RAMAL 2,RAMAL DE ENLACE,-,BUENO,MOJADA/HUMEDA,0,0,COLISION CON DOS O MAS VEHICULOS,0,2,0,0,2023
24/5/2023,14,AV. CANTILO,ASCENDENTE,9000,BUENO,MOJADA/HUMEDA,0,0,COLISION CON DOS O MAS VEHICULOS,1,1,0,0,2023
24/5/2023,21,AU 25 DE MAYO,DESCENDENTE,8300,BUENO,MOJADA/HUMEDA,0,0,OBSTACULO NO FIJO,0,2,0,0,2023
25/5/2023,9,AU DELLEPIANE,DESCENDENTE,2500,BUENO,MOJADA/HUMEDA,1,0,COLISION CON DOS O MAS VEHICULOS,0,0,1,1,2023
25/5/2023,14,TRANSICION RAMAL 3,RAMAL DE ENLACE,-,LLUVIOSO,MOJADA/HUMEDA,0,0,COLISION CON DOS O MAS VEHICULOS,0,1,0,1,2023
25/5/2023,20,AU DELLEPIANE,ASCENDENTE,4100,LLUVIOSO,MOJADA/HUMEDA,2,0,COLISION CON OBSTACULO FIJO,0,1,0,0,2023
26/5/2023,1,AV. LUGONES,DESCENDENTE,9000,LLUVIOSO,MOJADA/HUMEDA,0,0,OBSTACULO NO FIJO,0,1,0,0,2023
26/5/2023,8,AU ILLIA,DESCENDENTE,2900,LLUVIOSO,MOJADA/HUMEDA,0,0,COLISION CON OBSTACULO FIJO,0,1,0,0,2023
26/5/2023,20,AU DELLEPIANE,ASCENDENTE,3600,BUENO,SECA,0,0,COLISION CON DOS O MAS VEHICULOS,0,3,0,0,2023
26/5/2023,21,AU 25 DE MAYO,DESCENDENTE,8300,BUENO,SECA,1,0,OBSTACULO NO FIJO,1,1,0,0,2023
28/5/2023,15,AU 25 DE MAYO,ASCENDENTE,6900,BUENO,SECA,3,0,COLISION CON DOS O MAS VEHICULOS,0,2,0,0,2023
29/5/2023,12,AV. LUGONES,DESCENDENTE,5000,BUENO,SECA,0,0,COLISION CON DOS O MAS VEHICULOS,1,2,0,0,2023
31/5/2023,15,AU PERITO MORENO,ASCENDENTE,5400,BUENO,SECA,0,0,COLISION CON DOS O MAS VEHICULOS,0,3,0,0,2023
31/5/2023,19,AU PERITO MORENO,DESCENDENTE,700,BUENO,SECA,0,0,COLISION CON DOS O MAS VEHICULOS,0,2,0,0,2023
1/6/2023,2,AU 25 DE MAYO,DESCENDENTE,8000,BUENO,SECA,0,0,OBSTACULO NO FIJO,0,1,0,0,2023
1/6/2023,17,AV. LUGONES,DESCENDENTE,4300,BUENO,SECA,2,0,SINIESTRO DE UN SOLO VEHICULO / SIN COLISION,1,0,0,0,2023
2/6/2023,7,AU PERITO MORENO,ASCENDENTE,0,BUENO,SECA,1,0,COLISION CON DOS O MAS VEHICULOS,1,1,0,0,2023
2/6/2023,23,AV. LUGONES,DESCENDENTE,6600,BUENO,SECA,2,0,COLISION CON DOS O MAS VEHICULOS,0,3,0,0,2023
3/6/2023,15,AV. LUGONES,DESCENDENTE,6700,BUENO,SECA,0,0,OBSTACULO NO FIJO,0,2,0,0,2023
3/6/2023,16,AU 25 DE MAYO,ASCENDENTE,8100,BUENO,SECA,0,0,OBSTACULO NO FIJO,0,1,0,1,2023
4/6/2023,6,AV. LUGONES,DESCENDENTE,9500,BUENO,SECA,0,0,COLISION CON OBSTACULO FIJO,0,1,0,0,2023
5/6/2023,10,PASEO DEL BAJO,ASCENDENTE,2500,BUENO,SECA,2,0,COLISION CON DOS O MAS VEHICULOS,0,0,0,4,2023
5/6/2023,16,AU PERITO MORENO,ASCENDENTE,5800,BUENO,SECA,1,0,COLISION CON DOS O MAS VEHICULOS,1,1,0,0,2023
5/6/2023,17,AU 25 DE MAYO,DESCENDENTE,6100,BUENO,SECA,0,0,COLISION CON DOS O MAS VEHICULOS,0,1,0,0,2023
5/6/2023,17,AU PERITO MORENO,DESCENDENTE,5500,BUENO,SECA,0,0,SINIESTRO DE UN SOLO VEHICULO / SIN COLISION,1,0,0,0,2023
6/6/2023,9,AU 25 DE MAYO,ASCENDENTE,3500,BUENO,SECA,0,0,COLISION CON DOS O MAS VEHICULOS,0,2,0,0,2023
6/6/2023,14,AU DELLEPIANE,DESCENDENTE,3700,BUENO,SECA,0,0,COLISION CON DOS O MAS VEHICULOS,0,1,0,1,2023
6/6/2023,19,AV. LUGONES,DESCENDENTE,9000,BUENO,SECA,0,0,COLISION CON DOS O MAS VEHICULOS,0,3,0,0,2023
7/6/2023,6,AU PERITO MORENO,DESCENDENTE,3000,BUENO,MOJADA/HUMEDA,0,0,OBSTACULO NO FIJO,0,4,0,0,2023
7/6/2023,19,AU 25 DE MAYO,DESCENDENTE,5700,BUENO,SECA,2,0,COLISION CON DOS O MAS VEHICULOS,1,1,0,1,2023
8/6/2023,16,AU PERITO MORENO,DESCENDENTE,5200,BUENO,SECA,0,0,COLISION CON DOS O MAS VEHICULOS,0,0,1,1,2023
9/6/2023,10,AU 25 DE MAYO,DESCENDENTE,6700,BUENO,MOJADA/HUMEDA,1,0,SINIESTRO DE UN SOLO VEHICULO / SIN COLISION,1,0,0,0,2023
9/6/2023,16,AU DELLEPIANE,ASCENDENTE,3400,BUENO,SECA,0,0,COLISION CON DOS O MAS VEHICULOS,0,2,0,0,2023
11/6/2023,1,AV. LUGONES,DESCENDENTE,7500,BUENO,SECA,0,0,COLISION CON DOS O MAS VEHICULOS,0,2,0,0,2023
11/6/2023,15,AU DELLEPIANE,DESCENDENTE,4700,BUENO,SECA,1,0,OBSTACULO NO FIJO,0,1,0,1,2023
11/6/2023,16,AU ILLIA,DESCENDENTE,3100,BUENO,SECA,0,0,COLISION CON DOS O MAS VEHICULOS,0,1,0,0,2023
11/6/2023,20,AU PERITO MORENO,DESCENDENTE,1100,BUENO,SECA,1,0,OBSTACULO NO FIJO,0,2,0,0,2023
12/6/2023,10,AU ILLIA,DESCENDENTE,3000,BUENO,SECA,0,0,OBSTACULO NO FIJO,0,1,0,0,2023
12/6/2023,11,AU DELLEPIANE,DESCENDENTE,1700,BUENO,SECA,0,0,COLISION CON DOS O MAS VEHICULOS,0,2,0,0,2023
12/6/2023,11,AV. LUGONES,DESCENDENTE,4500,BUENO,SECA,0,0,COLISION CON DOS O MAS VEHICULOS,0,2,0,0,2023
12/6/2023,13,AU 25 DE MAYO,DESCENDENTE,2800,BUENO,SECA,0,0,COLISION CON DOS O MAS VEHICULOS,0,1,0,0,2023
12/6/2023,15,AU FRONDIZI,DESCENDENTE,800,BUENO,SECA,0,0,COLISION CON DOS O MAS VEHICULOS,1,1,0,0,2023
12/6/2023,15,AU 25 DE MAYO,ASCENDENTE,800,BUENO,SECA,1,0,COLISION CON DOS O MAS VEHICULOS,0,2,0,1,2023
12/6/2023,18,AU 25 DE MAYO,ASCENDENTE,8900,BUENO,SECA,1,0,COLISION CON DOS O MAS VEHICULOS,0,2,0,1,2023
13/6/2023,7,AU 25 DE MAYO,ASCENDENTE,9100,BUENO,SECA,1,0,COLISION CON DOS O MAS VEHICULOS,1,1,0,0,2023
13/6/2023,12,AU ILLIA,ASCENDENTE,2500,BUENO,SECA,0,0,COLISION CON DOS O MAS VEHICULOS,0,0,0,2,2023
13/6/2023,23,AV. LUGONES,DESCENDENTE,6100,BUENO,SECA,0,0,COLISION CON DOS O MAS VEHICULOS,0,1,0,0,2023
14/6/2023,9,AU DELLEPIANE,ASCENDENTE,200,BUENO,SECA,1,0,COLISION CON DOS O MAS VEHICULOS,1,1,0,0,2023
14/6/2023,12,AU PERITO MORENO,ASCENDENTE,5400,BUENO,SECA,1,0,SINIESTRO DE UN SOLO VEHICULO / SIN COLISION,1,0,0,0,2023
14/6/2023,13,AU DELLEPIANE,ASCENDENTE,1500,BUENO,SECA,0,0,COLISION CON DOS O MAS VEHICULOS,0,1,0,0,2023
14/6/2023,15,AU 25 DE MAYO,ASCENDENTE,1000,BUENO,SECA,0,0,COLISION CON DOS O MAS VEHICULOS,1,1,0,0,2023
15/6/2023,18,AU DELLEPIANE,DESCENDENTE,4400,BUENO,SECA,1,0,COLISION CON DOS O MAS VEHICULOS,0,1,0,1,2023
15/6/2023,21,AU PERITO MORENO,DESCENDENTE,2400,BUENO,SECA,0,0,OBSTACULO NO FIJO,0,2,0,0,2023
16/6/2023,14,AU 25 DE MAYO,DESCENDENTE,2500,BUENO,SECA,1,0,COLISION CON DOS O MAS VEHICULOS,1,3,0,0,2023
16/6/2023,14,AU 25 DE MAYO,DESCENDENTE,4400,BUENO,SECA,1,0,COLISION CON DOS O MAS VEHICULOS,1,0,0,1,2023
16/6/2023,18,AU 25 DE MAYO,DESCENDENTE,2500,BUENO,SECA,0,0,COLISION CON DOS O MAS VEHICULOS,0,1,0,0,2023
16/6/2023,20,PASEO DEL BAJO,DIST. SUR - RAMAL 2,-,BUENO,SECA,0,0,COLISION CON DOS O MAS VEHICULOS,0,1,0,2,2023
16/6/2023,23,AU CAMPORA,DESCENDENTE,3500,BUENO,SECA,1,0,SINIESTRO DE UN SOLO VEHICULO / SIN COLISION,1,0,0,0,2023
17/6/2023,8,AU FRONDIZI,DESCENDENTE,500,BUENO,SECA,0,0,COLISION CON OBSTACULO FIJO,0,1,0,0,2023
18/6/2023,11,AU DELLEPIANE,DESCENDENTE,3700,BUENO,SECA,0,0,COLISION CON DOS O MAS VEHICULOS,0,2,0,0,2023
18/6/2023,20,AU DELLEPIANE,ASCENDENTE,3900,BUENO,SECA,0,0,COLISION CON DOS O MAS VEHICULOS,0,3,0,0,2023
19/6/2023,4,AU 25 DE MAYO,ASCENDENTE,4000,BUENO,SECA,0,0,COLISION CON DOS O MAS VEHICULOS,0,2,0,0,2023
19/6/2023,14,AV. CANTILO,ASCENDENTE,10400,BUENO,SECA,5,0,COLISION CON OBSTACULO FIJO,0,1,0,0,2023
20/6/2023,9,AU 25 DE MAYO,ASCENDENTE,9300,BUENO,SECA,1,0,COLISION CON DOS O MAS VEHICULOS,1,1,0,0,2023
21/6/2023,7,AU 25 DE MAYO,ASCENDENTE,9100,BUENO,MOJADA/HUMEDA,0,0,COLISION CON DOS O MAS VEHICULOS,0,2,0,0,2023
21/6/2023,11,DIST. 9 DE JULIO,RAMAL 8,-,BUENO,SECA,0,0,COLISION CON OBSTACULO FIJO,0,1,0,0,2023
23/6/2023,12,AU 25 DE MAYO,DESCENDENTE,1000,BUENO,SECA,0,0,OBSTACULO NO FIJO,0,1,0,1,2023
24/6/2023,3,AU PERITO MORENO,DESCENDENTE,100,BUENO,SECA,0,0,COLISION CON OBSTACULO FIJO,0,1,0,0,2023
24/6/2023,18,AU PERITO MORENO,ASCENDENTE,5600,BUENO,SECA,1,0,COLISION CON DOS O MAS VEHICULOS,1,0,0,0,2023
24/6/2023,18,AU FRONDIZI,ASCENDENTE,3500,BUENO,SECA,1,0,COLISION CON DOS O MAS VEHICULOS,0,4,0,0,2023
25/6/2023,7,AU 25 DE MAYO,ASCENDENTE,3000,BUENO,SECA,0,0,COLISION CON DOS O MAS VEHICULOS,0,1,0,0,2023
25/6/2023,13,AV. CANTILO,ASCENDENTE,9300,BUENO,SECA,0,0,COLISION CON DOS O MAS VEHICULOS,0,1,0,1,2023
25/6/2023,17,AV. LUGONES,DESCENDENTE,4500,BUENO,SECA,1,0,COLISION CON DOS O MAS VEHICULOS,0,3,0,0,2023
26/6/2023,3,AU 25 DE MAYO,DESCENDENTE,6500,BUENO,SECA,0,0,COLISION CON OBSTACULO FIJO,0,0,0,1,2023
27/6/2023,11,AV. CANTILO,ASCENDENTE,8500,BUENO,SECA,0,0,COLISION CON DOS O MAS VEHICULOS,1,1,0,0,2023
27/6/2023,16,AV. CANTILO,ASCENDENTE,10200,BUENO,SECA,1,0,SINIESTRO DE UN SOLO VEHICULO / SIN COLISION,1,0,0,0,2023
27/6/2023,18,AU 25 DE MAYO,DESCENDENTE,2300,BUENO,SECA,1,0,COLISION CON DOS O MAS VEHICULOS,1,0,0,1,2023
28/6/2023,7,AV. LUGONES,DESCENDENTE,8700,BUENO,SECA,0,0,COLISION CON DOS O MAS VEHICULOS,0,3,0,0,2023
28/6/2023,10,AU DELLEPIANE,ASCENDENTE,3400,BUENO,SECA,0,0,COLISION CON DOS O MAS VEHICULOS,0,1,0,1,2023
28/6/2023,13,AU DELLEPIANE,ASCENDENTE,3000,BUENO,SECA,1,0,COLISION CON DOS O MAS VEHICULOS,0,4,0,0,2023
29/6/2023,9,AU 25 DE MAYO,ASCENDENTE,5500,BUENO,SECA,0,0,COLISION CON DOS O MAS VEHICULOS,1,1,0,0,2023
29/6/2023,15,AU ILLIA,ASCENDENTE,2500,BUENO,SECA,0,0,COLISION CON DOS O MAS VEHICULOS,0,1,0,1,2023
29/6/2023,17,AV. CANTILO,ASCENDENTE,9500,BUENO,SECA,0,0,COLISION CON DOS O MAS VEHICULOS,0,2,0,0,2023
29/6/2023,17,AU PERITO MORENO,ASCENDENTE,5400,BUENO,SECA,0,0,COLISION CON OBSTACULO FIJO,0,0,0,1,2023
29/6/2023,18,AU DELLEPIANE,ASCENDENTE,3100,BUENO,SECA,0,0,COLISION CON DOS O MAS VEHICULOS,0,2,0,0,2023
29/6/2023,18,AU DELLEPIANE,ASCENDENTE,2400,BUENO,SECA,0,0,COLISION CON DOS O MAS VEHICULOS,0,5,0,0,2023
1/7/2023,1,AV. CANTILO,ASCENDENTE,8800,<SD>,<SD>,0,0,COLISION CON DOS O MAS VEHICULOS,0,2,0,0,2023
1/7/2023,13,AU DELLEPIANE,DESCENDENTE,2100,BUENO,SECA,0,0,COLISION CON DOS O MAS VEHICULOS,0,3,0,0,2023
2/7/2023,19,AU 25 DE MAYO,ASCENDENTE,3400,BUENO,SECA,0,0,COLISION CON DOS O MAS VEHICULOS,0,1,0,0,2023
3/7/2023,7,AU 25 DE MAYO,ASCENDENTE,4500,BUENO,SECA,1,0,COLISION CON DOS O MAS VEHICULOS,1,1,0,0,2023
3/7/2023,13,AU DELLEPIANE,DESCENDENTE,4300,BUENO,SECA,0,0,COLISION CON DOS O MAS VEHICULOS,0,0,1,0,2023
4/7/2023,5,AU PERITO MORENO,ASCENDENTE,5300,BUENO,SECA,0,0,COLISION CON OBSTACULO FIJO,0,0,0,1,2023
4/7/2023,9,AU FRONDIZI,ASCENDENTE,3000,BUENO,SECA,1,0,COLISION CON DOS O MAS VEHICULOS,1,1,0,0,2023
4/7/2023,14,AU 25 DE MAYO,DESCENDENTE,8000,BUENO,SECA,1,0,COLISION CON DOS O MAS VEHICULOS,1,1,0,0,2023
5/7/2023,7,AU 25 DE MAYO,DESCENDENTE,-,BUENO,MOJADA/HUMEDA,1,1,COLISION CON DOS O MAS VEHICULOS,1,0,0,1,2023
5/7/2023,8,AU DELLEPIANE,ASCENDENTE,4600,BUENO,SECA,0,0,COLISION CON DOS O MAS VEHICULOS,0,1,0,1,2023
5/7/2023,9,AV. CANTILO,ASCENDENTE,7900,BUENO,SECA,0,0,COLISION CON DOS O MAS VEHICULOS,1,2,0,0,2023
5/7/2023,12,AV. LUGONES,DESCENDENTE,4500,BUENO,SECA,0,0,COLISION CON DOS O MAS VEHICULOS,0,1,0,0,2023
5/7/2023,15,AV. CANTILO,ASCENDENTE,9000,BUENO,SECA,0,0,COLISION CON DOS O MAS VEHICULOS,0,2,0,1,2023
6/7/2023,18,AU FRONDIZI,DESCENDENTE,1200,BUENO,SECA,2,0,COLISION CON DOS O MAS VEHICULOS,0,3,0,0,2023
6/7/2023,19,AU 25 DE MAYO,DESCENDENTE,2100,BUENO,SECA,0,0,COLISION CON OBSTACULO FIJO,1,0,0,0,2023
6/7/2023,20,AU 25 DE MAYO,DESCENDENTE,2700,BUENO,SECA,1,0,COLISION CON DOS O MAS VEHICULOS,2,0,0,0,2023
7/7/2023,20,AU DELLEPIANE,DESCENDENTE,4400,BUENO,SECA,0,0,COLISION CON DOS O MAS VEHICULOS,0,2,0,0,2023
8/7/2023,3,AU FRONDIZI,DESCENDENTE,800,BUENO,SECA,1,0,COLISION CON DOS O MAS VEHICULOS,0,2,0,0,2023
8/7/2023,5,AU PERITO MORENO,ASCENDENTE,3700,BUENO,SECA,0,1,COLISION CON OBSTACULO FIJO,1,0,0,0,2023
8/7/2023,13,AU 25 DE MAYO,ASCENDENTE,7900,BUENO,SECA,2,0,OBSTACULO NO FIJO,1,1,0,0,2023
8/7/2023,20,AU 25 DE MAYO,ASCENDENTE,900,BUENO,SECA,0,0,COLISION CON DOS O MAS VEHICULOS,0,4,0,0,2023
9/7/2023,0,AV. CANTILO,ASCENDENTE,7900,BUENO,SECA,1,0,COLISION CON DOS O MAS VEHICULOS,1,0,0,0,2023
10/7/2023,3,AU FRONDIZI,DESCENDENTE,2000,BUENO,SECA,1,0,COLISION CON DOS O MAS VEHICULOS,0,2,0,0,2023
12/7/2023,8,TRANSICION RAMAL 1,RAMAL DE EGRESO,-,LLUVIOSO,MOJADA/HUMEDA,0,0,COLISION CON DOS O MAS VEHICULOS,0,1,0,1,2023
12/7/2023,11,AU PERITO MORENO,ASCENDENTE,5400,LLUVIOSO,MOJADA/HUMEDA,0,0,COLISION CON DOS O MAS VEHICULOS,0,2,0,0,2023
12/7/2023,15,AU 25 DE MAYO,DESCENDENTE,0,LLUVIOSO,MOJADA/HUMEDA,1,0,COLISION CON DOS O MAS VEHICULOS,1,1,0,0,2023
12/7/2023,17,AU ILLIA,ASCENDENTE,2900,LLUVIOSO,MOJADA/HUMEDA,0,0,COLISION CON OBSTACULO FIJO,1,1,0,0,2023
12/7/2023,22,AU PERITO MORENO,ASCENDENTE,4400,LLUVIOSO,MOJADA/HUMEDA,1,0,SINIESTRO DE UN SOLO VEHICULO / SIN COLISION,1,1,0,0,2023
13/7/2023,11,AV. LUGONES,DESCENDENTE,9400,BUENO,MOJADA/HUMEDA,0,0,COLISION CON DOS O MAS VEHICULOS,0,1,0,0,2023
13/7/2023,14,AU 25 DE MAYO,DESCENDENTE,5400,BUENO,SECA,0,0,COLISION CON DOS O MAS VEHICULOS,0,2,0,0,2023
13/7/2023,17,AU 25 DE MAYO,ASCENDENTE,8700,BUENO,SECA,1,0,COLISION CON DOS O MAS VEHICULOS,0,3,0,0,2023
13/7/2023,18,AU PERITO MORENO,DESCENDENTE,2000,BUENO,SECA,0,0,COLISION CON DOS O MAS VEHICULOS,0,3,0,0,2023
14/7/2023,11,AU 25 DE MAYO,DESCENDENTE,6500,BUENO,SECA,1,0,COLISION CON DOS O MAS VEHICULOS,1,1,0,0,2023
14/7/2023,12,DIST. DELLEPIANE,RAMAL 11,-,BUENO,SECA,1,0,COLISION CON OBSTACULO FIJO,1,0,0,0,2023
14/7/2023,14,AV. LUGONES,DESCENDENTE,4600,BUENO,SECA,0,0,COLISION CON DOS O MAS VEHICULOS,0,1,0,1,2023
15/7/2023,1,AU FRONDIZI,ASCENDENTE,3500,BUENO,SECA,2,0,COLISION CON DOS O MAS VEHICULOS,0,2,0,0,2023
15/7/2023,7,TRANSICION RAMAL 4,RAMAL DE INGRESO,-,BUENO,SECA,0,0,OBSTACULO NO FIJO,0,0,0,1,2023
16/7/2023,2,AU PERITO MORENO,DESCENDENTE,1500,BUENO,SECA,0,0,COLISION CON OBSTACULO FIJO,0,1,0,0,2023
17/7/2023,9,AU FRONDIZI,ASCENDENTE,3100,BUENO,SECA,1,0,SINIESTRO DE UN SOLO VEHICULO / SIN COLISION,1,0,0,0,2023
17/7/2023,10,AU 25 DE MAYO,ASCENDENTE,3500,BUENO,SECA,1,0,COLISION CON DOS O MAS VEHICULOS,1,1,0,0,2023
17/7/2023,20,AV. LUGONES,DESCENDENTE,4300,BUENO,SECA,0,0,SINIESTRO DE UN SOLO VEHICULO / SIN COLISION,1,0,0,0,2023
17/7/2023,20,AU 25 DE MAYO,DESCENDENTE,800,BUENO,SECA,0,0,OBSTACULO NO FIJO,0,1,0,0,2023
18/7/2023,18,AU FRONDIZI,DESCENDENTE,1400,BUENO,SECA,1,0,COLISION CON DOS O MAS VEHICULOS,1,1,0,0,2023
20/7/2023,7,AU 25 DE MAYO,ASCENDENTE,2800,BUENO,SECA,0,0,COLISION CON DOS O MAS VEHICULOS,0,3,1,0,2023
21/7/2023,11,AU PERITO MORENO,DESCENDENTE,5400,BUENO,SECA,0,0,OBSTACULO NO FIJO,0,2,0,0,2023
22/7/2023,13,AU DELLEPIANE,ASCENDENTE,3900,BUENO,SECA,1,0,COLISION CON DOS O MAS VEHICULOS,0,3,0,0,2023
22/7/2023,17,AU 25 DE MAYO,ASCENDENTE,9000,BUENO,SECA,1,0,COLISION CON DOS O MAS VEHICULOS,0,2,0,1,2023
22/7/2023,17,AU 25 DE MAYO,ASCENDENTE,7900,BUENO,SECA,1,0,SINIESTRO DE UN SOLO VEHICULO / SIN COLISION,1,0,0,0,2023
23/7/2023,6,AU FRONDIZI,DESCENDENTE,1500,BUENO,SECA,0,0,COLISION CON DOS O MAS VEHICULOS,0,2,0,0,2023
24/7/2023,6,AU 25 DE MAYO,ASCENDENTE,2400,BUENO,SECA,0,0,SINIESTRO DE UN SOLO VEHICULO / SIN COLISION,1,0,0,0,2023
24/7/2023,11,AU 25 DE MAYO,DESCENDENTE,5700,BUENO,SECA,0,0,COLISION CON DOS O MAS VEHICULOS,0,3,0,0,2023
24/7/2023,15,AV. CANTILO,ASCENDENTE,10400,BUENO,SECA,1,0,COLISION CON OBSTACULO FIJO,1,0,0,0,2023
24/7/2023,16,AU PERITO MORENO,ASCENDENTE,200,BUENO,SECA,0,0,COLISION CON DOS O MAS VEHICULOS,0,1,1,0,2023
24/7/2023,20,AU 25 DE MAYO,ASCENDENTE,8800,BUENO,SECA,0,0,COLISION CON DOS O MAS VEHICULOS,0,1,2,0,2023
25/7/2023,11,AV. CANTILO,ASCENDENTE,10300,BUENO,SECA,1,0,COLISION CON OBSTACULO FIJO,0,2,0,0,2023
25/7/2023,15,AV. LUGONES,DESCENDENTE,4200,BUENO,SECA,0,0,COLISION CON DOS O MAS VEHICULOS,0,1,0,1,2023
25/7/2023,19,AU FRONDIZI,DESCENDENTE,0,LLUVIOSO,MOJADA/HUMEDA,5,0,COLISION CON DOS O MAS VEHICULOS,0,3,0,0,2023
25/7/2023,19,AU PERITO MORENO,DESCENDENTE,2800,BUENO,SECA,0,0,COLISION CON DOS O MAS VEHICULOS,1,1,0,0,2023
26/7/2023,12,AU DELLEPIANE,DESCENDENTE,3200,BUENO,MOJADA/HUMEDA,1,0,COLISION CON DOS O MAS VEHICULOS,0,2,0,0,2023
26/7/2023,12,AU FRONDIZI,ASCENDENTE,400,BUENO,SECA,0,0,OBSTACULO NO FIJO,0,0,0,2,2023
26/7/2023,21,AU FRONDIZI,DESCENDENTE,2000,BUENO,SECA,1,0,COLISION CON OBSTACULO FIJO,0,1,0,0,2023
27/7/2023,6,AU ILLIA,DESCENDENTE,2500,BUENO,SECA,0,0,COLISION CON OBSTACULO FIJO,0,1,0,0,2023
27/7/2023,10,AU 25 DE MAYO,ASCENDENTE,3500,BUENO,SECA,1,0,COLISION CON DOS O MAS VEHICULOS,1,1,0,0,2023
27/7/2023,13,AU DELLEPIANE,ASCENDENTE,1000,BUENO,SECA,0,0,COLISION CON DOS O MAS VEHICULOS,0,1,0,0,2023
27/7/2023,13,AV. CANTILO,ASCENDENTE,8000,BUENO,SECA,0,0,COLISION CON OBSTACULO FIJO,0,1,0,0,2023
27/7/2023,17,AU 25 DE MAYO,DESCENDENTE,3400,BUENO,SECA,1,0,COLISION CON DOS O MAS VEHICULOS,1,0,1,0,2023
27/7/2023,22,AU FRONDIZI,ASCENDENTE,3200,BUENO,SECA,0,0,OBSTACULO NO FIJO,0,1,0,0,2023
28/7/2023,10,AU FRONDIZI,ASCENDENTE,1200,BUENO,SECA,0,0,COLISION CON DOS O MAS VEHICULOS,0,1,0,0,2023
29/7/2023,2,AU DELLEPIANE,DESCENDENTE,3500,BUENO,SECA,0,0,COLISION CON DOS O MAS VEHICULOS,0,2,0,0,2023
29/7/2023,6,AU DELLEPIANE,ASCENDENTE,4300,BUENO,SECA,0,0,OBSTACULO NO FIJO,0,1,0,0,2023
29/7/2023,12,AU FRONDIZI,ASCENDENTE,1300,BUENO,SECA,0,0,COLISION CON DOS O MAS VEHICULOS,0,2,0,0,2023
30/7/2023,4,AU 25 DE MAYO,DESCENDENTE,3200,BUENO,SECA,0,0,COLISION CON OBSTACULO FIJO,0,1,0,0,2023
30/7/2023,6,AV. CANTILO,ASCENDENTE,7800,BUENO,SECA,0,0,COLISION CON OBSTACULO FIJO,0,1,0,0,2023
1/8/2023,9,AU 25 DE MAYO,ASCENDENTE,4800,BUENO,SECA,1,0,COLISION CON OBSTACULO FIJO,1,0,0,0,2023
1/8/2023,13,AU DELLEPIANE,ASCENDENTE,1600,BUENO,SECA,1,0,COLISION CON DOS O MAS VEHICULOS,0,1,0,1,2023
1/8/2023,17,AU 25 DE MAYO,DESCENDENTE,300,BUENO,SECA,1,0,COLISION CON DOS O MAS VEHICULOS,0,3,0,0,2023
1/8/2023,18,AV. CANTILO,ASCENDENTE,7800,BUENO,SECA,0,0,COLISION CON DOS O MAS VEHICULOS,1,1,0,0,2023
1/8/2023,18,AU FRONDIZI,DESCENDENTE,500,BUENO,SECA,0,0,COLISION CON DOS O MAS VEHICULOS,0,3,0,0,2023
2/8/2023,15,DIST. 9 DE JULIO,RAMAL 4,-,BUENO,SECA,0,0,COLISION CON DOS O MAS VEHICULOS,0,0,0,2,2023
2/8/2023,16,AU 25 DE MAYO,DESCENDENTE,9200,BUENO,SECA,1,0,COLISION CON DOS O MAS VEHICULOS,1,0,0,0,2023
2/8/2023,19,AU PERITO MORENO,ASCENDENTE,2600,BUENO,SECA,1,0,COLISION CON DOS O MAS VEHICULOS,1,1,0,0,2023
3/8/2023,7,AU 25 DE MAYO,ASCENDENTE,5600,BUENO,SECA,1,0,COLISION CON DOS O MAS VEHICULOS,1,0,0,0,2023
3/8/2023,8,TRANSICION RAMAL 2,RAMAL DE ENLACE,-,BUENO,SECA,0,0,COLISION CON DOS O MAS VEHICULOS,2,0,0,0,2023
3/8/2023,15,AU 25 DE MAYO,DESCENDENTE,2500,BUENO,SECA,0,0,COLISION CON DOS O MAS VEHICULOS,0,2,0,0,2023
4/8/2023,14,AU PERITO MORENO,DESCENDENTE,4300,BUENO,SECA,2,0,OBSTACULO NO FIJO,1,1,0,0,2023
4/8/2023,15,AV. LUGONES,DESCENDENTE,6400,BUENO,SECA,0,0,COLISION CON DOS O MAS VEHICULOS,0,2,0,0,2023
5/8/2023,8,AU 25 DE MAYO,DESCENDENTE,800,BUENO,SECA,0,0,COLISION CON OBSTACULO FIJO,0,1,0,0,2023
5/8/2023,15,AU PERITO MORENO,DESCENDENTE,600,BUENO,SECA,0,0,COLISION CON DOS O MAS VEHICULOS,0,1,0,0,2023
5/8/2023,17,AU FRONDIZI,DESCENDENTE,300,BUENO,SECA,0,0,COLISION CON DOS O MAS VEHICULOS,0,1,1,0,2023
6/8/2023,13,AU 25 DE MAYO,ASCENDENTE,4900,LLUVIOSO,MOJADA/HUMEDA,0,0,COLISION CON DOS O MAS VEHICULOS,0,3,0,0,2023
6/8/2023,18,AU DELLEPIANE,ASCENDENTE,2800,BUENO,SECA,0,0,COLISION CON DOS O MAS VEHICULOS,0,3,0,0,2023
6/8/2023,21,AU FRONDIZI,DESCENDENTE,1500,BUENO,SECA,1,0,SINIESTRO DE UN SOLO VEHICULO / SIN COLISION,1,1,0,0,2023
7/8/2023,10,AU 25 DE MAYO,ASCENDENTE,1100,BUENO,SECA,0,0,COLISION CON DOS O MAS VEHICULOS,0,1,0,0,2023
7/8/2023,13,AU DELLEPIANE,ASCENDENTE,200,BUENO,SECA,0,0,COLISION CON DOS O MAS VEHICULOS,0,3,0,0,2023
8/8/2023,19,AU 25 DE MAYO,DESCENDENTE,4300,BUENO,SECA,0,0,COLISION CON DOS O MAS VEHICULOS,0,2,0,1,2023
9/8/2023,6,AU DELLEPIANE,ASCENDENTE,0,BUENO,SECA,2,0,SINIESTRO DE UN SOLO VEHICULO / SIN COLISION,1,0,0,0,2023
10/8/2023,5,AU 25 DE MAYO,ASCENDENTE,7600,BUENO,SECA,1,0,SINIESTRO DE UN SOLO VEHICULO / SIN COLISION,1,0,0,0,2023
10/8/2023,7,AV. LUGONES,DESCENDENTE,6000,BUENO,SECA,1,0,COLISION CON DOS O MAS VEHICULOS,1,1,0,0,2023
10/8/2023,8,AU 25 DE MAYO,ASCENDENTE,3100,BUENO,SECA,1,0,COLISION CON DOS O MAS VEHICULOS,1,1,0,0,2023
10/8/2023,20,AU 25 DE MAYO,ASCENDENTE,9200,BUENO,SECA,0,0,COLISION CON OBSTACULO FIJO,0,1,0,0,2023
11/8/2023,8,AU DELLEPIANE,ASCENDENTE,2000,BUENO,SECA,0,0,COLISION CON DOS O MAS VEHICULOS,1,1,0,0,2023
12/8/2023,11,AU 25 DE MAYO,DESCENDENTE,7700,BUENO,SECA,0,0,COLISION CON DOS O MAS VEHICULOS,0,2,0,0,2023
12/8/2023,13,AU DELLEPIANE,DESCENDENTE,2300,BUENO,SECA,1,0,COLISION CON DOS O MAS VEHICULOS,0,3,0,1,2023
14/8/2023,6,AU PERITO MORENO,ASCENDENTE,700,BUENO,SECA,1,0,COLISION CON DOS O MAS VEHICULOS,1,1,0,0,2023
14/8/2023,10,AU 25 DE MAYO,ASCENDENTE,500,BUENO,SECA,0,0,COLISION CON DOS O MAS VEHICULOS,0,1,0,1,2023
14/8/2023,13,AU DELLEPIANE,ASCENDENTE,1500,BUENO,SECA,2,0,COLISION CON DOS O MAS VEHICULOS,0,5,0,0,2023
14/8/2023,20,AU ILLIA,ASCENDENTE,6300,BUENO,SECA,0,0,OBSTACULO NO FIJO,1,3,0,0,2023
15/8/2023,15,AV. CANTILO,ASCENDENTE,8600,BUENO,SECA,1,0,COLISION CON DOS O MAS VEHICULOS,1,1,0,0,2023
16/8/2023,10,AV. LUGONES,DESCENDENTE,8600,BUENO,SECA,0,0,COLISION CON DOS O MAS VEHICULOS,0,0,0,2,2023
16/8/2023,14,AU 25 DE MAYO,ASCENDENTE,6400,BUENO,SECA,0,0,COLISION CON DOS O MAS VEHICULOS,0,2,0,1,2023
18/8/2023,10,AU 25 DE MAYO,ASCENDENTE,900,BUENO,MOJADA/HUMEDA,0,0,COLISION CON DOS O MAS VEHICULOS,0,2,0,0,2023
18/8/2023,17,AU PERITO MORENO,DESCENDENTE,5000,BUENO,SECA,0,0,OBSTACULO NO FIJO,0,2,0,1,2023
21/8/2023,8,AU 25 DE MAYO,DESCENDENTE,8600,BUENO,SECA,0,0,COLISION CON OBSTACULO FIJO,0,1,0,0,2023
21/8/2023,20,AU 25 DE MAYO,ASCENDENTE,7000,BUENO,SECA,0,0,COLISION CON DOS O MAS VEHICULOS,0,2,0,0,2023
23/8/2023,8,AU FRONDIZI,ASCENDENTE,3000,BUENO,SECA,1,0,COLISION CON DOS O MAS VEHICULOS,0,2,0,0,2023
23/8/2023,19,AU ILLIA,ASCENDENTE,3700,BUENO,SECA,0,0,COLISION CON DOS O MAS VEHICULOS,0,0,0,1,2023
24/8/2023,9,AU 25 DE MAYO,ASCENDENTE,9200,BUENO,SECA,0,0,COLISION CON DOS O MAS VEHICULOS,1,1,0,0,2023
24/8/2023,9,AV. LUGONES,DESCENDENTE,10400,BUENO,SECA,0,0,COLISION CON DOS O MAS VEHICULOS,0,1,0,0,2023
24/8/2023,14,AU DELLEPIANE,DESCENDENTE,600,BUENO,SECA,1,0,COLISION CON DOS O MAS VEHICULOS,1,1,0,0,2023
25/8/2023,6,AU DELLEPIANE,ASCENDENTE,3700,BUENO,SECA,1,0,COLISION CON DOS O MAS VEHICULOS,0,2,0,0,2023
25/8/2023,11,TRANSICION RAMAL 2,RAMAL DE ENLACE,-,BUENO,SECA,0,0,COLISION CON DOS O MAS VEHICULOS,0,0,1,0,2023
26/8/2023,16,AV. LUGONES,DESCENDENTE,6500,BUENO,SECA,0,0,OBSTACULO NO FIJO,0,1,0,0,2023
27/8/2023,9,AU 25 DE MAYO,DESCENDENTE,1400,BUENO,SECA,3,0,COLISION CON DOS O MAS VEHICULOS,1,3,0,0,2023
27/8/2023,16,AV. LUGONES,DESCENDENTE,4800,BUENO,SECA,0,0,COLISION CON DOS O MAS VEHICULOS,0,2,0,0,2023
28/8/2023,8,AU FRONDIZI,DESCENDENTE,800,BUENO,SECA,0,0,COLISION CON DOS O MAS VEHICULOS,0,1,0,0,2023
28/8/2023,14,PASEO DEL BAJO,DESCENDENTE,7200,BUENO,SECA,0,0,COLISION CON DOS O MAS VEHICULOS,0,1,0,1,2023
28/8/2023,16,AU DELLEPIANE,DESCENDENTE,2500,BUENO,SECA,0,0,COLISION CON DOS O MAS VEHICULOS,0,2,0,0,2023
28/8/2023,16,AU DELLEPIANE,DESCENDENTE,900,BUENO,SECA,0,0,COLISION CON DOS O MAS VEHICULOS,0,1,1,0,2023
29/8/2023,5,AU FRONDIZI,DESCENDENTE,3000,BUENO,SECA,1,0,COLISION CON DOS O MAS VEHICULOS,1,1,0,0,2023
29/8/2023,9,AV. LUGONES,DESCENDENTE,6000,BUENO,SECA,1,0,COLISION CON DOS O MAS VEHICULOS,1,1,0,0,2023
29/8/2023,15,AU 25 DE MAYO,ASCENDENTE,300,BUENO,SECA,1,0,COLISION CON DOS O MAS VEHICULOS,1,1,0,0,2023
29/8/2023,15,AU 25 DE MAYO,ASCENDENTE,7400,BUENO,SECA,1,0,SINIESTRO DE UN SOLO VEHICULO / SIN COLISION,1,0,0,0,2023
29/8/2023,15,AU 25 DE MAYO,DESCENDENTE,8500,BUENO,SECA,0,0,COLISION CON DOS O MAS VEHICULOS,0,2,0,0,2023
29/8/2023,17,AU PERITO MORENO,DESCENDENTE,400,BUENO,SECA,0,0,COLISION CON DOS O MAS VEHICULOS,0,2,0,0,2023
29/8/2023,18,AU 25 DE MAYO,DESCENDENTE,8400,BUENO,SECA,1,0,COLISION CON DOS O MAS VEHICULOS,1,0,0,1,2023
29/8/2023,20,AU 25 DE MAYO,ASCENDENTE,5700,BUENO,SECA,0,0,COLISION CON DOS O MAS VEHICULOS,0,2,0,0,2023
30/8/2023,12,AU 25 DE MAYO,DESCENDENTE,7800,BUENO,SECA,1,0,COLISION CON DOS O MAS VEHICULOS,1,1,0,0,2023
30/8/2023,15,AU 25 DE MAYO,DESCENDENTE,4500,BUENO,SECA,1,0,COLISION CON DOS O MAS VEHICULOS,1,1,0,0,2023
30/8/2023,16,AU 25 DE MAYO,ASCENDENTE,6900,BUENO,SECA,1,0,SINIESTRO DE UN SOLO VEHICULO / SIN COLISION,1,0,0,0,2023
30/8/2023,17,AU 25 DE MAYO,ASCENDENTE,8800,BUENO,SECA,0,0,COLISION CON DOS O MAS VEHICULOS,1,1,0,0,2023
31/8/2023,15,AU ILLIA,ASCENDENTE,3000,BUENO,SECA,0,0,COLISION CON OBSTACULO FIJO,0,1,0,0,2023
1/9/2023,13,AU PERITO MORENO,DESCENDENTE,1700,BUENO,SECA,1,0,COLISION CON DOS O MAS VEHICULOS,1,1,0,0,2023
1/9/2023,15,AU PERITO MORENO,DESCENDENTE,5900,BUENO,SECA,0,0,COLISION CON DOS O MAS VEHICULOS,0,2,0,0,2023
3/9/2023,1,AV. LUGONES,DESCENDENTE,8500,LLUVIOSO,MOJADA/HUMEDA,0,0,COLISION CON OBSTACULO FIJO,0,1,0,0,2023
3/9/2023,6,AV. CANTILO,ASCENDENTE,9800,LLUVIOSO,MOJADA/HUMEDA,0,0,COLISION CON DOS O MAS VEHICULOS,0,2,0,0,2023
3/9/2023,6,DIST. UDAONDO,-,-,LLUVIOSO,MOJADA/HUMEDA,0,0,COLISION CON OBSTACULO FIJO,0,1,0,0,2023
3/9/2023,14,AU FRONDIZI,ASCENDENTE,2200,LLUVIOSO,MOJADA/HUMEDA,0,0,COLISION CON DOS O MAS VEHICULOS,0,2,0,0,2023
3/9/2023,21,AU FRONDIZI,ASCENDENTE,3000,BUENO,MOJADA/HUMEDA,0,0,COLISION CON DOS O MAS VEHICULOS,0,1,0,0,2023
4/9/2023,9,AU PERITO MORENO,ASCENDENTE,4900,BUENO,SECA,0,0,SINIESTRO DE UN SOLO VEHICULO / SIN COLISION,1,0,0,0,2023
4/9/2023,10,AU FRONDIZI,DESCENDENTE,2000,BUENO,SECA,0,0,COLISION CON DOS O MAS VEHICULOS,0,0,0,2,2023
4/9/2023,14,AU 25 DE MAYO,DESCENDENTE,8000,BUENO,SECA,1,0,COLISION CON DOS O MAS VEHICULOS,1,1,1,0,2023
5/9/2023,6,AU DELLEPIANE,ASCENDENTE,1000,BUENO,SECA,0,0,COLISION CON OBSTACULO FIJO,0,0,0,1,2023
5/9/2023,12,AU 25 DE MAYO,ASCENDENTE,700,BUENO,SECA,1,0,COLISION CON DOS O MAS VEHICULOS,0,1,0,0,2023
6/9/2023,17,AU ILLIA,ASCENDENTE,5000,BUENO,SECA,0,0,SINIESTRO DE UN SOLO VEHICULO / SIN COLISION,1,0,0,0,2023
6/9/2023,20,AU DELLEPIANE,DESCENDENTE,4500,BUENO,SECA,0,0,COLISION CON OBSTACULO FIJO,0,0,0,1,2023
6/9/2023,20,AU 25 DE MAYO,DESCENDENTE,5000,BUENO,SECA,1,0,OBSTACULO NO FIJO,1,0,0,1,2023
7/9/2023,8,PASEO DEL BAJO,ASCENDENTE,4500,LLUVIOSO,MOJADA/HUMEDA,0,0,COLISION CON DOS O MAS VEHICULOS,0,1,1,0,2023
7/9/2023,9,AU ILLIA,DESCENDENTE,2700,LLUVIOSO,MOJADA/HUMEDA,0,0,SINIESTRO DE UN SOLO VEHICULO / SIN COLISION,0,0,0,1,2023
7/9/2023,18,AU 25 DE MAYO,DESCENDENTE,5700,BUENO,SECA,0,0,COLISION CON DOS O MAS VEHICULOS,0,2,0,0,2023
8/9/2023,7,AU 25 DE MAYO,ASCENDENTE,5500,BUENO,SECA,1,0,COLISION CON DOS O MAS VEHICULOS,2,0,0,0,2023
8/9/2023,7,AU 25 DE MAYO,ASCENDENTE,5000,BUENO,SECA,1,0,COLISION CON DOS O MAS VEHICULOS,0,0,2,0,2023
8/9/2023,8,AU 25 DE MAYO,ASCENDENTE,7700,BUENO,SECA,0,0,OBSTACULO NO FIJO,0,1,0,1,2023
8/9/2023,13,AV. CANTILO,ASCENDENTE,8600,BUENO,SECA,0,0,COLISION CON DOS O MAS VEHICULOS,0,1,0,1,2023
9/9/2023,4,AU PERITO MORENO,ASCENDENTE,3300,BUENO,SECA,0,0,COLISION CON OBSTACULO FIJO,0,1,0,0,2023
9/9/2023,7,AV. CANTILO,ASCENDENTE,8000,BUENO,SECA,0,0,COLISION CON DOS O MAS VEHICULOS,0,2,0,0,2023
9/9/2023,15,AU ILLIA,DESCENDENTE,500,BUENO,SECA,0,0,OBSTACULO NO FIJO,0,1,1,0,2023
9/9/2023,16,AU FRONDIZI,ASCENDENTE,100,BUENO,SECA,1,0,COLISION CON DOS O MAS VEHICULOS,1,1,0,0,2023
9/9/2023,22,AU PERITO MORENO,ASCENDENTE,3500,BUENO,SECA,0,0,OBSTACULO NO FIJO,0,2,0,0,2023
10/9/2023,6,AU DELLEPIANE,ASCENDENTE,1900,BUENO,SECA,1,0,COLISION CON OBSTACULO FIJO,0,1,0,0,2023
10/9/2023,8,AU 25 DE MAYO,ASCENDENTE,7000,BUENO,SECA,0,0,COLISION CON DOS O MAS VEHICULOS,0,2,0,0,2023
10/9/2023,12,AU 25 DE MAYO,ASCENDENTE,800,BUENO,SECA,2,0,COLISION CON DOS O MAS VEHICULOS,1,1,0,0,2023
10/9/2023,21,AU 25 DE MAYO,DESCENDENTE,0,BUENO,SECA,0,0,COLISION CON DOS O MAS VEHICULOS,0,2,0,0,2023
11/9/2023,14,AV. LUGONES,DESCENDENTE,9700,LLUVIOSO,MOJADA/HUMEDA,0,0,COLISION CON DOS O MAS VEHICULOS,0,1,0,0,2023
11/9/2023,18,AU 25 DE MAYO,ASCENDENTE,9200,BUENO,SECA,0,0,COLISION CON OBSTACULO FIJO,0,1,0,0,2023
12/9/2023,6,AU 25 DE MAYO,ASCENDENTE,7700,BUENO,SECA,0,0,COLISION CON DOS O MAS VEHICULOS,0,2,0,0,2023
12/9/2023,7,AU PERITO MORENO,DESCENDENTE,4000,BUENO,SECA,0,0,COLISION CON DOS O MAS VEHICULOS,0,3,0,0,2023
12/9/2023,19,AU ILLIA,ASCENDENTE,3700,BUENO,SECA,1,0,COLISION CON DOS O MAS VEHICULOS,1,1,0,0,2023
14/9/2023,4,AV. LUGONES,DESCENDENTE,10300,BUENO,SECA,1,0,OBSTACULO NO FIJO,1,0,0,0,2023
14/9/2023,8,AV. LUGONES,DESCENDENTE,4500,BUENO,SECA,3,0,COLISION CON DOS O MAS VEHICULOS,0,2,0,0,2023
14/9/2023,14,AV. LUGONES,DESCENDENTE,9300,BUENO,SECA,0,0,COLISION CON DOS O MAS VEHICULOS,0,3,0,0,2023
14/9/2023,14,AU FRONDIZI,DESCENDENTE,3000,BUENO,SECA,0,0,COLISION CON DOS O MAS VEHICULOS,0,1,0,0,2023
14/9/2023,21,AU FRONDIZI,DESCENDENTE,1600,BUENO,SECA,0,0,COLISION CON DOS O MAS VEHICULOS,0,3,0,0,2023
15/9/2023,7,AU DELLEPIANE,ASCENDENTE,1500,BUENO,SECA,0,0,COLISION CON DOS O MAS VEHICULOS,0,1,0,0,2023
15/9/2023,19,AU DELLEPIANE,DESCENDENTE,900,BUENO,SECA,0,0,COLISION CON DOS O MAS VEHICULOS,0,1,0,0,2023
16/9/2023,2,AU FRONDIZI,DESCENDENTE,300,BUENO,SECA,2,1,OBSTACULO NO FIJO,1,1,0,0,2023
16/9/2023,8,AU 25 DE MAYO,ASCENDENTE,5400,BUENO,SECA,0,0,COLISION CON OBSTACULO FIJO,0,1,0,0,2023
16/9/2023,8,AU FRONDIZI,ASCENDENTE,3200,BUENO,SECA,2,0,COLISION CON DOS O MAS VEHICULOS,0,3,0,0,2023
16/9/2023,13,AU 25 DE MAYO,ASCENDENTE,600,BUENO,SECA,0,0,COLISION CON DOS O MAS VEHICULOS,0,2,0,0,2023
16/9/2023,13,AU FRONDIZI,DESCENDENTE,2600,BUENO,SECA,1,0,COLISION CON DOS O MAS VEHICULOS,1,1,0,0,2023
16/9/2023,14,AU 25 DE MAYO,ASCENDENTE,0,BUENO,SECA,0,0,COLISION CON DOS O MAS VEHICULOS,1,1,0,0,2023
16/9/2023,21,AU 25 DE MAYO,ASCENDENTE,4600,BUENO,SECA,1,0,OBSTACULO NO FIJO,1,1,0,0,2023
16/9/2023,22,AU DELLEPIANE,ASCENDENTE,3500,BUENO,SECA,0,0,COLISION CON OBSTACULO FIJO,0,1,0,0,2023
18/9/2023,2,DIST. DELLEPIANE,RAMAL 9,-,BUENO,DESLIZANTE,0,0,COLISION CON OBSTACULO FIJO,0,1,0,0,2023
18/9/2023,15,AU 25 DE MAYO,DESCENDENTE,3100,BUENO,SECA,1,0,SINIESTRO DE UN SOLO VEHICULO / SIN COLISION,1,0,0,0,2023
18/9/2023,19,AV. CANTILO,ASCENDENTE,10400,BUENO,SECA,0,0,COLISION CON DOS O MAS VEHICULOS,0,2,0,0,2023
19/9/2023,9,AV. LUGONES,DESCENDENTE,9800,BUENO,SECA,1,0,COLISION CON DOS O MAS VEHICULOS,0,2,0,0,2023
19/9/2023,15,AU PERITO MORENO,ASCENDENTE,4900,BUENO,SECA,0,0,COLISION CON OBSTACULO FIJO,0,1,0,0,2023
20/9/2023,8,AV. CANTILO,ASCENDENTE,8000,BUENO,SECA,0,0,COLISION CON DOS O MAS VEHICULOS,0,1,0,1,2023
20/9/2023,9,AU DELLEPIANE,ASCENDENTE,4600,BUENO,SECA,0,0,COLISION CON DOS O MAS VEHICULOS,0,3,0,0,2023
20/9/2023,17,AU 25 DE MAYO,DESCENDENTE,2400,BUENO,SECA,0,0,COLISION CON DOS O MAS VEHICULOS,0,1,0,0,2023
21/9/2023,5,AU PERITO MORENO,ASCENDENTE,3500,LLUVIOSO,MOJADA/HUMEDA,0,0,SINIESTRO DE UN SOLO VEHICULO / SIN COLISION,1,0,0,0,2023
21/9/2023,8,AU PERITO MORENO,DESCENDENTE,3100,BUENO,MOJADA/HUMEDA,0,0,COLISION CON OBSTACULO FIJO,0,1,0,0,2023
21/9/2023,8,AU ILLIA,DESCENDENTE,500,BUENO,MOJADA/HUMEDA,1,0,COLISION CON OBSTACULO FIJO,1,0,0,0,2023
21/9/2023,12,AU PERITO MORENO,ASCENDENTE,400,BUENO,SECA,0,0,COLISION CON DOS O MAS VEHICULOS,0,1,0,1,2023
21/9/2023,12,AU DELLEPIANE,ASCENDENTE,1000,BUENO,SECA,0,0,COLISION CON DOS O MAS VEHICULOS,0,4,0,0,2023
21/9/2023,13,AU 25 DE MAYO,DESCENDENTE,800,BUENO,MOJADA/HUMEDA,0,0,COLISION CON DOS O MAS VEHICULOS,0,1,0,1,2023
21/9/2023,15,AU DELLEPIANE,ASCENDENTE,3800,BUENO,SECA,0,0,COLISION CON DOS O MAS VEHICULOS,0,3,0,0,2023
21/9/2023,16,AU DELLEPIANE,DESCENDENTE,1800,BUENO,SECA,0,0,COLISION CON OBSTACULO FIJO,0,1,0,0,2023
22/9/2023,17,AU PERITO MORENO,ASCENDENTE,3800,BUENO,SECA,0,0,OBSTACULO NO FIJO,0,2,0,0,2023
22/9/2023,20,AU FRONDIZI,DESCENDENTE,2500,BUENO,SECA,0,0,OBSTACULO NO FIJO,1,0,0,0,2023
22/9/2023,22,AU 25 DE MAYO,ASCENDENTE,8100,BUENO,SECA,0,0,COLISION CON OBSTACULO FIJO,0,1,0,0,2023
23/9/2023,6,AU ILLIA,DESCENDENTE,4200,BUENO,SECA,0,0,OBSTACULO NO FIJO,0,1,0,0,2023
23/9/2023,7,AU ILLIA,ASCENDENTE,5000,BUENO,SECA,0,0,OBSTACULO NO FIJO,0,0,1,0,2023
23/9/2023,10,AV. LUGONES,DESCENDENTE,5200,BUENO,SECA,1,0,COLISION CON DOS O MAS VEHICULOS,1,1,0,0,2023
23/9/2023,17,AV. LUGONES,DESCENDENTE,10300,BUENO,SECA,0,0,COLISION CON DOS O MAS VEHICULOS,0,1,0,0,2023
24/9/2023,6,AU 25 DE MAYO,DESCENDENTE,3300,BUENO,SECA,0,0,COLISION CON OBSTACULO FIJO,0,1,0,0,2023
24/9/2023,15,AU ILLIA,DESCENDENTE,2500,BUENO,SECA,1,0,COLISION CON OBSTACULO FIJO,0,1,0,0,2023
25/9/2023,7,AU 25 DE MAYO,DESCENDENTE,8600,BUENO,SECA,1,0,COLISION CON DOS O MAS VEHICULOS,0,2,1,0,2023
26/9/2023,6,AU 25 DE MAYO,DESCENDENTE,8200,BUENO,SECA,1,0,COLISION CON DOS O MAS VEHICULOS,1,0,0,0,2023
26/9/2023,7,AU 25 DE MAYO,ASCENDENTE,6100,BUENO,SECA,1,0,SINIESTRO DE UN SOLO VEHICULO / SIN COLISION,1,0,0,0,2023
26/9/2023,8,AV. LUGONES,DESCENDENTE,10000,BUENO,SECA,0,0,COLISION CON DOS O MAS VEHICULOS,0,1,0,1,2023
27/9/2023,7,AU ILLIA,ASCENDENTE,5400,BUENO,SECA,2,0,COLISION CON DOS O MAS VEHICULOS,0,1,0,1,2023
27/9/2023,8,AU 25 DE MAYO,DESCENDENTE,1600,BUENO,SECA,1,0,COLISION CON DOS O MAS VEHICULOS,1,0,0,1,2023
27/9/2023,15,AU PERITO MORENO,ASCENDENTE,3400,BUENO,SECA,0,0,COLISION CON DOS O MAS VEHICULOS,0,2,0,0,2023
27/9/2023,15,AU 25 DE MAYO,ASCENDENTE,8200,BUENO,SECA,0,0,COLISION CON OBSTACULO FIJO,0,1,0,0,2023
27/9/2023,17,AU PERITO MORENO,DESCENDENTE,4300,BUENO,SECA,0,0,OBSTACULO NO FIJO,0,3,0,0,2023
28/9/2023,7,AU DELLEPIANE,ASCENDENTE,1100,BUENO,SECA,1,0,COLISION CON DOS O MAS VEHICULOS,1,1,0,0,2023
28/9/2023,10,AU 25 DE MAYO,ASCENDENTE,700,BUENO,SECA,0,0,COLISION CON DOS O MAS VEHICULOS,0,1,0,1,2023
28/9/2023,15,AU FRONDIZI,DESCENDENTE,1700,BUENO,SECA,1,0,COLISION CON DOS O MAS VEHICULOS,0,2,0,0,2023
28/9/2023,17,AU PERITO MORENO,DESCENDENTE,5100,BUENO,SECA,0,0,SINIESTRO DE UN SOLO VEHICULO / SIN COLISION,1,0,0,0,2023
28/9/2023,20,AU 25 DE MAYO,DESCENDENTE,4000,BUENO,SECA,0,0,SINIESTRO DE UN SOLO VEHICULO / SIN COLISION,0,1,0,0,2023
28/9/2023,20,AU 25 DE MAYO,DESCENDENTE,8600,BUENO,SECA,1,0,COLISION CON OBSTACULO FIJO,0,1,0,0,2023
29/9/2023,9,AU PERITO MORENO,ASCENDENTE,5400,BUENO,SECA,1,0,COLISION CON OBSTACULO FIJO,0,1,2,0,2023
29/9/2023,12,AU PERITO MORENO,DESCENDENTE,300,BUENO,SECA,0,0,COLISION CON DOS O MAS VEHICULOS,0,1,1,0,2023
29/9/2023,14,AU 25 DE MAYO,DESCENDENTE,6300,BUENO,SECA,0,0,COLISION CON DOS O MAS VEHICULOS,0,1,0,0,2023
29/9/2023,16,AU 25 DE MAYO,DESCENDENTE,4800,BUENO,SECA,0,0,OBSTACULO NO FIJO,0,1,1,0,2023
1/10/2023,1,AU PERITO MORENO,ASCENDENTE,5500,BUENO,SECA,0,0,COLISION CON DOS O MAS VEHICULOS,0,1,0,0,2023
1/10/2023,5,AU DELLEPIANE,ASCENDENTE,3500,BUENO,SECA,0,0,COLISION CON OBSTACULO FIJO,0,1,0,0,2023
1/10/2023,6,AV. LUGONES,DESCENDENTE,4500,BUENO,SECA,0,0,COLISION CON OBSTACULO FIJO,0,1,0,0,2023
1/10/2023,7,AV. LUGONES,DESCENDENTE,6000,BUENO,SECA,0,0,COLISION CON OBSTACULO FIJO,0,1,0,0,2023
1/10/2023,15,AV. LUGONES,DESCENDENTE,6600,BUENO,SECA,2,0,COLISION CON DOS O MAS VEHICULOS,0,4,1,0,2023
1/10/2023,17,PASEO DEL BAJO,ASCENDENTE,900,BUENO,SECA,0,0,SINIESTRO DE UN SOLO VEHICULO / SIN COLISION,0,1,0,0,2023
2/10/2023,8,AV. CANTILO,ASCENDENTE,8500,BUENO,SECA,0,0,COLISION CON DOS O MAS VEHICULOS,0,1,0,1,2023
2/10/2023,9,AU DELLEPIANE,ASCENDENTE,3800,BUENO,SECA,0,0,COLISION CON OBSTACULO FIJO,1,0,0,0,2023
2/10/2023,10,AU PERITO MORENO,ASCENDENTE,500,BUENO,SECA,0,0,COLISION CON DOS O MAS VEHICULOS,0,2,0,1,2023
2/10/2023,12,AU DELLEPIANE,DESCENDENTE,2000,BUENO,SECA,0,0,COLISION CON DOS O MAS VEHICULOS,0,2,0,0,2023
3/10/2023,19,AU PERITO MORENO,DESCENDENTE,3100,LLUVIOSO,MOJADA/HUMEDA,0,0,COLISION CON DOS O MAS VEHICULOS,0,1,0,1,2023
4/10/2023,7,AU 25 DE MAYO,ASCENDENTE,0,BUENO,SECA,0,0,COLISION CON DOS O MAS VEHICULOS,0,2,0,0,2023
4/10/2023,9,AU PERITO MORENO,ASCENDENTE,1000,BUENO,SECA,0,0,OBSTACULO NO FIJO,0,3,0,0,2023
4/10/2023,16,AU 25 DE MAYO,DESCENDENTE,2100,BUENO,SECA,0,0,COLISION CON DOS O MAS VEHICULOS,0,1,0,0,2023
4/10/2023,19,AV. LUGONES,DESCENDENTE,6100,BUENO,SECA,1,0,COLISION CON DOS O MAS VEHICULOS,1,1,0,0,2023
5/10/2023,4,AV. CANTILO,ASCENDENTE,8700,BUENO,SECA,0,0,COLISION CON OBSTACULO FIJO,0,1,0,0,2023
5/10/2023,13,AV. CANTILO,ASCENDENTE,8500,BUENO,SECA,0,0,COLISION CON DOS O MAS VEHICULOS,0,2,0,0,2023
5/10/2023,19,AU DELLEPIANE,DESCENDENTE,2800,BUENO,SECA,0,0,COLISION CON DOS O MAS VEHICULOS,0,2,0,0,2023
5/10/2023,22,AU 25 DE MAYO,DESCENDENTE,8400,BUENO,SECA,0,0,SINIESTRO DE UN SOLO VEHICULO / SIN COLISION,1,0,0,0,2023
6/10/2023,8,AU 25 DE MAYO,ASCENDENTE,1000,BUENO,SECA,1,0,COLISION CON DOS O MAS VEHICULOS,1,1,0,0,2023
6/10/2023,8,AU PERITO MORENO,DESCENDENTE,4500,BUENO,SECA,0,0,OBSTACULO NO FIJO,0,1,0,0,2023
6/10/2023,13,AU ILLIA,DESCENDENTE,3300,BUENO,SECA,0,0,OBSTACULO NO FIJO,0,5,0,0,2023
6/10/2023,18,AU FRONDIZI,DESCENDENTE,1800,BUENO,SECA,0,0,COLISION CON OBSTACULO FIJO,0,1,0,0,2023
7/10/2023,7,AU 25 DE MAYO,DESCENDENTE,9100,BUENO,PAV/DEFECTUOSO,0,0,COLISION CON DOS O MAS VEHICULOS,0,1,0,1,2023
7/10/2023,17,AU PERITO MORENO,DESCENDENTE,2400,BUENO,SECA,0,0,OBSTACULO NO FIJO,0,1,0,0,2023
8/10/2023,1,AU 25 DE MAYO,DESCENDENTE,1900,BUENO,SECA,0,0,COLISION CON DOS O MAS VEHICULOS,0,2,0,0,2023
8/10/2023,16,AU FRONDIZI,ASCENDENTE,1500,BUENO,SECA,3,0,OBSTACULO NO FIJO,0,2,0,0,2023
8/10/2023,18,AV. LUGONES,DESCENDENTE,9000,BUENO,SECA,1,0,COLISION CON DOS O MAS VEHICULOS,1,1,0,0,2023
8/10/2023,18,AV. LUGONES,DESCENDENTE,6000,BUENO,SECA,2,0,COLISION CON DOS O MAS VEHICULOS,1,1,0,0,2023
9/10/2023,12,AU CAMPORA,DESCENDENTE,1500,BUENO,SECA,0,0,COLISION CON DOS O MAS VEHICULOS,0,2,0,0,2023
9/10/2023,13,AU DELLEPIANE,ASCENDENTE,600,BUENO,SECA,0,0,COLISION CON DOS O MAS VEHICULOS,0,2,0,0,2023
9/10/2023,19,AU 25 DE MAYO,DESCENDENTE,4600,BUENO,SECA,1,0,COLISION CON DOS O MAS VEHICULOS,0,1,0,1,2023
10/10/2023,17,AU PERITO MORENO,DESCENDENTE,4500,BUENO,SECA,1,0,COLISION CON DOS O MAS VEHICULOS,1,1,0,0,2023
10/10/2023,19,AU PERITO MORENO,DESCENDENTE,1100,BUENO,SECA,0,0,COLISION CON DOS O MAS VEHICULOS,0,1,0,0,2023
11/10/2023,6,PASEO DEL BAJO,DESCENDENTE,800,BUENO,SECA,0,0,COLISION CON OBSTACULO FIJO,0,0,0,1,2023
11/10/2023,7,AV. LUGONES,DESCENDENTE,9900,BUENO,SECA,0,0,COLISION CON DOS O MAS VEHICULOS,0,2,0,0,2023
11/10/2023,13,AU FRONDIZI,ASCENDENTE,3100,BUENO,SECA,0,0,COLISION CON DOS O MAS VEHICULOS,1,1,0,0,2023
11/10/2023,13,AV. CANTILO,ASCENDENTE,8500,BUENO,SECA,0,0,COLISION CON DOS O MAS VEHICULOS,0,2,0,0,2023
11/10/2023,14,TRANSICION RAMAL 2,RAMAL DE ENLACE,-,BUENO,SECA,0,0,COLISION CON DOS O MAS VEHICULOS,0,3,0,0,2023
11/10/2023,18,AU ILLIA,ASCENDENTE,4500,BUENO,SECA,0,0,COLISION CON DOS O MAS VEHICULOS,0,1,0,1,2023
12/10/2023,10,AU PERITO MORENO,ASCENDENTE,3500,BUENO,SECA,0,0,COLISION CON DOS O MAS VEHICULOS,0,1,0,0,2023
12/10/2023,15,AU PERITO MORENO,DESCENDENTE,5400,BUENO,SECA,0,0,COLISION CON OBSTACULO FIJO,0,1,0,0,2023
12/10/2023,22,AU DELLEPIANE,DESCENDENTE,1500,BUENO,SECA,0,0,COLISION CON DOS O MAS VEHICULOS,0,2,0,0,2023
13/10/2023,7,AU 25 DE MAYO,DESCENDENTE,900,BUENO,SECA,0,0,COLISION CON DOS O MAS VEHICULOS,0,1,0,1,2023
15/10/2023,7,TRANSICION RAMAL 3,RAMAL DE ENLACE,-,BUENO,SECA,0,0,COLISION CON OBSTACULO FIJO,0,1,0,0,2023
15/10/2023,19,AU PERITO MORENO,DESCENDENTE,5300,BUENO,SECA,0,0,COLISION CON OBSTACULO FIJO,0,1,0,0,2023
16/10/2023,7,AU 25 DE MAYO,DESCENDENTE,6300,BUENO,SECA,0,0,COLISION CON OBSTACULO FIJO,0,1,0,0,2023
16/10/2023,7,AU FRONDIZI,ASCENDENTE,2900,BUENO,SECA,0,0,COLISION CON DOS O MAS VEHICULOS,0,2,0,0,2023
16/10/2023,12,AU 25 DE MAYO,DESCENDENTE,6000,BUENO,SECA,0,0,COLISION CON DOS O MAS VEHICULOS,0,1,0,1,2023
17/10/2023,14,AV. LUGONES,DESCENDENTE,7300,BUENO,SECA,0,0,COLISION CON OBSTACULO FIJO,0,1,0,0,2023
17/10/2023,16,AU 25 DE MAYO,DESCENDENTE,5000,BUENO,SECA,1,0,COLISION CON DOS O MAS VEHICULOS,1,1,0,0,2023
18/10/2023,14,AV. CANTILO,ASCENDENTE,8200,BUENO,SECA,0,0,COLISION CON DOS O MAS VEHICULOS,0,1,0,1,2023
18/10/2023,19,AU 25 DE MAYO,DESCENDENTE,4000,BUENO,SECA,0,0,COLISION CON DOS O MAS VEHICULOS,0,2,0,0,2023
18/10/2023,20,AU FRONDIZI,DESCENDENTE,300,BUENO,SECA,1,0,COLISION CON DOS O MAS VEHICULOS,1,1,0,0,2023
18/10/2023,22,AU DELLEPIANE,ASCENDENTE,1000,BUENO,SECA,0,0,COLISION CON OBSTACULO FIJO,0,2,0,0,2023
20/10/2023,5,AU DELLEPIANE,ASCENDENTE,2900,BUENO,SECA,0,0,COLISION CON DOS O MAS VEHICULOS,0,1,0,1,2023
20/10/2023,7,AV. LUGONES,DESCENDENTE,10100,BUENO,SECA,0,0,COLISION CON DOS O MAS VEHICULOS,0,1,0,1,2023
20/10/2023,8,AU DELLEPIANE,ASCENDENTE,500,BUENO,SECA,1,0,COLISION CON DOS O MAS VEHICULOS,1,1,0,0,2023
20/10/2023,15,AU CAMPORA,ASCENDENTE,400,BUENO,SECA,1,0,OBSTACULO NO FIJO,1,0,0,1,2023
21/10/2023,11,AU 25 DE MAYO,ASCENDENTE,8200,BUENO,SECA,1,0,COLISION CON DOS O MAS VEHICULOS,0,2,0,1,2023
22/10/2023,5,AU PERITO MORENO,DESCENDENTE,1500,BUENO,SECA,0,0,COLISION CON DOS O MAS VEHICULOS,0,2,0,0,2023
23/10/2023,5,AU 25 DE MAYO,DESCENDENTE,8900,LLUVIOSO,MOJADA/HUMEDA,1,0,COLISION CON DOS O MAS VEHICULOS,1,1,0,0,2023
23/10/2023,22,AU 25 DE MAYO,DESCENDENTE,8100,LLUVIOSO,MOJADA/HUMEDA,0,0,COLISION CON DOS O MAS VEHICULOS,0,2,0,0,2023
24/10/2023,10,AU ILLIA,DESCENDENTE,2300,BUENO,SECA,1,0,COLISION CON DOS O MAS VEHICULOS,1,1,0,0,2023
24/10/2023,19,AU DELLEPIANE,DESCENDENTE,3000,BUENO,SECA,0,0,OBSTACULO NO FIJO,0,1,0,0,2023
24/10/2023,22,AV. LUGONES,DESCENDENTE,5000,BUENO,SECA,1,0,COLISION CON OBSTACULO FIJO,1,0,0,0,2023
25/10/2023,12,AV. LUGONES,DESCENDENTE,6000,BUENO,SECA,1,0,COLISION CON DOS O MAS VEHICULOS,1,0,0,1,2023
25/10/2023,12,AU 25 DE MAYO,DESCENDENTE,9200,BUENO,SECA,1,0,COLISION CON DOS O MAS VEHICULOS,1,0,0,1,2023
26/10/2023,8,AV. LUGONES,DESCENDENTE,7700,BUENO,SECA,1,0,COLISION CON DOS O MAS VEHICULOS,1,1,0,0,2023
26/10/2023,10,AV. LUGONES,DESCENDENTE,10100,BUENO,SECA,0,0,COLISION CON DOS O MAS VEHICULOS,2,1,0,0,2023
27/10/2023,10,AV. LUGONES,DESCENDENTE,8500,BUENO,SECA,2,0,COLISION CON DOS O MAS VEHICULOS,1,1,0,0,2023
27/10/2023,10,AU 25 DE MAYO,ASCENDENTE,5100,BUENO,SECA,0,0,COLISION CON DOS O MAS VEHICULOS,0,1,0,1,2023
28/10/2023,6,AU 25 DE MAYO,ASCENDENTE,6600,BUENO,SECA,1,0,COLISION CON OBSTACULO FIJO,1,0,0,0,2023
28/10/2023,11,AU 25 DE MAYO,DESCENDENTE,2200,BUENO,SECA,0,0,COLISION CON DOS O MAS VEHICULOS,0,1,0,0,2023
28/10/2023,19,AU 25 DE MAYO,ASCENDENTE,9300,BUENO,SECA,1,0,COLISION CON DOS O MAS VEHICULOS,1,0,0,0,2023
29/10/2023,7,AU PERITO MORENO,ASCENDENTE,4100,LLUVIOSO,MOJADA/HUMEDA,0,0,COLISION CON OBSTACULO FIJO,0,1,0,0,2023
29/10/2023,8,AU PERITO MORENO,ASCENDENTE,700,LLUVIOSO,MOJADA/HUMEDA,0,0,COLISION CON DOS O MAS VEHICULOS,0,2,0,0,2023
30/10/2023,1,AU FRONDIZI,DESCENDENTE,2300,BUENO,SECA,1,0,COLISION CON OBSTACULO FIJO,1,0,0,0,2023
30/10/2023,1,AU CAMPORA,ASCENDENTE,2400,BUENO,SECA,1,0,COLISION CON OBSTACULO FIJO,0,1,0,0,2023
30/10/2023,10,TRANSICION RAMAL 4,RAMAL DE INGRESO,-,BUENO,SECA,1,0,OTRO,0,0,0,1,2023
30/10/2023,23,AU DELLEPIANE,DESCENDENTE,3000,BUENO,SECA,0,0,OBSTACULO NO FIJO,1,0,0,0,2023
31/10/2023,5,AU PERITO MORENO,DESCENDENTE,3800,LLUVIOSO,MOJADA/HUMEDA,0,0,OBSTACULO NO FIJO,0,0,0,2,2023
31/10/2023,8,AU 25 DE MAYO,DESCENDENTE,4500,BUENO,MOJADA/HUMEDA,1,0,SINIESTRO DE UN SOLO VEHICULO / SIN COLISION,1,0,0,0,2023
1/11/2023,10,AU ILLIA,ASCENDENTE,4000,BUENO,SECA,0,0,OBSTACULO NO FIJO,0,2,0,0,2023
1/11/2023,19,AU FRONDIZI,DESCENDENTE,1200,BUENO,SECA,1,0,COLISION CON DOS O MAS VEHICULOS,1,1,0,0,2023
2/11/2023,8,AU DELLEPIANE,DESCENDENTE,4000,LLUVIOSO,MOJADA/HUMEDA,0,0,COLISION CON DOS O MAS VEHICULOS,0,3,0,0,2023
3/11/2023,7,AV. LUGONES,DESCENDENTE,7900,BUENO,MOJADA/HUMEDA,0,0,COLISION CON DOS O MAS VEHICULOS,0,2,0,0,2023
3/11/2023,14,AU PERITO MORENO,DESCENDENTE,5900,BUENO,MOJADA/HUMEDA,0,0,COLISION CON DOS O MAS VEHICULOS,0,1,0,1,2023
3/11/2023,16,AV. CANTILO,ASCENDENTE,9300,BUENO,SECA,1,0,SINIESTRO DE UN SOLO VEHICULO / SIN COLISION,1,0,0,0,2023
4/11/2023,4,DIST. 9 DE JULIO,RAMALES 5/6,-,BUENO,SECA,0,0,COLISION CON OBSTACULO FIJO,0,1,0,0,2023
4/11/2023,7,AV. LUGONES,DESCENDENTE,7300,BUENO,SECA,0,0,SINIESTRO DE UN SOLO VEHICULO / SIN COLISION,1,0,0,0,2023
4/11/2023,12,AU 25 DE MAYO,ASCENDENTE,7700,BUENO,SECA,0,0,OBSTACULO NO FIJO,0,1,0,0,2023
5/11/2023,3,AU 25 DE MAYO,DESCENDENTE,9000,BUENO,SECA,0,0,COLISION CON DOS O MAS VEHICULOS,0,1,0,0,2023
5/11/2023,6,AU PERITO MORENO,ASCENDENTE,1800,BUENO,SECA,0,0,COLISION CON DOS O MAS VEHICULOS,0,2,0,0,2023
5/11/2023,8,DIST. DELLEPIANE,RAMAL 5,-,BUENO,SECA,0,0,COLISION CON OBSTACULO FIJO,0,1,0,0,2023
5/11/2023,18,AU 25 DE MAYO,ASCENDENTE,9100,BUENO,SECA,0,0,COLISION CON DOS O MAS VEHICULOS,0,3,0,0,2023
5/11/2023,18,AU 25 DE MAYO,ASCENDENTE,9100,BUENO,SECA,1,0,COLISION CON DOS O MAS VEHICULOS,0,1,0,1,2023
6/11/2023,10,AU PERITO MORENO,ASCENDENTE,500,BUENO,SECA,0,0,OBSTACULO NO FIJO,0,1,0,0,2023
6/11/2023,14,AU DELLEPIANE,DESCENDENTE,4700,BUENO,SECA,0,0,SINIESTRO DE UN SOLO VEHICULO / SIN COLISION,1,0,0,0,2023
6/11/2023,19,PASEO DEL BAJO,DIST. NORTE - RAMAL 4,6500,BUENO,SECA,0,0,COLISION CON OBSTACULO FIJO,0,0,0,1,2023
6/11/2023,21,AV. LUGONES,DESCENDENTE,8900,BUENO,SECA,0,0,COLISION CON DOS O MAS VEHICULOS,0,1,0,1,2023
7/11/2023,1,AV. CANTILO,ASCENDENTE,10500,BUENO,SECA,0,0,OBSTACULO NO FIJO,0,1,0,0,2023
7/11/2023,11,AU PERITO MORENO,ASCENDENTE,5800,BUENO,SECA,0,0,COLISION CON DOS O MAS VEHICULOS,0,2,0,1,2023
7/11/2023,12,AV. LUGONES,DESCENDENTE,4700,BUENO,SECA,0,0,COLISION CON DOS O MAS VEHICULOS,0,2,1,1,2023
7/11/2023,14,AV. LUGONES,DESCENDENTE,8000,BUENO,SECA,0,0,COLISION CON DOS O MAS VEHICULOS,0,2,0,0,2023
8/11/2023,10,AU FRONDIZI,DESCENDENTE,2000,BUENO,SECA,0,0,COLISION CON DOS O MAS VEHICULOS,0,2,0,0,2023
8/11/2023,13,AV. LUGONES,DESCENDENTE,8500,BUENO,SECA,0,0,COLISION CON DOS O MAS VEHICULOS,0,3,0,1,2023
8/11/2023,13,AU DELLEPIANE,DESCENDENTE,1800,BUENO,SECA,1,0,COLISION CON DOS O MAS VEHICULOS,1,1,0,0,2023
9/11/2023,8,AU FRONDIZI,ASCENDENTE,3000,BUENO,SECA,1,0,COLISION CON DOS O MAS VEHICULOS,1,1,0,0,2023
9/11/2023,12,AU ILLIA,ASCENDENTE,6400,BUENO,SECA,0,0,COLISION CON DOS O MAS VEHICULOS,0,3,0,0,2023
9/11/2023,16,AU 25 DE MAYO,DESCENDENTE,7400,BUENO,SECA,1,0,COLISION CON DOS O MAS VEHICULOS,0,2,0,0,2023
9/11/2023,17,AU 25 DE MAYO,ASCENDENTE,8200,BUENO,SECA,0,0,COLISION CON DOS O MAS VEHICULOS,0,4,0,0,2023
9/11/2023,19,AU 25 DE MAYO,DESCENDENTE,8000,BUENO,SECA,0,0,OBSTACULO NO FIJO,0,1,0,0,2023
10/11/2023,14,AU PERITO MORENO,ASCENDENTE,5400,LLUVIOSO,MOJADA/HUMEDA,0,0,COLISION CON DOS O MAS VEHICULOS,0,1,0,0,2023
10/11/2023,16,PASEO DEL BAJO,ASCENDENTE,1500,LLUVIOSO,MOJADA/HUMEDA,0,0,COLISION CON OBSTACULO FIJO,0,0,0,2,2023
10/11/2023,18,AU 25 DE MAYO,DESCENDENTE,5000,LLUVIOSO,MOJADA/HUMEDA,0,0,SINIESTRO DE UN SOLO VEHICULO / SIN COLISION,1,0,0,0,2023
10/11/2023,22,AV. LUGONES,DESCENDENTE,10500,LLUVIOSO,MOJADA/HUMEDA,1,0,COLISION CON OBSTACULO FIJO,0,0,0,1,2023
11/11/2023,2,AU DELLEPIANE,DESCENDENTE,900,LLUVIOSO,MOJADA/HUMEDA,0,0,OBSTACULO NO FIJO,0,0,0,1,2023
11/11/2023,2,AU DELLEPIANE,ASCENDENTE,500,LLUVIOSO,MOJADA/HUMEDA,0,0,COLISION CON OBSTACULO FIJO,0,1,0,0,2023
11/11/2023,3,AV. LUGONES,DESCENDENTE,10100,LLUVIOSO,MOJADA/HUMEDA,0,0,COLISION CON OBSTACULO FIJO,0,1,0,0,2023
11/11/2023,6,AV. LUGONES,DESCENDENTE,10400,BUENO,SECA,0,0,COLISION CON OBSTACULO FIJO,0,1,0,0,2023
11/11/2023,11,AU 25 DE MAYO,DESCENDENTE,2400,BUENO,SECA,0,0,COLISION CON DOS O MAS VEHICULOS,0,1,0,0,2023
11/11/2023,16,AU 25 DE MAYO,ASCENDENTE,8000,BUENO,SECA,0,0,COLISION CON DOS O MAS VEHICULOS,1,0,0,0,2023
11/11/2023,17,AU 25 DE MAYO,ASCENDENTE,7500,BUENO,SECA,2,0,COLISION CON DOS O MAS VEHICULOS,0,2,0,0,2023
12/11/2023,14,AV. CANTILO,ASCENDENTE,9800,BUENO,SECA,0,0,COLISION CON OBSTACULO FIJO,0,1,0,0,2023
13/11/2023,3,AV. CANTILO,ASCENDENTE,9700,BUENO,SECA,0,0,COLISION CON OBSTACULO FIJO,0,1,0,0,2023
13/11/2023,10,AU 25 DE MAYO,ASCENDENTE,500,BUENO,SECA,0,0,COLISION CON DOS O MAS VEHICULOS,0,2,0,1,2023
14/11/2023,10,AV. LUGONES,DESCENDENTE,10000,BUENO,SECA,1,0,COLISION CON DOS O MAS VEHICULOS,0,1,0,0,2023
14/11/2023,14,AV. LUGONES,DESCENDENTE,9300,BUENO,SECA,1,0,COLISION CON OBSTACULO FIJO,0,0,0,1,2023
14/11/2023,15,AU 25 DE MAYO,DESCENDENTE,9000,BUENO,SECA,0,0,COLISION CON DOS O MAS VEHICULOS,0,1,0,0,2023
14/11/2023,15,AV. LUGONES,DESCENDENTE,9300,BUENO,SECA,0,0,COLISION CON DOS O MAS VEHICULOS,0,2,0,0,2023
14/11/2023,15,AU DELLEPIANE,ASCENDENTE,3700,BUENO,SECA,1,0,COLISION CON DOS O MAS VEHICULOS,0,2,0,1,2023
14/11/2023,18,AV. LUGONES,DESCENDENTE,6000,BUENO,SECA,0,0,COLISION CON OBSTACULO FIJO,0,1,0,0,2023
15/11/2023,8,AU 25 DE MAYO,ASCENDENTE,2000,BUENO,SECA,1,0,COLISION CON DOS O MAS VEHICULOS,1,1,0,1,2023
15/11/2023,9,AU ILLIA,DESCENDENTE,2200,BUENO,SECA,0,0,COLISION CON DOS O MAS VEHICULOS,0,2,0,0,2023
15/11/2023,10,AU DELLEPIANE,ASCENDENTE,4400,BUENO,SECA,0,0,COLISION CON DOS O MAS VEHICULOS,0,1,0,0,2023
15/11/2023,14,AU 25 DE MAYO,DESCENDENTE,2000,BUENO,SECA,1,0,COLISION CON DOS O MAS VEHICULOS,1,1,0,0,2023
15/11/2023,19,AV. LUGONES,DESCENDENTE,9800,LLUVIOSO,MOJADA/HUMEDA,0,0,COLISION CON DOS O MAS VEHICULOS,1,0,0,0,2023
15/11/2023,21,AU DELLEPIANE,DESCENDENTE,2800,BUENO,SECA,1,0,SINIESTRO DE UN SOLO VEHICULO / SIN COLISION,0,1,0,0,2023
16/11/2023,6,AV. CANTILO,ASCENDENTE,8700,BUENO,SECA,0,0,COLISION CON OBSTACULO FIJO,0,0,0,1,2023
16/11/2023,11,AU PERITO MORENO,ASCENDENTE,1700,BUENO,SECA,0,0,COLISION CON DOS O MAS VEHICULOS,0,2,0,0,2023
16/11/2023,18,AU 25 DE MAYO,ASCENDENTE,2800,BUENO,SECA,0,0,COLISION CON DOS O MAS VEHICULOS,0,4,0,0,2023
16/11/2023,21,AV. LUGONES,DESCENDENTE,4700,BUENO,SECA,0,0,SINIESTRO DE UN SOLO VEHICULO / SIN COLISION,1,0,0,0,2023
17/11/2023,0,AU 25 DE MAYO,DESCENDENTE,0,BUENO,SECA,0,0,COLISION CON DOS O MAS VEHICULOS,0,1,0,2,2023
17/11/2023,10,AU ILLIA,DESCENDENTE,400,BUENO,SECA,0,0,COLISION CON DOS O MAS VEHICULOS,1,1,0,0,2023
17/11/2023,11,AU 25 DE MAYO,DESCENDENTE,4500,BUENO,SECA,2,0,SINIESTRO DE UN SOLO VEHICULO / SIN COLISION,1,0,0,0,2023
17/11/2023,16,AV. CANTILO,ASCENDENTE,8400,BUENO,SECA,0,0,COLISION CON DOS O MAS VEHICULOS,0,2,0,1,2023
17/11/2023,20,AV. LUGONES,DESCENDENTE,6500,LLUVIOSO,MOJADA/HUMEDA,0,0,COLISION CON OBSTACULO FIJO,0,1,0,0,2023
18/11/2023,0,AU FRONDIZI,DESCENDENTE,1200,BUENO,SECA,0,0,COLISION CON OBSTACULO FIJO,0,1,0,0,2023
20/11/2023,3,AU 25 DE MAYO,ASCENDENTE,1600,BUENO,SECA,0,0,COLISION CON OBSTACULO FIJO,0,2,0,0,2023
20/11/2023,16,AV. LUGONES,DESCENDENTE,7700,BUENO,SECA,2,0,SINIESTRO DE UN SOLO VEHICULO / SIN COLISION,1,0,0,0,2023
21/11/2023,16,AU 25 DE MAYO,ASCENDENTE,8500,LLUVIOSO,MOJADA/HUMEDA,1,0,SINIESTRO DE UN SOLO VEHICULO / SIN COLISION,1,0,0,0,2023
22/11/2023,2,AV. LUGONES,DESCENDENTE,10200,BUENO,SECA,0,0,COLISION CON OBSTACULO FIJO,0,1,0,0,2023
22/11/2023,11,AU DELLEPIANE,ASCENDENTE,2000,BUENO,SECA,0,0,COLISION CON DOS O MAS VEHICULOS,0,1,0,0,2023
22/11/2023,12,AU 25 DE MAYO,ASCENDENTE,400,BUENO,SECA,2,0,COLISION CON DOS O MAS VEHICULOS,1,1,0,0,2023
22/11/2023,13,AV. CANTILO,ASCENDENTE,8500,BUENO,SECA,1,0,COLISION CON DOS O MAS VEHICULOS,1,1,0,0,2023
22/11/2023,14,AU 25 DE MAYO,DESCENDENTE,7700,BUENO,SECA,0,0,COLISION CON OBSTACULO FIJO,0,2,0,0,2023
23/11/2023,6,TRANSICION RAMAL 2,RAMAL DE ENLACE,-,BUENO,SECA,1,0,COLISION CON DOS O MAS VEHICULOS,1,0,0,0,2023
23/11/2023,8,AU PERITO MORENO,ASCENDENTE,4500,BUENO,SECA,1,0,COLISION CON DOS O MAS VEHICULOS,1,1,0,0,2023
23/11/2023,12,AV. LUGONES,DESCENDENTE,4500,BUENO,SECA,0,0,SINIESTRO DE UN SOLO VEHICULO / SIN COLISION,1,0,0,0,2023
23/11/2023,14,AV. CANTILO,ASCENDENTE,7400,BUENO,SECA,0,0,COLISION CON DOS O MAS VEHICULOS,0,1,0,0,2023
23/11/2023,14,AU FRONDIZI,DESCENDENTE,1400,BUENO,SECA,0,0,COLISION CON DOS O MAS VEHICULOS,0,2,0,1,2023
23/11/2023,23,AU DELLEPIANE,DESCENDENTE,4500,BUENO,SECA,0,0,COLISION CON OBSTACULO FIJO,0,1,0,0,2023
24/11/2023,16,AU ILLIA,ASCENDENTE,5300,BUENO,SECA,0,0,COLISION CON DOS O MAS VEHICULOS,0,3,0,0,2023
24/11/2023,17,AU FRONDIZI,ASCENDENTE,3300,BUENO,SECA,2,0,SINIESTRO DE UN SOLO VEHICULO / SIN COLISION,1,0,0,0,2023
24/11/2023,17,AU FRONDIZI,ASCENDENTE,3000,BUENO,SECA,1,0,COLISION CON DOS O MAS VEHICULOS,1,1,0,0,2023
24/11/2023,20,AU 25 DE MAYO,DESCENDENTE,2200,BUENO,SECA,0,0,COLISION CON DOS O MAS VEHICULOS,0,2,0,0,2023
24/11/2023,21,AV. CANTILO,ASCENDENTE,8300,BUENO,SECA,1,0,COLISION CON DOS O MAS VEHICULOS,1,1,0,0,2023
25/11/2023,9,AU ILLIA,DESCENDENTE,1500,BUENO,SECA,0,0,COLISION CON OBSTACULO FIJO,0,1,0,0,2023
25/11/2023,10,AU PERITO MORENO,ASCENDENTE,2400,BUENO,SECA,2,0,SINIESTRO DE UN SOLO VEHICULO / SIN COLISION,1,0,0,0,2023
26/11/2023,2,AU DELLEPIANE,DESCENDENTE,3500,BUENO,SECA,0,0,OBSTACULO NO FIJO,0,1,0,0,2023
27/11/2023,0,AU 25 DE MAYO,ASCENDENTE,2500,BUENO,SECA,4,0,COLISION CON DOS O MAS VEHICULOS,0,2,0,0,2023
27/11/2023,6,AU 25 DE MAYO,ASCENDENTE,1200,BUENO,SECA,2,0,COLISION CON DOS O MAS VEHICULOS,1,1,0,0,2023
27/11/2023,11,AU PERITO MORENO,ASCENDENTE,5500,BUENO,SECA,0,0,COLISION CON DOS O MAS VEHICULOS,0,0,0,2,2023
27/11/2023,13,AU 25 DE MAYO,ASCENDENTE,8200,BUENO,SECA,1,0,COLISION CON OBSTACULO FIJO,0,1,0,0,2023
27/11/2023,19,AU 25 DE MAYO,DESCENDENTE,1300,BUENO,SECA,0,0,COLISION CON DOS O MAS VEHICULOS,1,1,0,0,2023
27/11/2023,20,AU FRONDIZI,DESCENDENTE,2600,BUENO,SECA,2,0,COLISION CON DOS O MAS VEHICULOS,0,2,0,0,2023
28/11/2023,12,AV. CANTILO,ASCENDENTE,10000,BUENO,SECA,0,0,COLISION CON DOS O MAS VEHICULOS,0,1,0,0,2023
28/11/2023,13,AU ILLIA,DESCENDENTE,2900,BUENO,SECA,0,0,OBSTACULO NO FIJO,0,1,0,0,2023
28/11/2023,21,AU DELLEPIANE,ASCENDENTE,1500,BUENO,SECA,2,0,COLISION CON DOS O MAS VEHICULOS,0,2,0,0,2023
29/11/2023,5,AU 25 DE MAYO,ASCENDENTE,5400,BUENO,SECA,0,0,COLISION CON OBSTACULO FIJO,0,1,0,0,2023
29/11/2023,12,AU PERITO MORENO,DESCENDENTE,1900,BUENO,SECA,0,0,COLISION CON DOS O MAS VEHICULOS,0,2,0,0,2023
30/11/2023,7,AU PERITO MORENO,ASCENDENTE,6000,BUENO,SECA,0,0,COLISION CON OBSTACULO FIJO,0,1,0,0,2023
30/11/2023,12,AU DELLEPIANE,ASCENDENTE,800,BUENO,SECA,0,0,COLISION CON DOS O MAS VEHICULOS,1,1,0,0,2023
30/11/2023,15,AU ILLIA,ASCENDENTE,5400,BUENO,SECA,0,0,SINIESTRO DE UN SOLO VEHICULO / SIN COLISION,1,0,0,0,2023
30/11/2023,19,AV. LUGONES,DESCENDENTE,9800,BUENO,SECA,0,0,COLISION CON DOS O MAS VEHICULOS,0,2,0,0,2023
1/12/2023,14,AU 25 DE MAYO,ASCENDENTE,0,BUENO,MOJADA/HUMEDA,0,0,COLISION CON DOS O MAS VEHICULOS,0,2,0,0,2023
1/12/2023,18,AU DELLEPIANE,DESCENDENTE,4000,BUENO,MOJADA/HUMEDA,0,0,COLISION CON DOS O MAS VEHICULOS,1,1,0,0,2023
2/12/2023,2,AU DELLEPIANE,ASCENDENTE,3500,BUENO,SECA,0,0,COLISION CON OBSTACULO FIJO,0,1,0,0,2023
2/12/2023,9,AU DELLEPIANE,ASCENDENTE,4100,BUENO,SECA,0,0,OBSTACULO NO FIJO,0,1,0,0,2023
2/12/2023,17,AU PERITO MORENO,ASCENDENTE,5400,BUENO,SECA,0,0,COLISION CON DOS O MAS VEHICULOS,1,1,0,0,2023
4/12/2023,12,AU PERITO MORENO,DESCENDENTE,2700,BUENO,SECA,0,0,OBSTACULO NO FIJO,0,1,0,0,2023
4/12/2023,18,AV. CANTILO,ASCENDENTE,9200,BUENO,SECA,0,0,COLISION CON DOS O MAS VEHICULOS,0,1,0,1,2023
5/12/2023,6,AU 25 DE MAYO,ASCENDENTE,6000,BUENO,SECA,1,0,COLISION CON DOS O MAS VEHICULOS,1,1,0,0,2023
5/12/2023,8,AU FRONDIZI,ASCENDENTE,2200,BUENO,SECA,1,0,COLISION CON DOS O MAS VEHICULOS,1,1,0,0,2023
5/12/2023,10,AV. CANTILO,ASCENDENTE,8800,BUENO,SECA,0,0,COLISION CON DOS O MAS VEHICULOS,0,1,0,1,2023
5/12/2023,11,AU ILLIA,ASCENDENTE,2800,BUENO,SECA,0,0,COLISION CON OBSTACULO FIJO,0,1,0,0,2023
5/12/2023,14,AU PERITO MORENO,DESCENDENTE,1500,BUENO,SECA,0,0,OBSTACULO NO FIJO,0,1,0,0,2023
5/12/2023,16,AU 25 DE MAYO,DESCENDENTE,7100,BUENO,SECA,0,0,COLISION CON DOS O MAS VEHICULOS,1,1,0,0,2023
5/12/2023,16,AV. CANTILO,ASCENDENTE,8100,BUENO,MOJADA/HUMEDA,0,0,COLISION CON DOS O MAS VEHICULOS,0,1,0,0,2023
6/12/2023,2,AU 25 DE MAYO,DESCENDENTE,6700,LLUVIOSO,MOJADA/HUMEDA,0,0,COLISION CON OBSTACULO FIJO,0,1,0,0,2023
6/12/2023,4,AU FRONDIZI,ASCENDENTE,2100,LLUVIOSO,ANEGADA,0,0,COLISION CON OBSTACULO FIJO,0,1,0,0,2023
6/12/2023,11,PASEO DEL BAJO,ASCENDENTE,5100,LLUVIOSO,MOJADA/HUMEDA,1,0,COLISION CON DOS O MAS VEHICULOS,0,0,0,2,2023
6/12/2023,12,AU 25 DE MAYO,ASCENDENTE,100,LLUVIOSO,MOJADA/HUMEDA,1,0,COLISION CON DOS O MAS VEHICULOS,0,1,0,1,2023
6/12/2023,12,AU ILLIA,DESCENDENTE,3000,LLUVIOSO,MOJADA/HUMEDA,0,0,OBSTACULO NO FIJO,0,2,0,0,2023
6/12/2023,14,AU 25 DE MAYO,ASCENDENTE,2800,LLUVIOSO,MOJADA/HUMEDA,0,0,COLISION CON DOS O MAS VEHICULOS,0,3,0,0,2023
6/12/2023,21,AU 25 DE MAYO,ASCENDENTE,8200,LLUVIOSO,MOJADA/HUMEDA,0,0,COLISION CON DOS O MAS VEHICULOS,0,2,0,0,2023
7/12/2023,14,AU 25 DE MAYO,DESCENDENTE,3300,BUENO,SECA,0,0,COLISION CON DOS O MAS VEHICULOS,0,1,0,0,2023
7/12/2023,14,AU 25 DE MAYO,ASCENDENTE,9000,BUENO,SECA,1,0,COLISION CON DOS O MAS VEHICULOS,1,1,0,0,2023
7/12/2023,17,AU ILLIA,ASCENDENTE,3900,BUENO,SECA,0,0,COLISION CON DOS O MAS VEHICULOS,0,1,0,0,2023
7/12/2023,17,AU PERITO MORENO,DESCENDENTE,5000,BUENO,SECA,0,0,COLISION CON DOS O MAS VEHICULOS,0,2,0,0,2023
7/12/2023,17,AU DELLEPIANE,ASCENDENTE,1700,BUENO,SECA,4,0,COLISION CON DOS O MAS VEHICULOS,0,2,0,0,2023
8/12/2023,3,AU FRONDIZI,DESCENDENTE,0,BUENO,SECA,1,0,COLISION CON OBSTACULO FIJO,1,0,0,0,2023
8/12/2023,18,AU PERITO MORENO,DESCENDENTE,4700,BUENO,SECA,0,0,COLISION CON DOS O MAS VEHICULOS,0,1,1,0,2023
9/12/2023,8,DIST. 9 DE JULIO,RAMAL 2,-,BUENO,SECA,0,0,COLISION CON DOS O MAS VEHICULOS,0,3,0,1,2023
10/12/2023,9,AU 25 DE MAYO,DESCENDENTE,500,BUENO,SECA,0,0,COLISION CON DOS O MAS VEHICULOS,0,2,0,0,2023
10/12/2023,20,AU DELLEPIANE,ASCENDENTE,600,BUENO,SECA,2,0,COLISION CON DOS O MAS VEHICULOS,1,0,0,0,2023
11/12/2023,11,AU ILLIA,DESCENDENTE,2000,BUENO,SECA,1,0,SINIESTRO DE UN SOLO VEHICULO / SIN COLISION,1,0,0,0,2023
11/12/2023,17,AU PERITO MORENO,DESCENDENTE,1900,BUENO,SECA,0,0,COLISION CON DOS O MAS VEHICULOS,1,1,0,0,2023
12/12/2023,0,AU PERITO MORENO,ASCENDENTE,4500,BUENO,SECA,0,0,COLISION CON OBSTACULO FIJO,0,2,0,0,2023
12/12/2023,8,AU 25 DE MAYO,DESCENDENTE,7000,BUENO,SECA,2,0,COLISION CON DOS O MAS VEHICULOS,0,5,0,1,2023
12/12/2023,9,AU 25 DE MAYO,DESCENDENTE,8100,BUENO,SECA,0,0,COLISION CON DOS O MAS VEHICULOS,0,1,0,0,2023
12/12/2023,11,AU 25 DE MAYO,ASCENDENTE,900,BUENO,SECA,1,0,COLISION CON DOS O MAS VEHICULOS,0,1,0,1,2023
12/12/2023,21,AU 25 DE MAYO,ASCENDENTE,3500,BUENO,SECA,0,0,COLISION CON DOS O MAS VEHICULOS,1,1,0,0,2023
13/12/2023,0,AU 25 DE MAYO,ASCENDENTE,2300,BUENO,SECA,1,0,COLISION CON OBSTACULO FIJO,1,0,0,0,2023
13/12/2023,12,AU DELLEPIANE,DESCENDENTE,3400,BUENO,SECA,1,0,COLISION CON OBSTACULO FIJO,0,3,0,0,2023
13/12/2023,13,DIST. 9 DE JULIO,RAMAL 3,-,BUENO,SECA,1,0,COLISION CON OBSTACULO FIJO,1,0,0,0,2023
13/12/2023,17,DIST. 9 DE JULIO,RAMALES 1/1BIS,-,BUENO,SECA,0,0,COLISION CON OBSTACULO FIJO,0,1,0,0,2023
13/12/2023,23,AV. CANTILO,ASCENDENTE,8800,BUENO,SECA,0,0,COLISION CON DOS O MAS VEHICULOS,0,2,0,0,2023
14/12/2023,11,PASEO DEL BAJO,ASCENDENTE,4400,BUENO,SECA,0,0,COLISION CON DOS O MAS VEHICULOS,0,0,0,2,2023
14/12/2023,13,AU 25 DE MAYO,ASCENDENTE,3600,BUENO,SECA,1,0,COLISION CON DOS O MAS VEHICULOS,1,1,0,0,2023
14/12/2023,23,AV. CANTILO,ASCENDENTE,9700,BUENO,SECA,1,0,SINIESTRO DE UN SOLO VEHICULO / SIN COLISION,1,0,0,0,2023
14/12/2023,23,PASEO DEL BAJO,DESCENDENTE,7250,BUENO,SECA,3,0,COLISION CON DOS O MAS VEHICULOS,0,2,0,0,2023
15/12/2023,20,AU 25 DE MAYO,ASCENDENTE,9200,BUENO,SECA,0,0,COLISION CON DOS O MAS VEHICULOS,0,2,0,0,2023
16/12/2023,6,PASEO DEL BAJO,ASCENDENTE,4000,BUENO,SECA,0,0,COLISION CON DOS O MAS VEHICULOS,0,0,0,1,2023
16/12/2023,13,AU DELLEPIANE,DESCENDENTE,4300,LLUVIOSO,MOJADA/HUMEDA,1,0,COLISION CON DOS O MAS VEHICULOS,1,1,0,0,2023
17/12/2023,3,AU 25 DE MAYO,DESCENDENTE,7000,LLUVIOSO,MOJADA/HUMEDA,0,0,COLISION CON OBSTACULO FIJO,0,1,0,0,2023
17/12/2023,4,AU ILLIA,DESCENDENTE,2500,VIENTOS FUERTES,ANEGADA,0,0,OBSTACULO NO FIJO,0,1,0,0,2023
17/12/2023,5,AV. CANTILO,ASCENDENTE,7600,LLUVIOSO,MOJADA/HUMEDA,1,0,SINIESTRO DE UN SOLO VEHICULO / SIN COLISION,1,0,0,0,2023
18/12/2023,8,TRANSICION RAMAL 2,RAMAL DE ENLACE,-,LLUVIOSO,MOJADA/HUMEDA,0,1,COLISION CON DOS O MAS VEHICULOS,1,1,0,1,2023
18/12/2023,11,TRANSICION RAMAL 3,RAMAL DE ENLACE,-,LLUVIOSO,MOJADA/HUMEDA,0,0,COLISION CON DOS O MAS VEHICULOS,0,2,0,0,2023
18/12/2023,14,AU 25 DE MAYO,DESCENDENTE,3400,LLUVIOSO,MOJADA/HUMEDA,0,0,COLISION CON DOS O MAS VEHICULOS,0,3,0,0,2023
18/12/2023,19,AU 25 DE MAYO,DESCENDENTE,7200,BUENO,SECA,0,0,OBSTACULO NO FIJO,0,1,0,0,2023
19/12/2023,16,AU 25 DE MAYO,ASCENDENTE,7900,BUENO,SECA,0,0,OBSTACULO NO FIJO,0,1,0,0,2023
19/12/2023,20,AV. LUGONES,DESCENDENTE,9300,BUENO,SECA,0,0,OBSTACULO NO FIJO,0,3,0,0,2023
20/12/2023,7,AU PERITO MORENO,ASCENDENTE,5300,BUENO,SECA,0,0,SINIESTRO DE UN SOLO VEHICULO / SIN COLISION,1,0,0,0,2023
20/12/2023,9,DIST. 9 DE JULIO,RAMALES 2/2BIS,-,BUENO,SECA,2,0,COLISION CON DOS O MAS VEHICULOS,1,1,0,0,2023
20/12/2023,18,PASEO DEL BAJO,ASCENDENTE,1500,BUENO,SECA,0,0,COLISION CON DOS O MAS VEHICULOS,0,1,0,1,2023
20/12/2023,19,AU 25 DE MAYO,DESCENDENTE,100,BUENO,SECA,0,0,COLISION CON DOS O MAS VEHICULOS,0,1,0,1,2023
20/12/2023,19,AU PERITO MORENO,ASCENDENTE,1000,BUENO,SECA,0,0,COLISION CON OBSTACULO FIJO,0,1,0,0,2023
21/12/2023,17,AV. LUGONES,DESCENDENTE,4500,BUENO,SECA,0,0,COLISION CON OBSTACULO FIJO,0,0,0,1,2023
21/12/2023,18,AU DELLEPIANE,ASCENDENTE,1400,BUENO,SECA,0,0,COLISION CON OBSTACULO FIJO,0,1,0,0,2023
22/12/2023,7,AU 25 DE MAYO,ASCENDENTE,700,BUENO,SECA,0,0,COLISION CON DOS O MAS VEHICULOS,1,1,0,0,2023
22/12/2023,8,AU PERITO MORENO,ASCENDENTE,6000,BUENO,SECA,1,0,COLISION CON DOS O MAS VEHICULOS,1,1,0,0,2023
22/12/2023,9,AU PERITO MORENO,DESCENDENTE,5500,BUENO,SECA,0,0,COLISION CON DOS O MAS VEHICULOS,0,3,0,0,2023
22/12/2023,14,AU 25 DE MAYO,DESCENDENTE,6000,BUENO,SECA,1,0,COLISION CON DOS O MAS VEHICULOS,1,1,0,0,2023
23/12/2023,21,AU DELLEPIANE,ASCENDENTE,1200,BUENO,SECA,0,0,COLISION CON OBSTACULO FIJO,0,2,0,0,2023
25/12/2023,17,AU 25 DE MAYO,ASCENDENTE,400,BUENO,SECA,1,0,COLISION CON DOS O MAS VEHICULOS,1,1,0,0,2023
25/12/2023,19,AV. LUGONES,DESCENDENTE,6000,BUENO,SECA,2,0,COLISION CON DOS O MAS VEHICULOS,1,1,0,0,2023
26/12/2023,13,AV. CANTILO,ASCENDENTE,10200,BUENO,SECA,1,0,COLISION CON DOS O MAS VEHICULOS,0,1,0,1,2023
26/12/2023,15,AU DELLEPIANE,DESCENDENTE,0,BUENO,SECA,1,0,COLISION CON OBSTACULO FIJO,0,2,0,1,2023
26/12/2023,19,PASEO DEL BAJO,DIST. NORTE - RAMAL 4,-,BUENO,SECA,1,0,COLISION CON OBSTACULO FIJO,0,0,0,1,2023
27/12/2023,8,AU 25 DE MAYO,ASCENDENTE,5500,BUENO,SECA,2,0,COLISION CON DOS O MAS VEHICULOS,2,0,0,0,2023
27/12/2023,9,AU 25 DE MAYO,ASCENDENTE,3800,BUENO,SECA,0,0,COLISION CON DOS O MAS VEHICULOS,0,1,0,0,2023
27/12/2023,15,AU 25 DE MAYO,DESCENDENTE,300,BUENO,SECA,0,0,COLISION CON DOS O MAS VEHICULOS,0,2,0,0,2023
27/12/2023,21,AU ILLIA,DESCENDENTE,0,BUENO,SECA,0,0,COLISION CON DOS O MAS VEHICULOS,0,4,0,0,2023
27/12/2023,23,AU 25 DE MAYO,DESCENDENTE,5500,BUENO,SECA,0,0,COLISION CON DOS O MAS VEHICULOS,0,3,0,0,2023
28/12/2023,0,AU PERITO MORENO,DESCENDENTE,5700,LLUVIOSO,MOJADA/HUMEDA,1,0,COLISION CON OBSTACULO FIJO,0,1,0,0,2023
28/12/2023,19,AU ILLIA,ASCENDENTE,500,BUENO,SECA,0,0,COLISION CON DOS O MAS VEHICULOS,0,2,0,0,2023
29/12/2023,5,AU CAMPORA,ASCENDENTE,3000,BUENO,SECA,1,0,COLISION CON OBSTACULO FIJO,0,1,0,0,2023
29/12/2023,11,TRANSICION RAMAL 3,RAMAL DE ENLACE,-,BUENO,SECA,0,0,COLISION CON DOS O MAS VEHICULOS,0,2,0,0,2023
1/1/2024,10,AU ILLIA,DESCENDENTE,900,BUENO,SECA,3,0,COLISION CON DOS O MAS VEHICULOS,0,2,0,0,2024
1/1/2024,15,AU FRONDIZI,DESCENDENTE,200,BUENO,SECA,1,0,SINIESTRO DE UN SOLO VEHICULO / SIN COLISION,1,0,0,0,2024
2/1/2024,11,AU 25 DE MAYO,DESCENDENTE,1900,BUENO,SECA,4,0,COLISION CON OBSTACULO FIJO,0,1,0,0,2024
2/1/2024,13,AU 25 DE MAYO,DESCENDENTE,1850,BUENO,SECA,1,0,SINIESTRO DE UN SOLO VEHICULO / SIN COLISION,1,0,0,0,2024
2/1/2024,15,AU 25 DE MAYO,DESCENDENTE,5000,BUENO,SECA,0,0,COLISION CON DOS O MAS VEHICULOS,0,2,0,0,2024
3/1/2024,9,AV. LUGONES,DESCENDENTE,4300,BUENO,SECA,0,0,COLISION CON DOS O MAS VEHICULOS,1,1,0,0,2024
4/1/2024,6,AV. LUGONES,DESCENDENTE,10200,BUENO,SECA,0,0,SINIESTRO DE UN SOLO VEHICULO / SIN COLISION,1,0,0,0,2024
4/1/2024,7,AU 25 DE MAYO,DESCENDENTE,4700,BUENO,SECA,0,0,OBSTACULO NO FIJO,0,1,0,1,2024
5/1/2024,15,AU PERITO MORENO,ASCENDENTE,900,BUENO,SECA,0,0,COLISION CON OBSTACULO FIJO,0,2,0,0,2024
6/1/2024,6,PASEO DEL BAJO,DIST. SUR - RAMAL 1,-,BUENO,SECA,0,0,COLISION CON DOS O MAS VEHICULOS,0,0,0,2,2024
6/1/2024,16,AV. LUGONES,DESCENDENTE,6500,BUENO,SECA,1,0,OBSTACULO NO FIJO,1,1,0,0,2024
7/1/2024,15,AU 25 DE MAYO,ASCENDENTE,6000,LLUVIOSO,MOJADA/HUMEDA,2,0,COLISION CON DOS O MAS VEHICULOS,1,1,0,0,2024
8/1/2024,20,AU 25 DE MAYO,DESCENDENTE,9200,BUENO,SECA,1,0,OBSTACULO NO FIJO,1,0,0,1,2024
9/1/2024,10,AU 25 DE MAYO,DESCENDENTE,0,BUENO,SECA,1,0,COLISION CON OBSTACULO FIJO,1,0,0,0,2024
9/1/2024,11,AU 25 DE MAYO,DESCENDENTE,1000,BUENO,SECA,0,0,COLISION CON DOS O MAS VEHICULOS,0,1,0,1,2024
10/1/2024,8,AU 25 DE MAYO,ASCENDENTE,1900,BUENO,SECA,0,0,COLISION CON OBSTACULO FIJO,1,0,0,0,2024
10/1/2024,18,PASEO DEL BAJO,DESCENDENTE,1800,LLUVIOSO,MOJADA/HUMEDA,0,0,OBSTACULO NO FIJO,0,1,0,2,2024
11/1/2024,18,AU DELLEPIANE,DESCENDENTE,4100,BUENO,SECA,0,0,COLISION CON DOS O MAS VEHICULOS,0,2,0,0,2024
12/1/2024,7,AU DELLEPIANE,ASCENDENTE,3000,BUENO,SECA,2,0,COLISION CON DOS O MAS VEHICULOS,0,1,0,1,2024
12/1/2024,13,AU 25 DE MAYO,DESCENDENTE,3500,BUENO,SECA,0,0,COLISION CON DOS O MAS VEHICULOS,0,1,1,0,2024
13/1/2024,13,AU 25 DE MAYO,ASCENDENTE,2900,BUENO,SECA,2,0,SINIESTRO DE UN SOLO VEHICULO / SIN COLISION,1,0,0,0,2024
13/1/2024,15,AU FRONDIZI,DESCENDENTE,2100,BUENO,SECA,1,0,OBSTACULO NO FIJO,1,1,0,0,2024
14/1/2024,7,AV. LUGONES,DESCENDENTE,10300,LLUVIOSO,MOJADA/HUMEDA,0,0,COLISION CON OBSTACULO FIJO,0,1,0,0,2024
14/1/2024,15,AV. LUGONES,DESCENDENTE,7500,BUENO,SECA,0,0,COLISION CON DOS O MAS VEHICULOS,0,3,0,0,2024
16/1/2024,6,AU PERITO MORENO,DESCENDENTE,3400,LLUVIOSO,MOJADA/HUMEDA,2,0,COLISION CON OBSTACULO FIJO,0,1,0,0,2024
16/1/2024,11,AU 25 DE MAYO,ASCENDENTE,900,LLUVIOSO,MOJADA/HUMEDA,0,0,COLISION CON DOS O MAS VEHICULOS,0,1,0,0,2024
17/1/2024,6,AU 25 DE MAYO,ASCENDENTE,2600,BUENO,SECA,1,0,COLISION CON DOS O MAS VEHICULOS,1,1,0,0,2024
17/1/2024,10,AU DELLEPIANE,ASCENDENTE,2500,BUENO,SECA,0,0,COLISION CON DOS O MAS VEHICULOS,0,1,0,0,2024
17/1/2024,14,AU PERITO MORENO,DESCENDENTE,2700,BUENO,SECA,0,1,COLISION CON DOS O MAS VEHICULOS,1,1,0,0,2024
18/1/2024,10,AU FRONDIZI,ASCENDENTE,1800,BUENO,SECA,1,0,COLISION CON DOS O MAS VEHICULOS,1,1,0,0,2024
19/1/2024,14,AV. CANTILO,ASCENDENTE,8200,BUENO,SECA,0,0,COLISION CON DOS O MAS VEHICULOS,0,4,0,0,2024
19/1/2024,15,AU 25 DE MAYO,DESCENDENTE,800,BUENO,SECA,0,0,COLISION CON DOS O MAS VEHICULOS,0,2,0,0,2024
19/1/2024,15,AU PERITO MORENO,ASCENDENTE,6000,BUENO,SECA,1,0,OBSTACULO NO FIJO,1,0,0,0,2024
19/1/2024,20,AU FRONDIZI,DESCENDENTE,2500,BUENO,SECA,0,0,COLISION CON DOS O MAS VEHICULOS,0,3,0,0,2024
20/1/2024,7,AU 25 DE MAYO,ASCENDENTE,300,BUENO,SECA,0,0,COLISION CON DOS O MAS VEHICULOS,0,2,0,0,2024
20/1/2024,13,AU PERITO MORENO,DESCENDENTE,100,BUENO,SECA,1,0,COLISION CON DOS O MAS VEHICULOS,1,0,1,0,2024
21/1/2024,6,AU 25 DE MAYO,DESCENDENTE,6900,BUENO,SECA,0,0,COLISION CON DOS O MAS VEHICULOS,0,2,0,0,2024
22/1/2024,7,AU 25 DE MAYO,ASCENDENTE,6600,BUENO,SECA,0,0,SINIESTRO DE UN SOLO VEHICULO / SIN COLISION,1,0,0,0,2024
23/1/2024,17,AU 25 DE MAYO,DESCENDENTE,1800,BUENO,SECA,1,0,COLISION CON DOS O MAS VEHICULOS,1,1,0,0,2024
23/1/2024,19,AU PERITO MORENO,DESCENDENTE,5300,BUENO,SECA,0,0,COLISION CON DOS O MAS VEHICULOS,0,2,0,0,2024
24/1/2024,8,AU DELLEPIANE,ASCENDENTE,2000,BUENO,SECA,0,0,OBSTACULO NO FIJO,0,2,0,0,2024
25/1/2024,9,AU 25 DE MAYO,DESCENDENTE,9100,BUENO,SECA,1,0,COLISION CON DOS O MAS VEHICULOS,1,1,0,0,2024
25/1/2024,9,AU 25 DE MAYO,ASCENDENTE,6800,BUENO,SECA,0,0,COLISION CON DOS O MAS VEHICULOS,0,2,0,0,2024
25/1/2024,11,AU 25 DE MAYO,ASCENDENTE,4500,BUENO,SECA,1,0,COLISION CON DOS O MAS VEHICULOS,1,0,0,1,2024
25/1/2024,16,PASEO DEL BAJO,DIST. NORTE - RAMAL 4,-,BUENO,SECA,1,0,COLISION CON OBSTACULO FIJO,0,0,0,1,2024
26/1/2024,12,AU 25 DE MAYO,DESCENDENTE,7400,BUENO,SECA,0,0,OBSTACULO NO FIJO,0,1,0,1,2024
27/1/2024,23,AU FRONDIZI,DESCENDENTE,1500,BUENO,SECA,1,0,COLISION CON DOS O MAS VEHICULOS,0,2,0,0,2024
28/1/2024,8,AU 25 DE MAYO,ASCENDENTE,8100,BUENO,SECA,0,0,COLISION CON OBSTACULO FIJO,0,1,0,0,2024
29/1/2024,8,AU DELLEPIANE,ASCENDENTE,1200,BUENO,SECA,1,0,COLISION CON DOS O MAS VEHICULOS,1,1,0,0,2024
30/1/2024,7,AU DELLEPIANE,ASCENDENTE,0,BUENO,SECA,0,0,COLISION CON DOS O MAS VEHICULOS,1,1,0,0,2024
30/1/2024,13,AU 25 DE MAYO,ASCENDENTE,6500,BUENO,SECA,0,0,OBSTACULO NO FIJO,1,1,0,0,2024
30/1/2024,14,AV. CANTILO,ASCENDENTE,9200,BUENO,SECA,1,0,COLISION CON DOS O MAS VEHICULOS,1,1,0,0,2024
31/1/2024,18,AV. CANTILO,ASCENDENTE,10000,BUENO,SECA,1,0,COLISION CON DOS O MAS VEHICULOS,1,1,0,0,2024
1/2/2024,1,AU DELLEPIANE,DESCENDENTE,4000,BUENO,SECA,1,0,COLISION CON DOS O MAS VEHICULOS,1,0,0,1,2024
1/2/2024,8,AU PERITO MORENO,ASCENDENTE,6100,BUENO,SECA,0,0,COLISION CON OBSTACULO FIJO,0,1,0,0,2024
1/2/2024,9,AU FRONDIZI,ASCENDENTE,2500,BUENO,SECA,0,0,COLISION CON DOS O MAS VEHICULOS,1,1,0,0,2024
1/2/2024,9,AU 25 DE MAYO,ASCENDENTE,2700,BUENO,SECA,0,0,COLISION CON DOS O MAS VEHICULOS,0,2,0,0,2024
1/2/2024,9,AU PERITO MORENO,ASCENDENTE,5300,BUENO,SECA,0,0,COLISION CON DOS O MAS VEHICULOS,0,1,0,2,2024
1/2/2024,12,PASEO DEL BAJO,DESCENDENTE,1100,BUENO,SECA,0,0,COLISION CON DOS O MAS VEHICULOS,0,0,0,3,2024
1/2/2024,15,AU PERITO MORENO,ASCENDENTE,2300,BUENO,SECA,1,0,OBSTACULO NO FIJO,1,1,0,0,2024
1/2/2024,18,AU 25 DE MAYO,DESCENDENTE,6000,BUENO,SECA,0,0,COLISION CON DOS O MAS VEHICULOS,0,2,0,0,2024
1/2/2024,18,AU 25 DE MAYO,DESCENDENTE,1200,BUENO,SECA,0,0,OBSTACULO NO FIJO,2,0,0,0,2024
1/2/2024,19,AU 25 DE MAYO,DESCENDENTE,1200,BUENO,SECA,0,0,COLISION CON DOS O MAS VEHICULOS,0,1,0,1,2024
2/2/2024,5,DIST. 9 DE JULIO,RAMAL 3,-,BUENO,SECA,1,0,SINIESTRO DE UN SOLO VEHICULO / SIN COLISION,1,0,0,0,2024
2/2/2024,11,AU 25 DE MAYO,DESCENDENTE,7500,BUENO,SECA,0,0,COLISION CON DOS O MAS VEHICULOS,0,1,1,1,2024
2/2/2024,12,AU PERITO MORENO,DESCENDENTE,1100,BUENO,SECA,1,0,SINIESTRO DE UN SOLO VEHICULO / SIN COLISION,2,0,0,0,2024
2/2/2024,13,AU PERITO MORENO,DESCENDENTE,3000,BUENO,SECA,0,0,COLISION CON DOS O MAS VEHICULOS,0,3,0,1,2024
2/2/2024,14,AU 25 DE MAYO,DESCENDENTE,4000,BUENO,SECA,6,0,COLISION CON DOS O MAS VEHICULOS,0,4,0,0,2024
2/2/2024,15,AU PERITO MORENO,DESCENDENTE,2900,BUENO,SECA,0,0,COLISION CON DOS O MAS VEHICULOS,1,1,0,0,2024
2/2/2024,19,AV. CANTILO,ASCENDENTE,9200,BUENO,SECA,1,0,COLISION CON DOS O MAS VEHICULOS,1,1,0,0,2024
2/2/2024,21,AU 25 DE MAYO,DESCENDENTE,2700,BUENO,SECA,0,0,COLISION CON DOS O MAS VEHICULOS,0,3,0,0,2024
2/2/2024,22,TRANSICION RAMAL 3,RAMAL DE ENLACE,-,BUENO,SECA,0,0,OBSTACULO NO FIJO,0,2,0,0,2024
3/2/2024,23,AU 25 DE MAYO,DESCENDENTE,7100,BUENO,SECA,0,0,COLISION CON OBSTACULO FIJO,0,1,0,0,2024
4/2/2024,3,AU 25 DE MAYO,ASCENDENTE,3200,BUENO,SECA,0,0,COLISION CON OBSTACULO FIJO,0,1,0,0,2024
4/2/2024,22,AU DELLEPIANE,DESCENDENTE,3500,BUENO,SECA,1,0,COLISION CON DOS O MAS VEHICULOS,0,2,0,0,2024
4/2/2024,22,AV. CANTILO,ASCENDENTE,10400,BUENO,SECA,0,0,COLISION CON DOS O MAS VEHICULOS,1,2,0,0,2024
5/2/2024,8,AU PERITO MORENO,ASCENDENTE,400,BUENO,SECA,1,0,COLISION CON DOS O MAS VEHICULOS,1,0,0,0,2024
6/2/2024,7,AU 25 DE MAYO,ASCENDENTE,2200,BUENO,SECA,2,0,COLISION CON OBSTACULO FIJO,0,1,0,0,2024
7/2/2024,8,AU 25 DE MAYO,ASCENDENTE,9000,BUENO,SECA,1,0,COLISION CON DOS O MAS VEHICULOS,1,1,0,0,2024
7/2/2024,13,AV. CANTILO,ASCENDENTE,8600,BUENO,SECA,0,0,COLISION CON DOS O MAS VEHICULOS,1,1,0,0,2024
7/2/2024,17,AU 25 DE MAYO,ASCENDENTE,7700,BUENO,SECA,0,0,COLISION CON DOS O MAS VEHICULOS,0,1,0,1,2024
7/2/2024,18,AU PERITO MORENO,DESCENDENTE,5000,BUENO,SECA,0,0,SINIESTRO DE UN SOLO VEHICULO / SIN COLISION,1,0,0,0,2024
9/2/2024,5,AV. CANTILO,ASCENDENTE,9800,BUENO,SECA,0,0,COLISION CON OBSTACULO FIJO,0,1,0,0,2024
9/2/2024,15,AU 25 DE MAYO,ASCENDENTE,8500,BUENO,SECA,3,0,COLISION CON DOS O MAS VEHICULOS,0,1,0,2,2024
9/2/2024,22,AV. CANTILO,ASCENDENTE,8600,LLUVIOSO,MOJADA/HUMEDA,0,0,COLISION CON DOS O MAS VEHICULOS,0,1,0,1,2024
10/2/2024,5,AU DELLEPIANE,DESCENDENTE,2000,LLUVIOSO,MOJADA/HUMEDA,0,0,COLISION CON OBSTACULO FIJO,0,1,0,0,2024
10/2/2024,12,AU CAMPORA,ASCENDENTE,2000,BUENO,SECA,0,0,OBSTACULO NO FIJO,0,1,0,0,2024
10/2/2024,16,AV. LUGONES,DESCENDENTE,10200,BUENO,MOJADA/HUMEDA,0,0,COLISION CON DOS O MAS VEHICULOS,0,1,0,0,2024
10/2/2024,22,AU 25 DE MAYO,DESCENDENTE,100,BUENO,SECA,1,0,SINIESTRO DE UN SOLO VEHICULO / SIN COLISION,1,0,0,0,2024
11/2/2024,5,AU DELLEPIANE,ASCENDENTE,600,BUENO,SECA,0,0,COLISION CON DOS O MAS VEHICULOS,0,2,0,0,2024
11/2/2024,7,AU PERITO MORENO,ASCENDENTE,5400,BUENO,SECA,0,0,COLISION CON DOS O MAS VEHICULOS,0,2,0,0,2024
14/2/2024,10,AU ILLIA,ASCENDENTE,6000,BUENO,SECA,0,0,OBSTACULO NO FIJO,0,1,0,0,2024
14/2/2024,12,AU 25 DE MAYO,ASCENDENTE,1500,BUENO,SECA,0,0,OBSTACULO NO FIJO,0,1,0,1,2024
14/2/2024,15,AU FRONDIZI,DESCENDENTE,400,BUENO,SECA,0,0,COLISION CON DOS O MAS VEHICULOS,0,1,0,0,2024
14/2/2024,19,AU 25 DE MAYO,DESCENDENTE,4800,BUENO,SECA,0,0,COLISION CON DOS O MAS VEHICULOS,0,4,0,0,2024
14/2/2024,19,AV. CANTILO,ASCENDENTE,8900,BUENO,SECA,1,0,COLISION CON DOS O MAS VEHICULOS,2,1,0,0,2024
15/2/2024,8,AU 25 DE MAYO,ASCENDENTE,900,BUENO,SECA,1,0,COLISION CON DOS O MAS VEHICULOS,1,1,0,0,2024
15/2/2024,13,AV. LUGONES,DESCENDENTE,4000,BUENO,SECA,0,0,COLISION CON DOS O MAS VEHICULOS,0,1,0,0,2024
15/2/2024,13,AU DELLEPIANE,ASCENDENTE,500,BUENO,SECA,0,0,COLISION CON DOS O MAS VEHICULOS,0,4,0,0,2024
15/2/2024,19,AV. CANTILO,ASCENDENTE,8900,BUENO,SECA,0,0,COLISION CON DOS O MAS VEHICULOS,0,2,0,0,2024
16/2/2024,2,AU PERITO MORENO,DESCENDENTE,3300,BUENO,SECA,0,0,COLISION CON OBSTACULO FIJO,0,1,0,0,2024
16/2/2024,13,AU PERITO MORENO,DESCENDENTE,1900,BUENO,SECA,0,1,OBSTACULO NO FIJO,1,0,0,1,2024
16/2/2024,15,AU PERITO MORENO,DESCENDENTE,1900,BUENO,SECA,0,0,COLISION CON DOS O MAS VEHICULOS,1,1,0,0,2024
17/2/2024,8,AU 25 DE MAYO,DESCENDENTE,0,BUENO,SECA,1,0,COLISION CON OBSTACULO FIJO,0,1,0,0,2024
17/2/2024,11,AU 25 DE MAYO,ASCENDENTE,8100,BUENO,SECA,0,0,COLISION CON OBSTACULO FIJO,0,1,0,0,2024
17/2/2024,20,AU 25 DE MAYO,ASCENDENTE,7000,BUENO,SECA,1,0,COLISION CON DOS O MAS VEHICULOS,1,0,0,0,2024
18/2/2024,7,AU 25 DE MAYO,DESCENDENTE,3300,BUENO,SECA,0,0,COLISION CON DOS O MAS VEHICULOS,0,2,0,0,2024
18/2/2024,13,AU 25 DE MAYO,ASCENDENTE,4700,BUENO,SECA,1,0,OBSTACULO NO FIJO,0,2,0,0,2024
19/2/2024,6,AU FRONDIZI,DESCENDENTE,2000,BUENO,SECA,0,0,COLISION CON DOS O MAS VEHICULOS,1,0,0,0,2024
19/2/2024,15,TRANSICION RAMAL 3,RAMAL DE ENLACE,-,BUENO,SECA,0,0,COLISION CON OBSTACULO FIJO,0,1,0,0,2024
19/2/2024,17,AU 25 DE MAYO,ASCENDENTE,8200,BUENO,SECA,1,0,COLISION CON DOS O MAS VEHICULOS,1,1,0,0,2024
20/2/2024,10,AU 25 DE MAYO,ASCENDENTE,6500,BUENO,SECA,0,0,COLISION CON OBSTACULO FIJO,0,0,0,1,2024
20/2/2024,16,AU 25 DE MAYO,DESCENDENTE,900,BUENO,SECA,0,0,COLISION CON DOS O MAS VEHICULOS,0,1,0,0,2024
21/2/2024,7,AU 25 DE MAYO,ASCENDENTE,9100,BUENO,SECA,0,0,COLISION CON DOS O MAS VEHICULOS,0,4,0,0,2024
21/2/2024,8,AU PERITO MORENO,ASCENDENTE,5600,BUENO,SECA,2,0,COLISION CON DOS O MAS VEHICULOS,2,1,0,0,2024
21/2/2024,13,AU DELLEPIANE,DESCENDENTE,2100,BUENO,SECA,0,0,COLISION CON DOS O MAS VEHICULOS,0,2,0,0,2024
21/2/2024,13,TRANSICION RAMAL 2,RAMAL DE ENLACE,-,BUENO,SECA,0,0,COLISION CON DOS O MAS VEHICULOS,0,1,1,0,2024
21/2/2024,14,DIST. 9 DE JULIO,RAMAL 3,-,BUENO,SECA,1,0,COLISION CON DOS O MAS VEHICULOS,0,1,0,0,2024
21/2/2024,17,DIST. 9 DE JULIO,RAMAL 2,-,BUENO,SECA,0,0,OBSTACULO NO FIJO,0,1,0,0,2024
21/2/2024,19,AU 25 DE MAYO,DESCENDENTE,6200,BUENO,SECA,0,0,OBSTACULO NO FIJO,0,4,0,0,2024
21/2/2024,19,AU 25 DE MAYO,DESCENDENTE,6100,BUENO,SECA,0,0,OBSTACULO NO FIJO,0,1,0,0,2024
22/2/2024,10,AV. LUGONES,DESCENDENTE,5900,BUENO,SECA,1,0,COLISION CON DOS O MAS VEHICULOS,1,0,0,2,2024
22/2/2024,17,DIST. UDAONDO,-,-,BUENO,SECA,0,0,COLISION CON DOS O MAS VEHICULOS,0,5,0,0,2024
22/2/2024,20,AU PERITO MORENO,ASCENDENTE,5400,BUENO,SECA,0,0,COLISION CON DOS O MAS VEHICULOS,0,2,0,0,2024
23/2/2024,9,AU FRONDIZI,DESCENDENTE,2100,BUENO,SECA,0,0,COLISION CON DOS O MAS VEHICULOS,0,3,0,0,2024
24/2/2024,12,AU 25 DE MAYO,DESCENDENTE,3800,BUENO,SECA,0,0,SINIESTRO DE UN SOLO VEHICULO / SIN COLISION,1,0,0,0,2024
25/2/2024,1,DIST. 9 DE JULIO,RAMAL 3,-,BUENO,SECA,1,0,COLISION CON OBSTACULO FIJO,1,0,0,0,2024
25/2/2024,8,AU DELLEPIANE,ASCENDENTE,1000,BUENO,SECA,1,0,COLISION CON DOS O MAS VEHICULOS,1,1,0,0,2024
25/2/2024,18,AU 25 DE MAYO,DESCENDENTE,100,BUENO,SECA,1,0,COLISION CON DOS O MAS VEHICULOS,1,1,0,0,2024
26/2/2024,4,AU 25 DE MAYO,DESCENDENTE,8700,LLUVIOSO,MOJADA/HUMEDA,0,0,COLISION CON DOS O MAS VEHICULOS,0,1,0,1,2024
27/2/2024,16,AU 25 DE MAYO,DESCENDENTE,6100,BUENO,SECA,1,0,COLISION CON DOS O MAS VEHICULOS,0,4,0,0,2024
28/2/2024,8,AU 25 DE MAYO,ASCENDENTE,9000,BUENO,SECA,0,0,COLISION CON DOS O MAS VEHICULOS,0,1,0,1,2024
28/2/2024,9,AU 25 DE MAYO,ASCENDENTE,700,BUENO,SECA,1,0,COLISION CON DOS O MAS VEHICULOS,1,1,0,0,2024
29/2/2024,6,AU DELLEPIANE,ASCENDENTE,4000,BUENO,SECA,1,0,COLISION CON OBSTACULO FIJO,1,0,0,0,2024
1/3/2024,14,AU PERITO MORENO,ASCENDENTE,800,BUENO,SECA,1,0,COLISION CON OBSTACULO FIJO,0,2,0,0,2024
1/3/2024,14,AV. CANTILO,ASCENDENTE,9300,BUENO,SECA,3,0,COLISION CON DOS O MAS VEHICULOS,0,2,0,0,2024
2/3/2024,7,AU 25 DE MAYO,DESCENDENTE,3800,BUENO,SECA,0,0,COLISION CON DOS O MAS VEHICULOS,0,1,0,1,2024
2/3/2024,7,AU FRONDIZI,DESCENDENTE,2000,BUENO,SECA,0,0,COLISION CON OBSTACULO FIJO,0,1,0,0,2024
2/3/2024,22,AU FRONDIZI,DESCENDENTE,2800,BUENO,SECA,1,0,COLISION CON DOS O MAS VEHICULOS,0,3,0,0,2024
5/3/2024,1,AU CAMPORA,DESCENDENTE,3100,BUENO,SECA,1,0,COLISION CON OBSTACULO FIJO,0,1,0,0,2024
5/3/2024,4,DIST. DELLEPIANE,RAMAL 7,-,BUENO,SECA,1,0,SINIESTRO DE UN SOLO VEHICULO / SIN COLISION,1,0,0,0,2024
5/3/2024,8,AU FRONDIZI,ASCENDENTE,600,BUENO,SECA,0,0,COLISION CON DOS O MAS VEHICULOS,0,2,0,0,2024
5/3/2024,15,AU FRONDIZI,DESCENDENTE,100,BUENO,SECA,1,0,SINIESTRO DE UN SOLO VEHICULO / SIN COLISION,1,0,0,0,2024
5/3/2024,15,AU FRONDIZI,DESCENDENTE,1600,BUENO,SECA,0,0,COLISION CON DOS O MAS VEHICULOS,0,1,0,0,2024
6/3/2024,9,AU DELLEPIANE,ASCENDENTE,4400,BUENO,SECA,0,0,COLISION CON DOS O MAS VEHICULOS,0,1,0,1,2024
6/3/2024,9,AU 25 DE MAYO,ASCENDENTE,1900,BUENO,SECA,0,0,SINIESTRO DE UN SOLO VEHICULO / SIN COLISION,1,1,0,0,2024
6/3/2024,12,AV. CANTILO,ASCENDENTE,8800,BUENO,SECA,1,0,COLISION CON DOS O MAS VEHICULOS,1,1,0,0,2024
6/3/2024,13,AU DELLEPIANE,ASCENDENTE,1000,BUENO,SECA,0,0,COLISION CON DOS O MAS VEHICULOS,0,2,0,0,2024
6/3/2024,16,AU DELLEPIANE,DESCENDENTE,2700,BUENO,SECA,0,0,COLISION CON DOS O MAS VEHICULOS,0,1,0,0,2024
7/3/2024,8,AV. CANTILO,ASCENDENTE,8000,BUENO,SECA,0,0,COLISION CON DOS O MAS VEHICULOS,0,3,0,0,2024
7/3/2024,15,AU PERITO MORENO,ASCENDENTE,3800,BUENO,SECA,2,0,COLISION CON DOS O MAS VEHICULOS,0,4,0,0,2024
7/3/2024,16,AU 25 DE MAYO,DESCENDENTE,3300,BUENO,SECA,0,0,COLISION CON DOS O MAS VEHICULOS,0,2,0,0,2024
7/3/2024,17,AU PERITO MORENO,ASCENDENTE,6000,BUENO,SECA,1,0,COLISION CON DOS O MAS VEHICULOS,1,0,0,0,2024
8/3/2024,11,AU 25 DE MAYO,ASCENDENTE,8100,BUENO,SECA,1,0,COLISION CON DOS O MAS VEHICULOS,1,1,0,0,2024
8/3/2024,12,PASEO DEL BAJO,ASCENDENTE,3400,BUENO,SECA,0,0,COLISION CON DOS O MAS VEHICULOS,0,0,1,1,2024
10/3/2024,4,AU DELLEPIANE,DESCENDENTE,1700,BUENO,SECA,0,0,SINIESTRO DE UN SOLO VEHICULO / SIN COLISION,1,0,0,0,2024
11/3/2024,9,AV. CANTILO,ASCENDENTE,7600,BUENO,MOJADA/HUMEDA,0,0,COLISION CON OBSTACULO FIJO,0,1,0,0,2024
12/3/2024,10,AU 25 DE MAYO,ASCENDENTE,2500,LLUVIOSO,MOJADA/HUMEDA,0,0,COLISION CON DOS O MAS VEHICULOS,0,1,0,0,2024
13/3/2024,12,AU 25 DE MAYO,ASCENDENTE,9100,LLUVIOSO,MOJADA/HUMEDA,0,0,COLISION CON DOS O MAS VEHICULOS,0,2,0,0,2024
13/3/2024,17,AU 25 DE MAYO,DESCENDENTE,2700,LLUVIOSO,MOJADA/HUMEDA,0,0,COLISION CON DOS O MAS VEHICULOS,0,2,0,0,2024
14/3/2024,5,AU PERITO MORENO,ASCENDENTE,5400,LLUVIOSO,MOJADA/HUMEDA,1,0,COLISION CON OBSTACULO FIJO,1,0,0,0,2024
14/3/2024,8,AU PERITO MORENO,ASCENDENTE,5300,BUENO,MOJADA/HUMEDA,0,0,COLISION CON DOS O MAS VEHICULOS,0,2,0,0,2024
15/3/2024,16,AU DELLEPIANE,ASCENDENTE,3800,BUENO,SECA,0,0,COLISION CON DOS O MAS VEHICULOS,0,1,0,1,2024
15/3/2024,18,AU PERITO MORENO,ASCENDENTE,5400,BUENO,SECA,0,0,COLISION CON OBSTACULO FIJO,0,0,0,1,2024
16/3/2024,9,AU FRONDIZI,DESCENDENTE,0,BUENO,SECA,0,0,SINIESTRO DE UN SOLO VEHICULO / SIN COLISION,1,0,0,0,2024
16/3/2024,12,AU PERITO MORENO,DESCENDENTE,5900,BUENO,SECA,0,0,COLISION CON DOS O MAS VEHICULOS,0,1,0,1,2024
17/3/2024,11,AU 25 DE MAYO,ASCENDENTE,9100,BUENO,SECA,0,0,COLISION CON DOS O MAS VEHICULOS,0,3,0,0,2024
18/3/2024,12,AU 25 DE MAYO,ASCENDENTE,0,BUENO,SECA,0,0,COLISION CON DOS O MAS VEHICULOS,0,1,0,1,2024
18/3/2024,13,AV. LUGONES,DESCENDENTE,7200,BUENO,SECA,0,0,COLISION CON OBSTACULO FIJO,0,0,0,1,2024
18/3/2024,15,AU DELLEPIANE,DESCENDENTE,4500,BUENO,SECA,0,0,COLISION CON OBSTACULO FIJO,0,1,0,0,2024
19/3/2024,16,AU 25 DE MAYO,DESCENDENTE,1600,BUENO,SECA,1,0,COLISION CON DOS O MAS VEHICULOS,2,0,0,0,2024
19/3/2024,15,AU 25 DE MAYO,ASCENDENTE,7500,BUENO,SECA,0,0,OBSTACULO NO FIJO,0,3,0,0,2024
19/3/2024,21,AU ILLIA,ASCENDENTE,4000,LLUVIOSO,MOJADA/HUMEDA,1,0,COLISION CON DOS O MAS VEHICULOS,0,1,0,1,2024
20/3/2024,11,AV. LUGONES,DESCENDENTE,8800,LLUVIOSO,MOJADA/HUMEDA,0,0,COLISION CON DOS O MAS VEHICULOS,0,1,0,0,2024
20/3/2024,17,AU PERITO MORENO,DESCENDENTE,3600,LLUVIOSO,MOJADA/HUMEDA,0,0,SINIESTRO DE UN SOLO VEHICULO / SIN COLISION,1,0,0,1,2024
21/3/2024,0,AV. CANTILO,ASCENDENTE,9000,BUENO,SECA,0,0,COLISION CON OBSTACULO FIJO,0,1,0,0,2024
21/3/2024,9,AU DELLEPIANE,ASCENDENTE,2500,BUENO,SECA,1,0,COLISION CON DOS O MAS VEHICULOS,1,1,0,0,2024
22/3/2024,9,AV. LUGONES,DESCENDENTE,4500,BUENO,SECA,1,0,COLISION CON DOS O MAS VEHICULOS,1,0,0,0,2024
22/3/2024,9,AU 25 DE MAYO,ASCENDENTE,9100,BUENO,SECA,1,0,COLISION CON DOS O MAS VEHICULOS,0,4,0,0,2024
22/3/2024,12,AV. LUGONES,DESCENDENTE,8200,BUENO,SECA,0,0,OTRO,0,2,0,0,2024
22/3/2024,14,AU 25 DE MAYO,DESCENDENTE,1100,BUENO,SECA,0,0,COLISION CON DOS O MAS VEHICULOS,0,1,0,0,2024
22/3/2024,15,AV. CANTILO,ASCENDENTE,8500,BUENO,SECA,0,0,COLISION CON DOS O MAS VEHICULOS,0,1,0,1,2024
22/3/2024,17,AU FRONDIZI,ASCENDENTE,1700,BUENO,SECA,2,0,COLISION CON DOS O MAS VEHICULOS,1,1,0,0,2024
23/3/2024,5,AU ILLIA,DESCENDENTE,3900,BUENO,SECA,1,0,OBSTACULO NO FIJO,1,1,0,0,2024
23/3/2024,12,AU DELLEPIANE,DESCENDENTE,1900,BUENO,SECA,0,0,COLISION CON DOS O MAS VEHICULOS,0,1,0,1,2024
25/3/2024,8,AU DELLEPIANE,DESCENDENTE,200,BUENO,SECA,5,0,COLISION CON DOS O MAS VEHICULOS,0,2,0,1,2024
25/3/2024,18,AU ILLIA,ASCENDENTE,2400,BUENO,SECA,0,0,COLISION CON DOS O MAS VEHICULOS,0,2,0,0,2024
27/3/2024,7,AU 25 DE MAYO,DESCENDENTE,0,BUENO,SECA,1,0,COLISION CON DOS O MAS VEHICULOS,1,1,0,0,2024
27/3/2024,12,AU DELLEPIANE,ASCENDENTE,500,BUENO,SECA,0,0,COLISION CON DOS O MAS VEHICULOS,0,2,0,0,2024
27/3/2024,17,AU 25 DE MAYO,ASCENDENTE,1100,BUENO,SECA,0,0,COLISION CON OBSTACULO FIJO,0,1,0,0,2024
27/3/2024,19,AU PERITO MORENO,DESCENDENTE,2300,BUENO,SECA,0,0,COLISION CON DOS O MAS VEHICULOS,0,2,0,0,2024
31/3/2024,6,AU 25 DE MAYO,DESCENDENTE,6500,BUENO,SECA,0,0,COLISION CON OBSTACULO FIJO,0,1,0,0,2024
31/3/2024,12,AU PERITO MORENO,ASCENDENTE,6100,BUENO,SECA,1,0,COLISION CON DOS O MAS VEHICULOS,0,1,0,0,2024
3/4/2024,19,TRANSICION RAMAL 3,RAMAL DE ENLACE,-,BUENO,SECA,0,0,COLISION CON DOS O MAS VEHICULOS,0,4,0,0,2024
4/4/2024,7,AU 25 DE MAYO,ASCENDENTE,700,BUENO,SECA,2,0,SINIESTRO DE UN SOLO VEHICULO / SIN COLISION,1,0,0,1,2024
5/4/2024,6,AU 25 DE MAYO,ASCENDENTE,0,BUENO,SECA,1,0,COLISION CON DOS O MAS VEHICULOS,0,3,0,0,2024
5/4/2024,12,PASEO DEL BAJO,DIST. SUR - RAMAL 2,-,BUENO,SECA,0,0,COLISION CON DOS O MAS VEHICULOS,0,1,0,0,2024
5/4/2024,16,AU PERITO MORENO,DESCENDENTE,6000,BUENO,SECA,1,0,COLISION CON DOS O MAS VEHICULOS,1,2,0,0,2024
5/4/2024,21,AV. CANTILO,ASCENDENTE,9000,BUENO,SECA,1,0,COLISION CON DOS O MAS VEHICULOS,0,3,0,0,2024
8/4/2024,6,AU ILLIA,DESCENDENTE,500,BUENO,SECA,2,0,COLISION CON OBSTACULO FIJO,1,0,0,0,2024
8/4/2024,9,PASEO DEL BAJO,ASCENDENTE,4500,BUENO,SECA,0,0,COLISION CON DOS O MAS VEHICULOS,0,0,0,2,2024
8/4/2024,11,AU 25 DE MAYO,ASCENDENTE,8000,BUENO,SECA,1,0,COLISION CON DOS O MAS VEHICULOS,0,2,0,0,2024
8/4/2024,16,AV. LUGONES,DESCENDENTE,6000,BUENO,SECA,1,0,COLISION CON DOS O MAS VEHICULOS,1,1,0,0,2024
8/4/2024,20,AU FRONDIZI,DESCENDENTE,0,BUENO,SECA,1,0,COLISION CON DOS O MAS VEHICULOS,1,1,0,0,2024
9/4/2024,9,AU 25 DE MAYO,ASCENDENTE,9000,BUENO,SECA,0,0,COLISION CON DOS O MAS VEHICULOS,0,3,0,0,2024
9/4/2024,10,AU 25 DE MAYO,ASCENDENTE,500,BUENO,SECA,0,0,COLISION CON DOS O MAS VEHICULOS,0,1,0,1,2024
10/4/2024,7,AU FRONDIZI,ASCENDENTE,2300,BUENO,SECA,1,0,COLISION CON DOS O MAS VEHICULOS,1,1,0,0,2024
10/4/2024,12,AU 25 DE MAYO,ASCENDENTE,1300,BUENO,SECA,1,0,COLISION CON DOS O MAS VEHICULOS,1,1,0,0,2024
10/4/2024,17,AV. LUGONES,DESCENDENTE,4500,BUENO,SECA,0,0,SINIESTRO DE UN SOLO VEHICULO / SIN COLISION,1,0,0,0,2024
10/4/2024,17,AU DELLEPIANE,DESCENDENTE,3400,BUENO,SECA,1,0,OBSTACULO NO FIJO,1,0,0,0,2024
11/4/2024,9,AU DELLEPIANE,ASCENDENTE,400,BUENO,SECA,0,0,COLISION CON DOS O MAS VEHICULOS,0,1,0,1,2024
11/4/2024,10,AV. LUGONES,DESCENDENTE,8700,BUENO,SECA,0,0,COLISION CON DOS O MAS VEHICULOS,0,1,0,0,2024
11/4/2024,20,AV. LUGONES,DESCENDENTE,4500,BUENO,SECA,0,0,COLISION CON OBSTACULO FIJO,0,1,0,0,2024
12/4/2024,18,AU 25 DE MAYO,DESCENDENTE,5100,LLUVIOSO,MOJADA/HUMEDA,1,0,SINIESTRO DE UN SOLO VEHICULO / SIN COLISION,1,1,0,0,2024
13/4/2024,1,AV. LUGONES,DESCENDENTE,8900,LLUVIOSO,MOJADA/HUMEDA,0,0,COLISION CON OBSTACULO FIJO,0,1,0,0,2024
13/4/2024,4,AU 25 DE MAYO,DESCENDENTE,1500,LLUVIOSO,MOJADA/HUMEDA,0,0,COLISION CON DOS O MAS VEHICULOS,0,2,1,0,2024
14/4/2024,3,AU FRONDIZI,DESCENDENTE,2800,LLUVIOSO,MOJADA/HUMEDA,1,0,COLISION CON DOS O MAS VEHICULOS,0,2,0,0,2024
15/4/2024,11,PASEO DEL BAJO,DESCENDENTE,900,LLUVIOSO,MOJADA/HUMEDA,4,0,COLISION CON DOS O MAS VEHICULOS,0,0,1,2,2024
15/4/2024,12,PASEO DEL BAJO,DESCENDENTE,2800,LLUVIOSO,MOJADA/HUMEDA,0,0,COLISION CON DOS O MAS VEHICULOS,0,0,0,2,2024
16/4/2024,7,AU 25 DE MAYO,DESCENDENTE,8000,BUENO,MOJADA/HUMEDA,1,0,COLISION CON DOS O MAS VEHICULOS,1,1,0,0,2024
16/4/2024,9,AV. LUGONES,DESCENDENTE,10400,BUENO,SECA,0,0,COLISION CON DOS O MAS VEHICULOS,0,2,0,0,2024
16/4/2024,17,AU 25 DE MAYO,DESCENDENTE,100,BUENO,MOJADA/HUMEDA,0,0,COLISION CON DOS O MAS VEHICULOS,1,0,0,0,2024
17/4/2024,11,AU CAMPORA,DESCENDENTE,1100,BUENO,SECA,1,0,SINIESTRO DE UN SOLO VEHICULO / SIN COLISION,1,0,1,0,2024
17/4/2024,16,AU 25 DE MAYO,DESCENDENTE,1500,BUENO,SECA,1,0,COLISION CON DOS O MAS VEHICULOS,1,1,0,0,2024
18/4/2024,7,AU 25 DE MAYO,ASCENDENTE,6800,BUENO,SECA,5,0,COLISION CON DOS O MAS VEHICULOS,0,2,1,0,2024
19/4/2024,12,AU FRONDIZI,ASCENDENTE,400,BUENO,SECA,0,0,SINIESTRO DE UN SOLO VEHICULO / SIN COLISION,1,0,0,0,2024
20/4/2024,10,AU DELLEPIANE,DESCENDENTE,2500,BUENO,SECA,0,0,COLISION CON DOS O MAS VEHICULOS,0,2,0,0,2024
20/4/2024,12,AU DELLEPIANE,DESCENDENTE,3500,BUENO,SECA,1,0,COLISION CON DOS O MAS VEHICULOS,1,1,0,0,2024
20/4/2024,14,AV. LUGONES,DESCENDENTE,6500,BUENO,SECA,0,0,SINIESTRO DE UN SOLO VEHICULO / SIN COLISION,1,0,0,0,2024
20/4/2024,18,AV. LUGONES,DESCENDENTE,5200,BUENO,SECA,0,0,COLISION CON DOS O MAS VEHICULOS,0,3,0,0,2024
21/4/2024,2,AU PERITO MORENO,ASCENDENTE,5600,BUENO,SECA,0,0,COLISION CON OBSTACULO FIJO,0,1,0,0,2024
21/4/2024,17,AU DELLEPIANE,DESCENDENTE,3000,BUENO,SECA,0,0,COLISION CON DOS O MAS VEHICULOS,0,1,0,0,2024
22/4/2024,3,AU FRONDIZI,DESCENDENTE,2100,LLUVIOSO,MOJADA/HUMEDA,0,0,COLISION CON OBSTACULO FIJO,0,1,0,0,2024
22/4/2024,7,AU 25 DE MAYO,ASCENDENTE,100,LLUVIOSO,MOJADA/HUMEDA,0,0,COLISION CON DOS O MAS VEHICULOS,0,2,0,0,2024
22/4/2024,11,PASEO DEL BAJO,DESCENDENTE,1300,LLUVIOSO,MOJADA/HUMEDA,3,0,COLISION CON DOS O MAS VEHICULOS,0,0,0,2,2024
22/4/2024,14,AU 25 DE MAYO,ASCENDENTE,6000,BUENO,MOJADA/HUMEDA,0,0,COLISION CON DOS O MAS VEHICULOS,1,1,0,0,2024
23/4/2024,9,AU 25 DE MAYO,ASCENDENTE,2900,BUENO,SECA,0,0,COLISION CON DOS O MAS VEHICULOS,0,1,0,0,2024
23/4/2024,10,AU FRONDIZI,ASCENDENTE,1300,BUENO,SECA,1,0,SINIESTRO DE UN SOLO VEHICULO / SIN COLISION,1,0,0,0,2024
23/4/2024,12,AU 25 DE MAYO,ASCENDENTE,5500,BUENO,SECA,0,0,COLISION CON DOS O MAS VEHICULOS,0,1,0,1,2024
24/4/2024,10,AU 25 DE MAYO,ASCENDENTE,9100,BUENO,SECA,0,0,COLISION CON DOS O MAS VEHICULOS,0,3,0,0,2024
24/4/2024,13,AU DELLEPIANE,ASCENDENTE,200,BUENO,SECA,0,0,COLISION CON DOS O MAS VEHICULOS,1,0,0,1,2024
24/4/2024,17,AV. CANTILO,ASCENDENTE,10400,BUENO,SECA,0,0,COLISION CON DOS O MAS VEHICULOS,1,0,0,0,2024
24/4/2024,19,AU DELLEPIANE,DESCENDENTE,2900,BUENO,SECA,0,0,COLISION CON DOS O MAS VEHICULOS,0,2,0,0,2024
25/4/2024,6,AU DELLEPIANE,ASCENDENTE,4300,LLUVIOSO,SECA,1,0,SINIESTRO DE UN SOLO VEHICULO / SIN COLISION,1,0,0,0,2024
25/4/2024,7,AU DELLEPIANE,ASCENDENTE,2600,LLUVIOSO,SECA,1,0,COLISION CON DOS O MAS VEHICULOS,1,1,0,0,2024
25/4/2024,11,AU ILLIA,ASCENDENTE,5000,LLUVIOSO,SECA,0,0,SINIESTRO DE UN SOLO VEHICULO / SIN COLISION,1,0,0,0,2024
26/4/2024,10,AU PERITO MORENO,ASCENDENTE,1500,LLUVIOSO,SECA,0,0,OBSTACULO NO FIJO,0,1,0,1,2024
26/4/2024,15,AU 25 DE MAYO,DESCENDENTE,5700,LLUVIOSO,SECA,0,0,COLISION CON DOS O MAS VEHICULOS,0,2,0,0,2024
26/4/2024,17,AU CAMPORA,DESCENDENTE,3500,BUENO,SECA,0,0,COLISION CON OBSTACULO FIJO,0,0,0,1,2024
27/4/2024,3,TRANSICION RAMAL 2,RAMAL DE ENLACE,-,BUENO,SECA,0,0,COLISION CON OBSTACULO FIJO,0,1,0,0,2024
27/4/2024,5,AV. CANTILO,ASCENDENTE,8000,BUENO,SECA,0,0,SINIESTRO DE UN SOLO VEHICULO / SIN COLISION,0,1,0,0,2024
27/4/2024,17,AV. CANTILO,ASCENDENTE,8600,BUENO,SECA,0,0,COLISION CON DOS O MAS VEHICULOS,0,1,0,0,2024
27/4/2024,20,AU DELLEPIANE,ASCENDENTE,3000,BUENO,SECA,0,0,COLISION CON DOS O MAS VEHICULOS,0,3,0,0,2024
28/4/2024,5,AU DELLEPIANE,DESCENDENTE,1200,BUENO,SECA,0,0,COLISION CON OBSTACULO FIJO,0,1,0,0,2024
29/4/2024,18,AV. CANTILO,ASCENDENTE,7000,BUENO,SECA,1,0,SINIESTRO DE UN SOLO VEHICULO / SIN COLISION,1,0,0,0,2024
30/4/2024,10,AV. CANTILO,ASCENDENTE,7800,LLUVIOSO,SECA,1,0,SINIESTRO DE UN SOLO VEHICULO / SIN COLISION,1,0,0,0,2024
30/4/2024,14,AU FRONDIZI,DESCENDENTE,2700,BUENO,SECA,1,0,COLISION CON DOS O MAS VEHICULOS,1,2,0,0,2024
30/4/2024,17,AU 25 DE MAYO,DESCENDENTE,6600,BUENO,SECA,0,0,COLISION CON DOS O MAS VEHICULOS,0,1,0,1,2024
1/5/2024,1,AU 25 DE MAYO,ASCENDENTE,3600,BUENO,SECA,0,0,COLISION CON OBSTACULO FIJO,0,1,0,0,2024
2/5/2024,8,AU 25 DE MAYO,ASCENDENTE,2500,BUENO,SECA,1,0,COLISION CON DOS O MAS VEHICULOS,2,0,0,0,2024
2/5/2024,11,AV. LUGONES,DESCENDENTE,4300,BUENO,SECA,0,0,COLISION CON DOS O MAS VEHICULOS,0,2,0,0,2024
2/5/2024,12,AV. LUGONES,DESCENDENTE,6000,BUENO,SECA,0,0,COLISION CON DOS O MAS VEHICULOS,1,1,0,0,2024
2/5/2024,12,AV. LUGONES,DESCENDENTE,10400,BUENO,SECA,0,0,COLISION CON DOS O MAS VEHICULOS,1,0,0,1,2024
2/5/2024,14,PASEO DEL BAJO,ASCENDENTE,1400,BUENO,SECA,0,0,SINIESTRO DE UN SOLO VEHICULO / SIN COLISION,1,0,0,1,2024
2/5/2024,17,AU FRONDIZI,DESCENDENTE,500,BUENO,SECA,1,0,SINIESTRO DE UN SOLO VEHICULO / SIN COLISION,1,0,0,0,2024
2/5/2024,17,AU DELLEPIANE,ASCENDENTE,600,BUENO,SECA,0,0,OTRO,0,0,0,1,2024
2/5/2024,19,AU ILLIA,ASCENDENTE,3000,BUENO,SECA,1,0,COLISION CON DOS O MAS VEHICULOS,0,2,0,0,2024
2/5/2024,19,AU 25 DE MAYO,DESCENDENTE,3300,BUENO,SECA,3,0,COLISION CON DOS O MAS VEHICULOS,0,2,0,0,2024
2/5/2024,20,AU FRONDIZI,DESCENDENTE,3200,BUENO,SECA,3,0,COLISION CON DOS O MAS VEHICULOS,0,4,0,0,2024
3/5/2024,7,AU FRONDIZI,DESCENDENTE,3200,BUENO,SECA,0,0,OBSTACULO NO FIJO,0,1,0,0,2024
3/5/2024,14,DIST. 9 DE JULIO,RAMAL 4,-,BUENO,SECA,1,0,COLISION CON DOS O MAS VEHICULOS,0,1,0,1,2024
3/5/2024,15,AV. CANTILO,ASCENDENTE,8000,BUENO,SECA,1,0,COLISION CON DOS O MAS VEHICULOS,1,1,0,0,2024
3/5/2024,20,AU DELLEPIANE,DESCENDENTE,2100,BUENO,SECA,0,0,COLISION CON DOS O MAS VEHICULOS,0,2,0,0,2024
4/5/2024,5,AU 25 DE MAYO,ASCENDENTE,5400,BUENO,SECA,0,0,COLISION CON DOS O MAS VEHICULOS,0,1,0,0,2024
4/5/2024,14,AU PERITO MORENO,ASCENDENTE,3000,BUENO,SECA,0,0,COLISION CON DOS O MAS VEHICULOS,0,3,0,0,2024
6/5/2024,7,AU 25 DE MAYO,ASCENDENTE,2000,LLUVIOSO,SECA,0,0,SINIESTRO DE UN SOLO VEHICULO / SIN COLISION,1,0,0,0,2024
6/5/2024,8,AU ILLIA,ASCENDENTE,2200,BUENO,SECA,0,0,COLISION CON OBSTACULO FIJO,0,1,0,0,2024
7/5/2024,13,AU PERITO MORENO,ASCENDENTE,300,BUENO,SECA,1,0,COLISION CON DOS O MAS VEHICULOS,0,1,0,1,2024
6/5/2024,20,AU 25 DE MAYO,DESCENDENTE,5500,LLUVIOSO,SECA,1,0,OBSTACULO NO FIJO,1,0,0,0,2024
7/5/2024,14,AU PERITO MORENO,DESCENDENTE,500,BUENO,SECA,1,0,COLISION CON DOS O MAS VEHICULOS,1,0,0,0,2024
7/5/2024,15,AU DELLEPIANE,DESCENDENTE,4500,BUENO,SECA,0,0,COLISION CON OBSTACULO FIJO,1,0,0,0,2024
8/5/2024,8,AU PERITO MORENO,ASCENDENTE,5500,BUENO,SECA,0,0,COLISION CON DOS O MAS VEHICULOS,0,0,0,2,2024
8/5/2024,19,AU 25 DE MAYO,ASCENDENTE,1200,BUENO,SECA,1,0,COLISION CON DOS O MAS VEHICULOS,1,0,0,0,2024
8/5/2024,20,AU DELLEPIANE,DESCENDENTE,2500,BUENO,SECA,0,0,SINIESTRO DE UN SOLO VEHICULO / SIN COLISION,1,0,0,0,2024
9/5/2024,19,AU DELLEPIANE,DESCENDENTE,2500,BUENO,SECA,2,0,COLISION CON DOS O MAS VEHICULOS,2,1,0,0,2024
10/5/2024,15,DIST. DELLEPIANE,RAMAL 11,-,BUENO,SECA,0,0,COLISION CON DOS O MAS VEHICULOS,0,2,0,0,2024
10/5/2024,16,AU 25 DE MAYO,DESCENDENTE,6000,BUENO,SECA,0,0,COLISION CON DOS O MAS VEHICULOS,0,0,0,2,2024
10/5/2024,20,AU PERITO MORENO,DESCENDENTE,3300,BUENO,SECA,0,0,SINIESTRO DE UN SOLO VEHICULO / SIN COLISION,0,1,0,0,2024
11/5/2024,9,AU ILLIA,ASCENDENTE,5000,BUENO,SECA,0,0,COLISION CON DOS O MAS VEHICULOS,0,2,0,0,2024
11/5/2024,10,AU 25 DE MAYO,DESCENDENTE,600,BUENO,SECA,0,0,COLISION CON DOS O MAS VEHICULOS,0,2,0,0,2024
11/5/2024,12,AU PERITO MORENO,ASCENDENTE,900,BUENO,SECA,1,0,COLISION CON DOS O MAS VEHICULOS,0,2,0,0,2024
11/5/2024,13,AU DELLEPIANE,DESCENDENTE,2000,BUENO,SECA,2,0,COLISION CON DOS O MAS VEHICULOS,1,1,0,0,2024
11/5/2024,17,AU PERITO MORENO,DESCENDENTE,3800,BUENO,SECA,1,0,COLISION CON DOS O MAS VEHICULOS,1,1,0,0,2024
12/5/2024,7,AU 25 DE MAYO,DESCENDENTE,1500,BUENO,SECA,0,0,COLISION CON DOS O MAS VEHICULOS,0,2,0,0,2024
13/5/2024,10,AU 25 DE MAYO,ASCENDENTE,700,BUENO,SECA,0,0,COLISION CON DOS O MAS VEHICULOS,0,0,0,1,2024
14/5/2024,8,AU PERITO MORENO,ASCENDENTE,4500,BUENO,SECA,0,0,COLISION CON DOS O MAS VEHICULOS,0,2,0,0,2024
14/5/2024,15,AU 25 DE MAYO,DESCENDENTE,1000,BUENO,SECA,0,0,COLISION CON DOS O MAS VEHICULOS,1,1,0,0,2024
15/5/2024,7,AU 25 DE MAYO,DESCENDENTE,0,BUENO,SECA,0,0,COLISION CON OBSTACULO FIJO,0,1,0,0,2024
15/5/2024,12,AU 25 DE MAYO,ASCENDENTE,4700,BUENO,SECA,2,0,COLISION CON DOS O MAS VEHICULOS,0,3,0,0,2024
15/5/2024,17,AU PERITO MORENO,DESCENDENTE,5400,BUENO,SECA,0,0,SINIESTRO DE UN SOLO VEHICULO / SIN COLISION,1,0,0,0,2024
15/5/2024,18,AU FRONDIZI,DESCENDENTE,500,BUENO,SECA,1,0,COLISION CON DOS O MAS VEHICULOS,1,1,0,0,2024
15/5/2024,19,AU 25 DE MAYO,ASCENDENTE,9000,BUENO,SECA,1,0,OBSTACULO NO FIJO,1,0,0,0,2024
17/5/2024,9,AU PERITO MORENO,DESCENDENTE,5400,BUENO,SECA,0,0,COLISION CON DOS O MAS VEHICULOS,0,1,0,1,2024
17/5/2024,9,AU PERITO MORENO,ASCENDENTE,3800,BUENO,SECA,0,0,COLISION CON DOS O MAS VEHICULOS,1,1,0,0,2024
17/5/2024,17,AU FRONDIZI,DESCENDENTE,100,BUENO,SECA,1,0,COLISION CON DOS O MAS VEHICULOS,0,2,0,0,2024
18/5/2024,0,AU 25 DE MAYO,DESCENDENTE,2900,BUENO,SECA,0,0,COLISION CON DOS O MAS VEHICULOS,1,1,0,0,2024
18/5/2024,2,AU ILLIA,DESCENDENTE,1500,BUENO,SECA,0,0,COLISION CON OBSTACULO FIJO,0,1,0,0,2024
18/5/2024,11,AV. CANTILO,ASCENDENTE,9000,BUENO,SECA,0,1,SINIESTRO DE UN SOLO VEHICULO / SIN COLISION,1,0,0,1,2024
19/5/2024,21,AU 25 DE MAYO,ASCENDENTE,8600,BUENO,SECA,0,0,COLISION CON DOS O MAS VEHICULOS,0,2,0,0,2024
20/5/2024,11,AU ILLIA,ASCENDENTE,300,BUENO,SECA,0,0,COLISION CON DOS O MAS VEHICULOS,1,1,0,0,2024
20/5/2024,14,AU ILLIA,ASCENDENTE,3000,BUENO,SECA,0,0,COLISION CON DOS O MAS VEHICULOS,0,1,0,1,2024
21/5/2024,17,AV. LUGONES,DESCENDENTE,4200,BUENO,SECA,0,0,COLISION CON DOS O MAS VEHICULOS,0,3,0,0,2024
21/5/2024,19,AU FRONDIZI,ASCENDENTE,1000,BUENO,SECA,1,0,SINIESTRO DE UN SOLO VEHICULO / SIN COLISION,1,0,0,0,2024
21/5/2024,21,AV. CANTILO,ASCENDENTE,9900,BUENO,SECA,1,0,COLISION CON DOS O MAS VEHICULOS,1,1,0,0,2024
22/5/2024,8,AU PERITO MORENO,ASCENDENTE,5500,BUENO,SECA,1,0,COLISION CON DOS O MAS VEHICULOS,1,0,0,1,2024
22/5/2024,13,AU PERITO MORENO,DESCENDENTE,5400,BUENO,SECA,1,0,COLISION CON DOS O MAS VEHICULOS,1,1,0,0,2024
22/5/2024,15,AU 25 DE MAYO,ASCENDENTE,8200,BUENO,SECA,1,0,COLISION CON DOS O MAS VEHICULOS,1,1,0,0,2024
23/5/2024,9,AU ILLIA,DESCENDENTE,2400,BUENO,SECA,0,0,COLISION CON DOS O MAS VEHICULOS,1,1,0,0,2024
23/5/2024,17,AU FRONDIZI,DESCENDENTE,3000,BUENO,SECA,0,0,COLISION CON OBSTACULO FIJO,0,1,0,0,2024
24/5/2024,13,AU PERITO MORENO,ASCENDENTE,200,BUENO,SECA,1,0,COLISION CON DOS O MAS VEHICULOS,1,1,0,0,2024
24/5/2024,18,AU 25 DE MAYO,ASCENDENTE,9100,BUENO,SECA,0,0,COLISION CON DOS O MAS VEHICULOS,0,2,0,0,2024
25/5/2024,3,AU PERITO MORENO,DESCENDENTE,1500,BUENO,SECA,1,0,COLISION CON OBSTACULO FIJO,1,0,0,0,2024
25/5/2024,13,AU ILLIA,ASCENDENTE,2300,BUENO,SECA,0,0,COLISION CON OBSTACULO FIJO,0,0,0,1,2024
26/5/2024,8,TRANSICION RAMAL 2,RAMAL DE ENLACE,-,BUENO,SECA,0,0,COLISION CON OBSTACULO FIJO,0,1,0,0,2024
28/5/2024,7,AU 25 DE MAYO,DESCENDENTE,9000,BUENO,SECA,1,0,COLISION CON OBSTACULO FIJO,0,0,0,1,2024
28/5/2024,7,AU 25 DE MAYO,ASCENDENTE,600,BUENO,SECA,0,0,COLISION CON DOS O MAS VEHICULOS,0,1,0,1,2024
28/5/2024,14,PASEO DEL BAJO,DESCENDENTE,700,BUENO,SECA,0,0,COLISION CON DOS O MAS VEHICULOS,0,0,0,1,2024
29/5/2024,9,AU 25 DE MAYO,ASCENDENTE,4600,BUENO,SECA,1,0,COLISION CON DOS O MAS VEHICULOS,1,0,0,0,2024
29/5/2024,9,AU PERITO MORENO,ASCENDENTE,5600,BUENO,SECA,0,0,COLISION CON DOS O MAS VEHICULOS,1,0,0,1,2024
30/5/2024,11,AV. LUGONES,DESCENDENTE,7900,BUENO,SECA,1,0,COLISION CON DOS O MAS VEHICULOS,0,3,0,0,2024
30/5/2024,15,AV. LUGONES,DESCENDENTE,7300,BUENO,SECA,0,0,COLISION CON DOS O MAS VEHICULOS,0,1,1,0,2024
30/5/2024,17,AV. LUGONES,DESCENDENTE,6700,BUENO,SECA,0,0,COLISION CON DOS O MAS VEHICULOS,0,1,1,0,2024
31/5/2024,11,AU PERITO MORENO,DESCENDENTE,5400,BUENO,SECA,0,0,COLISION CON DOS O MAS VEHICULOS,0,1,0,1,2024
31/5/2024,16,AV. CANTILO,ASCENDENTE,8900,BUENO,SECA,1,0,COLISION CON DOS O MAS VEHICULOS,2,0,0,0,2024
31/5/2024,17,AU ILLIA,ASCENDENTE,2200,BUENO,SECA,0,0,COLISION CON OBSTACULO FIJO,0,1,0,0,2024
3/6/2024,9,AV. LUGONES,DESCENDENTE,10500,BUENO,SECA,2,0,COLISION CON DOS O MAS VEHICULOS,2,0,0,0,2024
3/6/2024,17,AU CAMPORA,DESCENDENTE,1500,BUENO,SECA,2,0,COLISION CON DOS O MAS VEHICULOS,0,1,0,0,2024
3/6/2024,19,AU PERITO MORENO,DESCENDENTE,500,BUENO,SECA,0,0,COLISION CON DOS O MAS VEHICULOS,0,2,0,0,2024
3/6/2024,19,AU DELLEPIANE,DESCENDENTE,4700,BUENO,SECA,0,0,COLISION CON DOS O MAS VEHICULOS,1,0,0,0,2024
3/6/2024,23,AU FRONDIZI,DESCENDENTE,800,BUENO,SECA,0,0,OBSTACULO NO FIJO,1,0,0,0,2024
4/6/2024,10,AU DELLEPIANE,DESCENDENTE,3000,BUENO,SECA,0,0,COLISION CON DOS O MAS VEHICULOS,0,2,0,0,2024
4/6/2024,15,AV. CANTILO,ASCENDENTE,8900,BUENO,SECA,1,0,COLISION CON DOS O MAS VEHICULOS,0,2,0,0,2024
4/6/2024,19,AV. LUGONES,DESCENDENTE,10200,BUENO,SECA,1,0,OBSTACULO NO FIJO,2,0,0,0,2024
5/6/2024,0,AU PERITO MORENO,ASCENDENTE,5800,LLUVIOSO,SECA,0,0,COLISION CON OBSTACULO FIJO,0,1,0,0,2024
5/6/2024,16,AU 25 DE MAYO,ASCENDENTE,5500,BUENO,SECA,0,0,SINIESTRO DE UN SOLO VEHICULO / SIN COLISION,1,0,0,0,2024
5/6/2024,20,AV. LUGONES,DESCENDENTE,4500,BUENO,SECA,0,0,COLISION CON DOS O MAS VEHICULOS,0,4,0,0,2024
6/6/2024,7,AV. LUGONES,DESCENDENTE,5900,BUENO,SECA,0,0,COLISION CON DOS O MAS VEHICULOS,1,0,0,0,2024
6/6/2024,9,AU FRONDIZI,ASCENDENTE,2000,BUENO,SECA,0,0,COLISION CON DOS O MAS VEHICULOS,1,1,0,0,2024
6/6/2024,9,AV. LUGONES,DESCENDENTE,6000,<SD>,SECA,1,0,COLISION CON DOS O MAS VEHICULOS,1,1,0,0,2024
6/6/2024,11,AU DELLEPIANE,ASCENDENTE,3800,BUENO,SECA,0,0,COLISION CON DOS O MAS VEHICULOS,0,2,0,2,2024
6/6/2024,14,AU DELLEPIANE,DESCENDENTE,800,BUENO,SECA,0,0,COLISION CON DOS O MAS VEHICULOS,0,2,0,0,2024
6/6/2024,17,AV. CANTILO,ASCENDENTE,9800,BUENO,SECA,0,0,COLISION CON DOS O MAS VEHICULOS,0,2,0,0,2024
6/6/2024,19,AU FRONDIZI,DESCENDENTE,2200,BUENO,SECA,0,0,COLISION CON OBSTACULO FIJO,0,1,0,0,2024
7/6/2024,17,PASEO DEL BAJO,DESCENDENTE,2500,BUENO,SECA,1,0,COLISION CON DOS O MAS VEHICULOS,1,0,0,2,2024
7/6/2024,18,AV. LUGONES,DESCENDENTE,4900,BUENO,SECA,1,0,OBSTACULO NO FIJO,1,1,0,0,2024
7/6/2024,19,AU DELLEPIANE,ASCENDENTE,3600,BUENO,SECA,1,0,SINIESTRO DE UN SOLO VEHICULO / SIN COLISION,1,0,0,0,2024
7/6/2024,21,AV. LUGONES,DESCENDENTE,4300,BUENO,SECA,0,0,COLISION CON DOS O MAS VEHICULOS,0,2,0,0,2024
8/6/2024,12,AU DELLEPIANE,DESCENDENTE,1500,BUENO,SECA,0,0,COLISION CON DOS O MAS VEHICULOS,0,3,0,0,2024
9/6/2024,7,AU 25 DE MAYO,DESCENDENTE,1500,BUENO,SECA,0,0,COLISION CON OBSTACULO FIJO,0,1,0,0,2024
10/6/2024,8,AU PERITO MORENO,ASCENDENTE,300,BUENO,SECA,0,0,COLISION CON DOS O MAS VEHICULOS,1,1,0,0,2024
11/6/2024,14,AU DELLEPIANE,DESCENDENTE,2300,BUENO,SECA,1,0,COLISION CON DOS O MAS VEHICULOS,1,1,0,0,2024
11/6/2024,16,AV. CANTILO,ASCENDENTE,9900,BUENO,SECA,4,0,COLISION CON DOS O MAS VEHICULOS,0,3,0,0,2024
11/6/2024,16,AV. CANTILO,ASCENDENTE,8200,BUENO,SECA,1,0,COLISION CON DOS O MAS VEHICULOS,1,0,0,0,2024
12/6/2024,9,AU CAMPORA,DESCENDENTE,1500,"NIEBLA, BRUMA O HUMO",SECA,0,0,COLISION CON DOS O MAS VEHICULOS,0,0,0,2,2024
13/6/2024,11,AU 25 DE MAYO,DESCENDENTE,2400,BUENO,SECA,0,0,COLISION CON DOS O MAS VEHICULOS,0,2,0,0,2024
13/6/2024,15,AU DELLEPIANE,ASCENDENTE,1600,BUENO,SECA,0,0,COLISION CON DOS O MAS VEHICULOS,0,1,0,1,2024
14/6/2024,9,AU 25 DE MAYO,ASCENDENTE,9200,BUENO,SECA,0,0,COLISION CON DOS O MAS VEHICULOS,0,1,0,0,2024
14/6/2024,13,AU 25 DE MAYO,ASCENDENTE,500,LLUVIOSO,SECA,0,0,SINIESTRO DE UN SOLO VEHICULO / SIN COLISION,1,0,0,0,2024
14/6/2024,14,AU 25 DE MAYO,DESCENDENTE,2100,BUENO,SECA,0,0,COLISION CON DOS O MAS VEHICULOS,0,1,0,0,2024
14/6/2024,15,AU ILLIA,ASCENDENTE,5500,BUENO,SECA,0,0,SINIESTRO DE UN SOLO VEHICULO / SIN COLISION,2,0,0,0,2024
14/6/2024,20,AV. LUGONES,DESCENDENTE,4200,BUENO,SECA,0,0,COLISION CON DOS O MAS VEHICULOS,0,2,0,0,2024
15/6/2024,21,AU DELLEPIANE,ASCENDENTE,2500,BUENO,SECA,0,0,OBSTACULO NO FIJO,0,1,0,0,2024
16/6/2024,10,AU 25 DE MAYO,DESCENDENTE,3200,BUENO,SECA,0,0,COLISION CON DOS O MAS VEHICULOS,0,2,0,0,2024
17/6/2024,4,AU DELLEPIANE,DESCENDENTE,3700,BUENO,SECA,0,0,COLISION CON DOS O MAS VEHICULOS,0,2,0,0,2024
17/6/2024,15,AU PERITO MORENO,DESCENDENTE,3300,BUENO,SECA,1,0,COLISION CON OBSTACULO FIJO,1,1,0,0,2024
17/6/2024,22,AU FRONDIZI,DESCENDENTE,2300,BUENO,SECA,1,0,SINIESTRO DE UN SOLO VEHICULO / SIN COLISION,1,0,0,0,2024
18/6/2024,14,AU DELLEPIANE,ASCENDENTE,2200,BUENO,SECA,0,0,COLISION CON DOS O MAS VEHICULOS,0,2,0,0,2024
19/6/2024,6,AU DELLEPIANE,DESCENDENTE,4500,BUENO,MOJADA/HUMEDA,0,0,SINIESTRO DE UN SOLO VEHICULO / SIN COLISION,1,0,0,0,2024
19/6/2024,10,PASEO DEL BAJO,ASCENDENTE,3200,BUENO,SECA,0,0,COLISION CON DOS O MAS VEHICULOS,0,0,0,2,2024
19/6/2024,17,PASEO DEL BAJO,DESCENDENTE,1800,BUENO,SECA,0,1,COLISION CON DOS O MAS VEHICULOS,1,0,0,1,2024
20/6/2024,15,AU 25 DE MAYO,ASCENDENTE,1800,BUENO,SECA,0,0,COLISION CON DOS O MAS VEHICULOS,0,1,0,0,2024
21/6/2024,7,AU DELLEPIANE,ASCENDENTE,2600,LLUVIOSO,MOJADA/HUMEDA,0,0,COLISION CON DOS O MAS VEHICULOS,0,1,0,1,2024
21/6/2024,18,AU PERITO MORENO,ASCENDENTE,5500,BUENO,SECA,0,0,COLISION CON DOS O MAS VEHICULOS,0,2,0,0,2024
22/6/2024,0,AV. LUGONES,DESCENDENTE,10300,BUENO,SECA,0,0,COLISION CON OBSTACULO FIJO,0,1,0,0,2024
22/6/2024,14,AV. CANTILO,ASCENDENTE,8500,BUENO,SECA,0,0,COLISION CON DOS O MAS VEHICULOS,0,1,0,2,2024
23/6/2024,8,AV. LUGONES,DESCENDENTE,10300,BUENO,SECA,0,0,COLISION CON OBSTACULO FIJO,0,1,0,0,2024
24/6/2024,9,AU DELLEPIANE,ASCENDENTE,3000,BUENO,SECA,0,0,COLISION CON DOS O MAS VEHICULOS,0,0,1,2,2024
24/6/2024,15,AU PERITO MORENO,DESCENDENTE,5400,BUENO,SECA,1,0,COLISION CON DOS O MAS VEHICULOS,1,1,0,0,2024
24/6/2024,20,AU 25 DE MAYO,DESCENDENTE,6500,BUENO,SECA,0,0,COLISION CON DOS O MAS VEHICULOS,0,1,0,0,2024
25/6/2024,18,AU PERITO MORENO,DESCENDENTE,1500,LLUVIOSO,SECA,1,0,COLISION CON DOS O MAS VEHICULOS,1,1,0,0,2024
25/6/2024,21,AU FRONDIZI,DESCENDENTE,2100,LLUVIOSO,SECA,0,0,COLISION CON DOS O MAS VEHICULOS,0,2,0,0,2024
25/6/2024,21,AV. LUGONES,DESCENDENTE,10500,LLUVIOSO,SECA,0,0,SINIESTRO DE UN SOLO VEHICULO / SIN COLISION,1,0,0,0,2024
26/6/2024,9,AU PERITO MORENO,ASCENDENTE,200,BUENO,SECA,1,0,COLISION CON DOS O MAS VEHICULOS,1,1,0,0,2024
26/6/2024,10,AU FRONDIZI,ASCENDENTE,3200,BUENO,SECA,1,0,COLISION CON DOS O MAS VEHICULOS,1,0,0,0,2024
26/6/2024,18,AU 25 DE MAYO,DESCENDENTE,900,BUENO,SECA,0,0,COLISION CON DOS O MAS VEHICULOS,0,2,0,1,2024
27/6/2024,8,AU PERITO MORENO,ASCENDENTE,5400,BUENO,SECA,0,0,COLISION CON DOS O MAS VEHICULOS,1,1,0,0,2024
28/6/2024,7,AU 25 DE MAYO,ASCENDENTE,1900,BUENO,SECA,0,0,COLISION CON DOS O MAS VEHICULOS,0,1,0,0,2024
28/6/2024,12,AU 25 DE MAYO,DESCENDENTE,2800,BUENO,SECA,1,0,COLISION CON DOS O MAS VEHICULOS,0,1,0,0,2024
28/6/2024,12,AU 25 DE MAYO,DESCENDENTE,4500,BUENO,SECA,0,0,COLISION CON DOS O MAS VEHICULOS,0,2,0,2,2024
28/6/2024,13,AU DELLEPIANE,ASCENDENTE,900,BUENO,SECA,0,0,COLISION CON DOS O MAS VEHICULOS,0,4,0,0,2024
28/6/2024,14,AV. LUGONES,DESCENDENTE,4000,BUENO,SECA,0,0,COLISION CON DOS O MAS VEHICULOS,0,2,0,0,2024
29/6/2024,16,AU ILLIA,ASCENDENTE,3700,BUENO,SECA,1,0,COLISION CON DOS O MAS VEHICULOS,1,1,0,0,2024
30/6/2024,10,AV. LUGONES,DESCENDENTE,6000,BUENO,SECA,0,0,COLISION CON OBSTACULO FIJO,0,1,0,0,2024
30/6/2024,19,AU DELLEPIANE,ASCENDENTE,1600,BUENO,SECA,0,0,COLISION CON OBSTACULO FIJO,0,1,0,0,2024
1/7/2024,9,AV. CANTILO,ASCENDENTE,9700,BUENO,SECA,0,0,COLISION CON DOS O MAS VEHICULOS,0,3,0,0,2024
2/7/2024,9,AU PERITO MORENO,ASCENDENTE,3600,BUENO,SECA,0,0,COLISION CON DOS O MAS VEHICULOS,0,2,0,0,2024
2/7/2024,9,AU DELLEPIANE,ASCENDENTE,3900,BUENO,SECA,0,0,COLISION CON DOS O MAS VEHICULOS,0,2,0,0,2024
2/7/2024,15,AV. CANTILO,ASCENDENTE,9400,BUENO,SECA,1,0,OBSTACULO NO FIJO,1,1,0,0,2024
3/7/2024,9,AV. CANTILO,ASCENDENTE,9800,BUENO,SECA,1,0,COLISION CON DOS O MAS VEHICULOS,1,1,0,0,2024
3/7/2024,14,AU DELLEPIANE,DESCENDENTE,1800,BUENO,SECA,0,0,COLISION CON DOS O MAS VEHICULOS,1,1,0,0,2024
3/7/2024,15,AU CAMPORA,DESCENDENTE,2500,BUENO,SECA,3,0,COLISION CON DOS O MAS VEHICULOS,0,2,0,1,2024
3/7/2024,15,AU DELLEPIANE,ASCENDENTE,2800,BUENO,SECA,0,0,COLISION CON DOS O MAS VEHICULOS,0,4,0,0,2024
3/7/2024,21,AU PERITO MORENO,ASCENDENTE,2000,BUENO,SECA,0,0,COLISION CON DOS O MAS VEHICULOS,0,1,0,0,2024
4/7/2024,0,AV. CANTILO,ASCENDENTE,7700,BUENO,SECA,2,0,COLISION CON DOS O MAS VEHICULOS,2,0,0,0,2024
4/7/2024,6,AU ILLIA,DESCENDENTE,1800,BUENO,SECA,0,0,COLISION CON DOS O MAS VEHICULOS,0,2,0,0,2024
4/7/2024,14,AU DELLEPIANE,DESCENDENTE,2000,BUENO,SECA,1,0,COLISION CON DOS O MAS VEHICULOS,0,3,0,0,2024
4/7/2024,15,AU PERITO MORENO,DESCENDENTE,5400,BUENO,SECA,0,0,COLISION CON DOS O MAS VEHICULOS,2,1,0,0,2024
5/7/2024,11,AU 25 DE MAYO,DESCENDENTE,6600,BUENO,SECA,1,0,COLISION CON DOS O MAS VEHICULOS,1,1,0,0,2024
5/7/2024,13,AU 25 DE MAYO,ASCENDENTE,3000,BUENO,SECA,0,0,COLISION CON DOS O MAS VEHICULOS,0,2,0,0,2024
7/7/2024,8,AU 25 DE MAYO,DESCENDENTE,1600,BUENO,SECA,0,0,COLISION CON OBSTACULO FIJO,0,2,0,0,2024
8/7/2024,10,AU 25 DE MAYO,ASCENDENTE,600,BUENO,SECA,0,0,COLISION CON DOS O MAS VEHICULOS,1,1,0,0,2024
8/7/2024,13,AU FRONDIZI,ASCENDENTE,2000,BUENO,SECA,0,0,COLISION CON DOS O MAS VEHICULOS,1,1,0,0,2024
9/7/2024,16,AV. LUGONES,DESCENDENTE,6000,BUENO,SECA,0,0,COLISION CON DOS O MAS VEHICULOS,1,1,0,0,2024
10/7/2024,7,AV. LUGONES,DESCENDENTE,9500,BUENO,SECA,0,0,COLISION CON DOS O MAS VEHICULOS,0,4,0,0,2024
10/7/2024,12,AU 25 DE MAYO,DESCENDENTE,500,BUENO,SECA,0,0,COLISION CON DOS O MAS VEHICULOS,1,0,0,0,2024
10/7/2024,13,AV. LUGONES,DESCENDENTE,8500,BUENO,SECA,0,0,COLISION CON DOS O MAS VEHICULOS,0,3,0,0,2024
10/7/2024,17,AU FRONDIZI,DESCENDENTE,2500,BUENO,SECA,1,0,SINIESTRO DE UN SOLO VEHICULO / SIN COLISION,1,0,0,0,2024
10/7/2024,17,DIST. DELLEPIANE,RAMAL 12,-,BUENO,SECA,0,0,COLISION CON DOS O MAS VEHICULOS,0,0,0,2,2024
10/7/2024,18,AU DELLEPIANE,DESCENDENTE,4000,BUENO,SECA,0,0,COLISION CON DOS O MAS VEHICULOS,0,1,0,0,2024
11/7/2024,7,AU DELLEPIANE,ASCENDENTE,3200,BUENO,SECA,1,0,COLISION CON DOS O MAS VEHICULOS,1,1,0,0,2024
11/7/2024,10,AU 25 DE MAYO,ASCENDENTE,4600,BUENO,SECA,1,0,SINIESTRO DE UN SOLO VEHICULO / SIN COLISION,1,0,0,0,2024
11/7/2024,18,TRANSICION RAMAL 2,RAMAL DE ENLACE,-,BUENO,SECA,0,0,COLISION CON DOS O MAS VEHICULOS,1,1,0,0,2024
12/7/2024,15,AU CAMPORA,DESCENDENTE,3100,BUENO,SECA,1,0,COLISION CON DOS O MAS VEHICULOS,0,2,0,0,2024
12/7/2024,18,AV. LUGONES,DESCENDENTE,8100,BUENO,SECA,0,0,OBSTACULO NO FIJO,1,0,0,1,2024
13/7/2024,8,AV. LUGONES,DESCENDENTE,7000,BUENO,SECA,1,0,COLISION CON DOS O MAS VEHICULOS,1,1,0,0,2024
13/7/2024,19,AU DELLEPIANE,ASCENDENTE,3800,BUENO,SECA,0,0,COLISION CON DOS O MAS VEHICULOS,0,2,0,0,2024
14/7/2024,0,AU ILLIA,ASCENDENTE,2100,BUENO,SECA,0,0,COLISION CON OBSTACULO FIJO,0,1,0,0,2024
15/7/2024,9,AU DELLEPIANE,ASCENDENTE,3500,BUENO,SECA,0,0,COLISION CON DOS O MAS VEHICULOS,1,0,0,0,2024
15/7/2024,13,AU FRONDIZI,DESCENDENTE,2000,BUENO,SECA,0,0,COLISION CON DOS O MAS VEHICULOS,0,3,0,1,2024
17/7/2024,20,AU 25 DE MAYO,DESCENDENTE,1700,BUENO,SECA,0,0,COLISION CON DOS O MAS VEHICULOS,0,2,0,0,2024
18/7/2024,0,AU DELLEPIANE,ASCENDENTE,2800,BUENO,SECA,1,0,COLISION CON DOS O MAS VEHICULOS,0,1,0,0,2024
18/7/2024,8,AU DELLEPIANE,ASCENDENTE,500,BUENO,SECA,0,0,OTRO,0,0,0,1,2024
18/7/2024,12,AU FRONDIZI,DESCENDENTE,2000,BUENO,SECA,0,0,COLISION CON DOS O MAS VEHICULOS,0,0,0,2,2024
18/7/2024,12,AU 25 DE MAYO,ASCENDENTE,5900,BUENO,SECA,0,0,COLISION CON DOS O MAS VEHICULOS,2,0,0,0,2024
18/7/2024,13,AV. LUGONES,DESCENDENTE,4900,BUENO,SECA,0,0,SINIESTRO DE UN SOLO VEHICULO / SIN COLISION,1,0,0,0,2024
18/7/2024,19,AU FRONDIZI,DESCENDENTE,3000,BUENO,SECA,1,0,OBSTACULO NO FIJO,1,1,0,0,2024
19/7/2024,8,AU DELLEPIANE,ASCENDENTE,4400,BUENO,SECA,0,0,COLISION CON DOS O MAS VEHICULOS,1,1,0,0,2024
19/7/2024,9,AU DELLEPIANE,DESCENDENTE,4600,BUENO,SECA,0,0,COLISION CON DOS O MAS VEHICULOS,0,2,0,0,2024
19/7/2024,11,AV. LUGONES,DESCENDENTE,4300,BUENO,SECA,2,0,COLISION CON DOS O MAS VEHICULOS,0,2,0,0,2024
19/7/2024,13,AU PERITO MORENO,ASCENDENTE,5400,BUENO,SECA,0,0,COLISION CON OBSTACULO FIJO,0,1,0,0,2024
19/7/2024,14,AU PERITO MORENO,DESCENDENTE,100,BUENO,SECA,0,0,COLISION CON OBSTACULO FIJO,0,1,0,0,2024
19/7/2024,21,AV. CANTILO,ASCENDENTE,8600,BUENO,SECA,2,0,COLISION CON DOS O MAS VEHICULOS,0,2,0,1,2024
19/7/2024,23,AU PERITO MORENO,ASCENDENTE,3800,BUENO,SECA,0,0,OBSTACULO NO FIJO,0,1,0,0,2024
20/7/2024,13,AU DELLEPIANE,ASCENDENTE,4000,BUENO,SECA,0,0,COLISION CON DOS O MAS VEHICULOS,0,1,0,0,2024
21/7/2024,8,AU PERITO MORENO,ASCENDENTE,6000,BUENO,SECA,1,0,COLISION CON DOS O MAS VEHICULOS,0,1,0,1,2024
22/7/2024,13,AU PERITO MORENO,ASCENDENTE,5300,BUENO,SECA,0,0,COLISION CON DOS O MAS VEHICULOS,0,2,0,0,2024
22/7/2024,15,AU DELLEPIANE,DESCENDENTE,800,BUENO,SECA,0,0,COLISION CON DOS O MAS VEHICULOS,0,3,0,0,2024
22/7/2024,16,AU DELLEPIANE,DESCENDENTE,3100,BUENO,SECA,0,0,COLISION CON DOS O MAS VEHICULOS,0,2,0,0,2024
22/7/2024,18,AV. CANTILO,ASCENDENTE,8500,BUENO,SECA,0,0,COLISION CON DOS O MAS VEHICULOS,0,3,0,0,2024
23/7/2024,1,AV. LUGONES,DESCENDENTE,8900,BUENO,SECA,1,0,OBSTACULO NO FIJO,0,1,0,1,2024
23/7/2024,12,AU 25 DE MAYO,ASCENDENTE,8200,BUENO,SECA,1,0,COLISION CON DOS O MAS VEHICULOS,2,0,0,0,2024
23/7/2024,13,AU ILLIA,ASCENDENTE,2600,BUENO,SECA,1,0,OBSTACULO NO FIJO,1,0,0,0,2024
23/7/2024,14,AV. CANTILO,ASCENDENTE,8000,BUENO,SECA,0,0,COLISION CON DOS O MAS VEHICULOS,0,2,0,1,2024
24/7/2024,6,AV. LUGONES,DESCENDENTE,5300,BUENO,SECA,0,0,COLISION CON DOS O MAS VEHICULOS,0,2,0,0,2024
24/7/2024,11,AU 25 DE MAYO,DESCENDENTE,9000,BUENO,SECA,0,0,COLISION CON OBSTACULO FIJO,0,1,0,0,2024
25/7/2024,12,AU PERITO MORENO,ASCENDENTE,5300,BUENO,SECA,0,0,COLISION CON OBSTACULO FIJO,0,0,0,1,2024
26/7/2024,7,AU 25 DE MAYO,ASCENDENTE,8600,BUENO,SECA,0,0,COLISION CON DOS O MAS VEHICULOS,0,1,0,1,2024
28/7/2024,6,PASEO DEL BAJO,DIST. SUR - RAMAL 1,-,BUENO,SECA,0,0,COLISION CON OBSTACULO FIJO,0,1,0,0,2024
28/7/2024,8,AU DELLEPIANE,DESCENDENTE,1000,BUENO,SECA,0,0,COLISION CON OBSTACULO FIJO,0,3,0,0,2024
29/7/2024,11,AU FRONDIZI,DESCENDENTE,1000,BUENO,SECA,1,0,COLISION CON DOS O MAS VEHICULOS,0,1,0,1,2024
29/7/2024,17,AU PERITO MORENO,ASCENDENTE,6000,BUENO,SECA,0,0,COLISION CON DOS O MAS VEHICULOS,0,2,0,0,2024
30/7/2024,8,AU 25 DE MAYO,ASCENDENTE,8300,BUENO,SECA,0,0,COLISION CON DOS O MAS VEHICULOS,0,1,0,1,2024
31/7/2024,7,AV. LUGONES,DESCENDENTE,10100,BUENO,SECA,1,0,COLISION CON DOS O MAS VEHICULOS,1,0,0,1,2024
31/7/2024,15,AU 25 DE MAYO,ASCENDENTE,2000,BUENO,SECA,4,0,COLISION CON DOS O MAS VEHICULOS,2,2,0,0,2024
31/7/2024,15,AV. LUGONES,DESCENDENTE,10300,BUENO,SECA,0,0,COLISION CON DOS O MAS VEHICULOS,0,0,1,1,2024
1/8/2024,5,AU PERITO MORENO,ASCENDENTE,5400,BUENO,SECA,0,0,COLISION CON OBSTACULO FIJO,0,0,0,1,2024
1/8/2024,5,AU PERITO MORENO,DESCENDENTE,2000,BUENO,SECA,0,0,COLISION CON OBSTACULO FIJO,0,1,0,0,2024
1/8/2024,15,AU 25 DE MAYO,DESCENDENTE,8100,BUENO,SECA,1,0,SINIESTRO DE UN SOLO VEHICULO / SIN COLISION,1,0,0,1,2024
2/8/2024,9,AU ILLIA,DESCENDENTE,2800,BUENO,SECA,2,0,COLISION CON DOS O MAS VEHICULOS,0,2,0,0,2024
2/8/2024,19,AU CAMPORA,ASCENDENTE,3000,BUENO,SECA,0,0,COLISION CON DOS O MAS VEHICULOS,0,1,0,1,2024
3/8/2024,1,AV. LUGONES,DESCENDENTE,6000,LLUVIOSO,SECA,0,0,COLISION CON OBSTACULO FIJO,0,1,0,0,2024
3/8/2024,4,AU 25 DE MAYO,DESCENDENTE,6700,LLUVIOSO,SECA,0,0,OBSTACULO NO FIJO,0,0,1,0,2024
3/8/2024,7,AU 25 DE MAYO,DESCENDENTE,3500,LLUVIOSO,SECA,0,0,COLISION CON OBSTACULO FIJO,0,1,0,0,2024
3/8/2024,11,PASEO DEL BAJO,DIST. SUR - RAMAL 2,-,BUENO,SECA,1,0,COLISION CON DOS O MAS VEHICULOS,0,0,0,1,2024
4/8/2024,6,AU DELLEPIANE,DESCENDENTE,500,BUENO,SECA,1,0,COLISION CON OBSTACULO FIJO,0,1,0,0,2024
4/8/2024,12,AU PERITO MORENO,ASCENDENTE,4400,BUENO,SECA,0,0,COLISION CON OBSTACULO FIJO,0,1,0,0,2024
5/8/2024,9,AU 25 DE MAYO,DESCENDENTE,2100,BUENO,SECA,0,0,COLISION CON DOS O MAS VEHICULOS,0,4,0,0,2024
6/8/2024,13,AU 25 DE MAYO,DESCENDENTE,3500,LLUVIOSO,SECA,0,0,COLISION CON DOS O MAS VEHICULOS,0,2,0,0,2024
7/8/2024,8,TRANSICION RAMAL 1,RAMAL DE EGRESO,-,BUENO,SECA,1,0,COLISION CON DOS O MAS VEHICULOS,1,0,0,1,2024
7/8/2024,19,AU DELLEPIANE,DESCENDENTE,2900,BUENO,SECA,1,0,COLISION CON DOS O MAS VEHICULOS,0,2,1,0,2024
8/8/2024,10,AU PERITO MORENO,DESCENDENTE,300,LLUVIOSO,SECA,1,0,COLISION CON DOS O MAS VEHICULOS,1,0,0,0,2024
8/8/2024,14,AU CAMPORA,DESCENDENTE,2700,BUENO,SECA,0,0,COLISION CON OBSTACULO FIJO,0,1,0,0,2024
8/8/2024,17,AU FRONDIZI,ASCENDENTE,2500,LLUVIOSO,SECA,0,0,COLISION CON DOS O MAS VEHICULOS,0,1,0,0,2024
9/8/2024,8,AU ILLIA,DESCENDENTE,200,BUENO,SECA,1,0,COLISION CON DOS O MAS VEHICULOS,1,1,0,0,2024
9/8/2024,8,AV. LUGONES,DESCENDENTE,4200,BUENO,SECA,0,0,COLISION CON DOS O MAS VEHICULOS,1,1,0,0,2024
9/8/2024,10,AU DELLEPIANE,ASCENDENTE,3800,BUENO,SECA,1,0,COLISION CON DOS O MAS VEHICULOS,0,1,0,1,2024
9/8/2024,12,AU PERITO MORENO,DESCENDENTE,2600,BUENO,SECA,0,0,COLISION CON OBSTACULO FIJO,0,1,0,0,2024
10/8/2024,12,AU PERITO MORENO,DESCENDENTE,1600,BUENO,SECA,0,0,COLISION CON OBSTACULO FIJO,0,1,0,0,2024
11/8/2024,17,AU ILLIA,DESCENDENTE,3800,BUENO,SECA,1,0,COLISION CON DOS O MAS VEHICULOS,0,2,0,0,2024
12/8/2024,7,AU PERITO MORENO,ASCENDENTE,5400,BUENO,SECA,0,0,COLISION CON OBSTACULO FIJO,0,0,1,0,2024
12/8/2024,10,AV. LUGONES,DESCENDENTE,6000,BUENO,SECA,1,0,COLISION CON DOS O MAS VEHICULOS,1,0,0,0,2024
12/8/2024,11,AV. LUGONES,DESCENDENTE,6000,BUENO,SECA,1,0,COLISION CON DOS O MAS VEHICULOS,1,1,0,0,2024
13/8/2024,16,AU PERITO MORENO,DESCENDENTE,5000,BUENO,SECA,0,0,COLISION CON DOS O MAS VEHICULOS,0,1,1,0,2024
14/8/2024,14,AU DELLEPIANE,ASCENDENTE,2500,BUENO,SECA,0,0,COLISION CON DOS O MAS VEHICULOS,0,3,0,0,2024
14/8/2024,15,AU 25 DE MAYO,DESCENDENTE,6000,BUENO,SECA,0,0,COLISION CON DOS O MAS VEHICULOS,0,2,0,0,2024
15/8/2024,6,AU 25 DE MAYO,DESCENDENTE,5800,BUENO,SECA,0,1,COLISION CON DOS O MAS VEHICULOS,0,1,0,1,2024
15/8/2024,7,AU DELLEPIANE,ASCENDENTE,3000,BUENO,SECA,1,0,COLISION CON DOS O MAS VEHICULOS,1,0,0,0,2024
15/8/2024,7,AU PERITO MORENO,ASCENDENTE,3800,BUENO,SECA,1,0,COLISION CON DOS O MAS VEHICULOS,1,1,0,0,2024
15/8/2024,15,AU 25 DE MAYO,DESCENDENTE,2200,BUENO,SECA,0,0,COLISION CON DOS O MAS VEHICULOS,0,1,0,0,2024
15/8/2024,17,AU 25 DE MAYO,DESCENDENTE,5700,BUENO,SECA,0,0,COLISION CON DOS O MAS VEHICULOS,1,1,0,0,2024
17/8/2024,12,AU 25 DE MAYO,ASCENDENTE,3400,BUENO,SECA,0,0,COLISION CON DOS O MAS VEHICULOS,0,2,0,0,2024
18/8/2024,22,AU FRONDIZI,ASCENDENTE,3300,BUENO,SECA,0,0,SINIESTRO DE UN SOLO VEHICULO / SIN COLISION,1,0,0,0,2024
19/8/2024,6,TRANSICION RAMAL 3,RAMAL DE ENLACE,-,BUENO,SECA,1,0,COLISION CON DOS O MAS VEHICULOS,0,1,0,1,2024
19/8/2024,7,AU FRONDIZI,DESCENDENTE,1400,BUENO,SECA,0,0,COLISION CON OBSTACULO FIJO,0,1,0,0,2024
20/8/2024,5,AV. LUGONES,DESCENDENTE,8700,BUENO,SECA,1,0,SINIESTRO DE UN SOLO VEHICULO / SIN COLISION,1,0,0,0,2024
20/8/2024,15,AU DELLEPIANE,ASCENDENTE,500,BUENO,SECA,0,0,COLISION CON DOS O MAS VEHICULOS,0,1,1,0,2024
21/8/2024,9,AU 25 DE MAYO,ASCENDENTE,8700,LLUVIOSO,SECA,0,0,COLISION CON DOS O MAS VEHICULOS,0,1,0,1,2024
21/8/2024,11,AU 25 DE MAYO,ASCENDENTE,700,BUENO,SECA,0,0,COLISION CON DOS O MAS VEHICULOS,0,2,0,0,2024
22/8/2024,3,AU 25 DE MAYO,DESCENDENTE,4100,LLUVIOSO,SECA,1,0,COLISION CON OBSTACULO FIJO,0,1,0,0,2024
22/8/2024,6,AU PERITO MORENO,ASCENDENTE,5400,LLUVIOSO,SECA,0,0,SINIESTRO DE UN SOLO VEHICULO / SIN COLISION,1,0,0,0,2024
24/8/2024,8,AV. CANTILO,ASCENDENTE,8700,BUENO,SECA,0,0,COLISION CON DOS O MAS VEHICULOS,0,1,0,1,2024
24/8/2024,10,AU ILLIA,DESCENDENTE,2700,BUENO,SECA,2,0,COLISION CON DOS O MAS VEHICULOS,0,2,0,0,2024
24/8/2024,16,AV. LUGONES,DESCENDENTE,9200,BUENO,SECA,0,0,COLISION CON DOS O MAS VEHICULOS,0,2,0,0,2024
24/8/2024,18,AU ILLIA,DESCENDENTE,2700,BUENO,SECA,1,0,COLISION CON DOS O MAS VEHICULOS,1,0,0,0,2024
24/8/2024,20,AU PERITO MORENO,ASCENDENTE,5400,BUENO,SECA,0,0,COLISION CON DOS O MAS VEHICULOS,0,1,0,0,2024
24/8/2024,21,AV. CANTILO,ASCENDENTE,9200,BUENO,SECA,0,0,COLISION CON DOS O MAS VEHICULOS,0,3,0,0,2024
24/8/2024,21,AU DELLEPIANE,ASCENDENTE,4300,BUENO,SECA,0,0,COLISION CON OBSTACULO FIJO,0,1,0,0,2024
26/8/2024,9,TRANSICION RAMAL 2,RAMAL DE ENLACE,-,BUENO,SECA,1,0,COLISION CON DOS O MAS VEHICULOS,1,0,0,1,2024
26/8/2024,10,AU PERITO MORENO,ASCENDENTE,5600,BUENO,SECA,0,0,COLISION CON DOS O MAS VEHICULOS,0,1,0,1,2024
26/8/2024,17,AV. LUGONES,DESCENDENTE,4900,BUENO,SECA,1,0,SINIESTRO DE UN SOLO VEHICULO / SIN COLISION,1,1,0,0,2024
26/8/2024,23,AU DELLEPIANE,DESCENDENTE,2300,BUENO,SECA,1,0,COLISION CON DOS O MAS VEHICULOS,0,0,0,2,2024
27/8/2024,14,AU ILLIA,ASCENDENTE,2400,BUENO,SECA,1,0,OBSTACULO NO FIJO,1,1,0,0,2024
27/8/2024,14,AU CAMPORA,DESCENDENTE,1400,BUENO,SECA,0,0,COLISION CON DOS O MAS VEHICULOS,0,0,0,2,2024
27/8/2024,18,AU PERITO MORENO,DESCENDENTE,1000,BUENO,SECA,1,0,COLISION CON DOS O MAS VEHICULOS,1,1,0,0,2024
28/8/2024,9,AU DELLEPIANE,ASCENDENTE,400,BUENO,SECA,2,0,COLISION CON DOS O MAS VEHICULOS,0,1,0,2,2024
28/8/2024,13,AU DELLEPIANE,ASCENDENTE,3800,BUENO,SECA,0,0,COLISION CON DOS O MAS VEHICULOS,1,1,0,0,2024
28/8/2024,18,AU FRONDIZI,ASCENDENTE,1900,BUENO,SECA,0,0,SINIESTRO DE UN SOLO VEHICULO / SIN COLISION,1,0,0,0,2024
29/8/2024,12,AU 25 DE MAYO,DESCENDENTE,7500,BUENO,SECA,0,0,COLISION CON DOS O MAS VEHICULOS,0,0,0,1,2024
29/8/2024,12,AU FRONDIZI,ASCENDENTE,400,BUENO,SECA,1,0,COLISION CON DOS O MAS VEHICULOS,1,0,0,0,2024
29/8/2024,14,AU FRONDIZI,ASCENDENTE,300,BUENO,SECA,0,0,COLISION CON DOS O MAS VEHICULOS,0,2,0,0,2024
29/8/2024,15,AU PERITO MORENO,DESCENDENTE,5600,BUENO,SECA,0,0,COLISION CON DOS O MAS VEHICULOS,0,1,0,1,2024
29/8/2024,16,AU FRONDIZI,DESCENDENTE,1400,BUENO,SECA,1,0,COLISION CON DOS O MAS VEHICULOS,0,4,0,0,2024
29/8/2024,18,AU 25 DE MAYO,DESCENDENTE,1200,BUENO,SECA,1,0,SINIESTRO DE UN SOLO VEHICULO / SIN COLISION,1,0,0,0,2024
30/8/2024,7,AU 25 DE MAYO,DESCENDENTE,9200,BUENO,SECA,0,0,COLISION CON DOS O MAS VEHICULOS,0,2,0,0,2024
30/8/2024,8,AV. LUGONES,DESCENDENTE,8700,BUENO,SECA,1,0,COLISION CON DOS O MAS VEHICULOS,1,1,0,0,2024
30/8/2024,13,AU DELLEPIANE,DESCENDENTE,3900,LLUVIOSO,SECA,0,0,COLISION CON OBSTACULO FIJO,0,0,0,1,2024
30/8/2024,17,AU DELLEPIANE,ASCENDENTE,2500,LLUVIOSO,SECA,0,0,COLISION CON DOS O MAS VEHICULOS,0,1,0,1,2024
31/8/2024,0,AU 25 DE MAYO,ASCENDENTE,9200,LLUVIOSO,SECA,0,0,COLISION CON DOS O MAS VEHICULOS,0,2,0,0,2024
31/8/2024,1,TRANSICION RAMAL 3,RAMAL DE ENLACE,-,LLUVIOSO,SECA,0,0,COLISION CON DOS O MAS VEHICULOS,0,1,0,0,2024
31/8/2024,10,AV. CANTILO,ASCENDENTE,10200,LLUVIOSO,SECA,0,0,COLISION CON OBSTACULO FIJO,0,1,0,0,2024
1/9/2024,7,AU PERITO MORENO,ASCENDENTE,4800,BUENO,SECA,0,0,COLISION CON DOS O MAS VEHICULOS,0,1,0,1,2024
1/9/2024,8,AU 25 DE MAYO,DESCENDENTE,7800,BUENO,SECA,0,0,COLISION CON DOS O MAS VEHICULOS,0,2,0,0,2024
2/9/2024,7,AU FRONDIZI,DESCENDENTE,2100,BUENO,SECA,0,0,COLISION CON OBSTACULO FIJO,0,1,0,0,2024
2/9/2024,10,PASEO DEL BAJO,ASCENDENTE,1500,BUENO,SECA,0,0,COLISION CON DOS O MAS VEHICULOS,0,0,0,2,2024
2/9/2024,12,AU 25 DE MAYO,DESCENDENTE,4500,BUENO,SECA,0,0,COLISION CON DOS O MAS VEHICULOS,0,1,0,0,2024
3/9/2024,9,AV. LUGONES,DESCENDENTE,8700,BUENO,SECA,0,1,COLISION CON DOS O MAS VEHICULOS,1,1,0,1,2024
4/9/2024,12,AU DELLEPIANE,ASCENDENTE,2800,BUENO,SECA,2,0,COLISION CON DOS O MAS VEHICULOS,2,0,0,0,2024
4/9/2024,14,AU DELLEPIANE,ASCENDENTE,1500,BUENO,SECA,0,0,COLISION CON DOS O MAS VEHICULOS,0,1,0,1,2024
4/9/2024,14,AU DELLEPIANE,ASCENDENTE,2400,BUENO,SECA,0,0,COLISION CON OBSTACULO FIJO,0,1,0,0,2024
5/9/2024,12,AU PERITO MORENO,DESCENDENTE,5100,BUENO,SECA,1,0,COLISION CON DOS O MAS VEHICULOS,1,1,0,0,2024
5/9/2024,13,AU 25 DE MAYO,DESCENDENTE,3300,BUENO,SECA,1,0,COLISION CON DOS O MAS VEHICULOS,1,0,0,0,2024
5/9/2024,18,AU 25 DE MAYO,DESCENDENTE,2300,BUENO,SECA,1,0,COLISION CON DOS O MAS VEHICULOS,1,1,0,0,2024
5/9/2024,19,PASEO DEL BAJO,ASCENDENTE,4000,BUENO,SECA,1,0,SINIESTRO DE UN SOLO VEHICULO / SIN COLISION,2,0,0,0,2024
6/9/2024,8,AV. LUGONES,DESCENDENTE,9000,BUENO,SECA,0,0,COLISION CON DOS O MAS VEHICULOS,0,2,0,1,2024
6/9/2024,13,AU 25 DE MAYO,DESCENDENTE,1900,BUENO,SECA,0,0,COLISION CON OBSTACULO FIJO,0,1,0,0,2024
7/9/2024,4,AU PERITO MORENO,DESCENDENTE,300,BUENO,SECA,0,0,COLISION CON DOS O MAS VEHICULOS,1,1,0,0,2024
7/9/2024,13,AU PERITO MORENO,ASCENDENTE,5400,BUENO,SECA,0,0,COLISION CON OBSTACULO FIJO,0,0,0,1,2024
8/9/2024,4,DIST. DELLEPIANE,RAMAL 7,-,BUENO,SECA,0,0,COLISION CON OBSTACULO FIJO,0,1,0,0,2024
8/9/2024,5,AU FRONDIZI,DESCENDENTE,3000,BUENO,SECA,0,0,COLISION CON OBSTACULO FIJO,0,1,0,0,2024
8/9/2024,5,AU 25 DE MAYO,DESCENDENTE,6900,BUENO,SECA,0,0,COLISION CON OBSTACULO FIJO,0,1,0,0,2024
8/9/2024,12,AV. CANTILO,ASCENDENTE,9200,BUENO,SECA,1,0,COLISION CON DOS O MAS VEHICULOS,1,1,0,0,2024
8/9/2024,18,PASEO DEL BAJO,ASCENDENTE,4300,BUENO,SECA,0,0,COLISION CON DOS O MAS VEHICULOS,0,2,0,0,2024
9/9/2024,16,AU 25 DE MAYO,ASCENDENTE,3500,BUENO,SECA,0,0,COLISION CON DOS O MAS VEHICULOS,0,0,0,2,2024
10/9/2024,13,AV. LUGONES,DESCENDENTE,10000,BUENO,SECA,0,0,OBSTACULO NO FIJO,1,1,0,0,2024
10/9/2024,14,AU 25 DE MAYO,ASCENDENTE,5700,BUENO,SECA,1,0,COLISION CON DOS O MAS VEHICULOS,0,1,0,1,2024
11/9/2024,16,AU 25 DE MAYO,DESCENDENTE,0,BUENO,SECA,0,0,COLISION CON DOS O MAS VEHICULOS,0,2,0,0,2024
12/9/2024,17,AV. CANTILO,ASCENDENTE,9100,BUENO,SECA,1,0,COLISION CON DOS O MAS VEHICULOS,1,1,0,0,2024
12/9/2024,19,AU FRONDIZI,DESCENDENTE,2300,BUENO,SECA,1,0,COLISION CON DOS O MAS VEHICULOS,1,1,0,0,2024
13/9/2024,8,AU PERITO MORENO,DESCENDENTE,5400,BUENO,SECA,0,0,COLISION CON DOS O MAS VEHICULOS,0,2,0,0,2024
13/9/2024,8,AU DELLEPIANE,ASCENDENTE,1000,BUENO,SECA,0,0,COLISION CON DOS O MAS VEHICULOS,0,2,0,0,2024
13/9/2024,9,AU PERITO MORENO,ASCENDENTE,300,BUENO,SECA,0,0,COLISION CON DOS O MAS VEHICULOS,0,1,0,1,2024
13/9/2024,16,AU ILLIA,ASCENDENTE,5100,BUENO,SECA,1,0,COLISION CON DOS O MAS VEHICULOS,1,1,0,0,2024
13/9/2024,17,TRANSICION RAMAL 3,RAMAL DE ENLACE,-,BUENO,SECA,0,0,COLISION CON DOS O MAS VEHICULOS,0,1,0,0,2024
14/9/2024,18,AU 25 DE MAYO,ASCENDENTE,900,BUENO,SECA,0,0,COLISION CON DOS O MAS VEHICULOS,0,2,0,0,2024
16/9/2024,19,AU FRONDIZI,ASCENDENTE,3500,BUENO,SECA,0,0,COLISION CON DOS O MAS VEHICULOS,0,3,0,0,2024
16/9/2024,19,AU 25 DE MAYO,DESCENDENTE,0,BUENO,SECA,0,0,COLISION CON DOS O MAS VEHICULOS,0,1,1,1,2024
17/9/2024,11,AU PERITO MORENO,ASCENDENTE,5400,BUENO,SECA,0,0,COLISION CON DOS O MAS VEHICULOS,0,1,1,0,2024
17/9/2024,15,AU ILLIA,ASCENDENTE,2800,BUENO,SECA,2,0,SINIESTRO DE UN SOLO VEHICULO / SIN COLISION,1,0,0,0,2024
17/9/2024,17,AU 25 DE MAYO,DESCENDENTE,3400,BUENO,SECA,0,0,COLISION CON DOS O MAS VEHICULOS,0,2,0,0,2024
17/9/2024,17,AU FRONDIZI,DESCENDENTE,1700,BUENO,SECA,1,0,COLISION CON DOS O MAS VEHICULOS,1,0,0,0,2024
18/9/2024,9,PASEO DEL BAJO,DESCENDENTE,4400,BUENO,SECA,0,0,COLISION CON DOS O MAS VEHICULOS,0,0,1,2,2024
18/9/2024,10,AU PERITO MORENO,ASCENDENTE,5400,BUENO,OTRA,0,0,SINIESTRO DE UN SOLO VEHICULO / SIN COLISION,1,0,0,0,2024
18/9/2024,14,AV. LUGONES,DESCENDENTE,4600,BUENO,SECA,0,0,COLISION CON DOS O MAS VEHICULOS,0,2,0,0,2024
18/9/2024,16,AU 25 DE MAYO,DESCENDENTE,200,BUENO,SECA,0,0,SINIESTRO DE UN SOLO VEHICULO / SIN COLISION,1,0,0,0,2024
19/9/2024,11,PASEO DEL BAJO,DESCENDENTE,4400,BUENO,SECA,3,0,COLISION CON DOS O MAS VEHICULOS,0,0,0,3,2024
19/9/2024,15,AU CAMPORA,DESCENDENTE,3500,BUENO,SECA,1,0,COLISION CON OBSTACULO FIJO,0,1,0,0,2024
19/9/2024,17,AU FRONDIZI,ASCENDENTE,3400,BUENO,SECA,2,0,COLISION CON DOS O MAS VEHICULOS,0,3,0,0,2024
22/9/2024,19,AU DELLEPIANE,ASCENDENTE,4300,BUENO,SECA,0,0,COLISION CON OBSTACULO FIJO,0,1,0,0,2024
23/9/2024,12,AU FRONDIZI,ASCENDENTE,1500,BUENO,SECA,1,0,OBSTACULO NO FIJO,2,0,0,0,2024
23/9/2024,16,AU 25 DE MAYO,DESCENDENTE,5900,BUENO,SECA,1,0,COLISION CON DOS O MAS VEHICULOS,1,0,0,0,2024
24/9/2024,14,AU PERITO MORENO,ASCENDENTE,5300,BUENO,SECA,0,0,COLISION CON DOS O MAS VEHICULOS,1,1,0,0,2024
25/9/2024,14,AU DELLEPIANE,DESCENDENTE,2100,BUENO,SECA,2,0,COLISION CON OBSTACULO FIJO,0,1,0,0,2024
26/9/2024,9,AV. LUGONES,DESCENDENTE,9500,BUENO,SECA,0,0,COLISION CON DOS O MAS VEHICULOS,0,1,0,0,2024
26/9/2024,9,AV. CANTILO,ASCENDENTE,7500,BUENO,SECA,0,0,COLISION CON DOS O MAS VEHICULOS,0,2,0,0,2024
26/9/2024,11,AV. LUGONES,DESCENDENTE,9900,BUENO,SECA,0,0,COLISION CON DOS O MAS VEHICULOS,0,1,0,1,2024
27/9/2024,14,AU 25 DE MAYO,ASCENDENTE,3500,BUENO,SECA,1,0,COLISION CON DOS O MAS VEHICULOS,1,1,0,0,2024
30/9/2024,7,AU DELLEPIANE,DESCENDENTE,1000,BUENO,SECA,0,0,COLISION CON DOS O MAS VEHICULOS,0,2,0,0,2024
30/9/2024,18,AU 25 DE MAYO,DESCENDENTE,1000,BUENO,SECA,0,1,COLISION CON OBSTACULO FIJO,1,0,0,0,2024
2/10/2024,14,AU DELLEPIANE,ASCENDENTE,2700,BUENO,SECA,0,0,COLISION CON DOS O MAS VEHICULOS,0,1,0,0,2024
2/10/2024,14,AU ILLIA,ASCENDENTE,3600,BUENO,SECA,0,0,COLISION CON DOS O MAS VEHICULOS,0,1,0,1,2024
2/10/2024,14,DIST. 9 DE JULIO,RAMALES 1/1BIS,-,BUENO,SECA,1,0,COLISION CON OBSTACULO FIJO,0,0,0,1,2024
3/10/2024,16,AU 25 DE MAYO,DESCENDENTE,5300,BUENO,SECA,1,0,SINIESTRO DE UN SOLO VEHICULO / SIN COLISION,1,1,0,0,2024
3/10/2024,17,AU 25 DE MAYO,ASCENDENTE,9100,BUENO,SECA,1,0,COLISION CON DOS O MAS VEHICULOS,0,2,0,0,2024
4/10/2024,10,AU ILLIA,DESCENDENTE,3300,BUENO,SECA,0,0,OBSTACULO NO FIJO,0,2,0,0,2024
4/10/2024,13,AU CAMPORA,ASCENDENTE,1700,BUENO,SECA,0,0,COLISION CON DOS O MAS VEHICULOS,0,0,0,2,2024
4/10/2024,14,PTE. SCALABRINI ORTIZ,-,-,BUENO,SECA,1,0,SINIESTRO DE UN SOLO VEHICULO / SIN COLISION,1,0,0,0,2024
4/10/2024,20,AU DELLEPIANE,DESCENDENTE,4100,BUENO,SECA,0,0,COLISION CON DOS O MAS VEHICULOS,0,3,0,0,2024
5/10/2024,12,AU PERITO MORENO,ASCENDENTE,400,BUENO,SECA,2,0,COLISION CON DOS O MAS VEHICULOS,1,0,0,1,2024
5/10/2024,12,AU DELLEPIANE,DESCENDENTE,3100,BUENO,SECA,0,0,COLISION CON DOS O MAS VEHICULOS,1,1,0,0,2024
6/10/2024,0,AU 25 DE MAYO,DESCENDENTE,2900,BUENO,SECA,3,0,COLISION CON DOS O MAS VEHICULOS,0,3,0,0,2024
7/10/2024,6,AU PERITO MORENO,ASCENDENTE,3400,BUENO,SECA,1,0,COLISION CON DOS O MAS VEHICULOS,0,1,0,1,2024
8/10/2024,8,AU FRONDIZI,ASCENDENTE,1200,BUENO,SECA,1,0,SINIESTRO DE UN SOLO VEHICULO / SIN COLISION,1,0,0,0,2024
8/10/2024,11,AU 25 DE MAYO,DESCENDENTE,1200,BUENO,SECA,0,0,COLISION CON DOS O MAS VEHICULOS,0,2,0,0,2024
8/10/2024,16,AV. CANTILO,ASCENDENTE,10100,BUENO,SECA,1,0,SINIESTRO DE UN SOLO VEHICULO / SIN COLISION,1,0,0,0,2024
9/10/2024,10,AU DELLEPIANE,DESCENDENTE,3000,BUENO,SECA,0,1,COLISION CON DOS O MAS VEHICULOS,1,0,0,0,2024
9/10/2024,19,AU PERITO MORENO,DESCENDENTE,500,BUENO,SECA,0,0,COLISION CON DOS O MAS VEHICULOS,0,3,0,0,2024
10/10/2024,12,AV. CANTILO,ASCENDENTE,10000,BUENO,SECA,0,0,COLISION CON DOS O MAS VEHICULOS,0,1,0,0,2024
10/10/2024,15,AU 25 DE MAYO,DESCENDENTE,4600,BUENO,SECA,0,0,COLISION CON DOS O MAS VEHICULOS,0,2,0,0,2024
10/10/2024,15,AU DELLEPIANE,DESCENDENTE,2600,BUENO,SECA,0,0,COLISION CON DOS O MAS VEHICULOS,0,2,0,0,2024
10/10/2024,16,AU PERITO MORENO,DESCENDENTE,4200,BUENO,SECA,0,0,COLISION CON OBSTACULO FIJO,0,1,0,0,2024
11/10/2024,7,AU 25 DE MAYO,DESCENDENTE,1900,BUENO,SECA,0,0,COLISION CON OBSTACULO FIJO,1,0,0,0,2024
12/10/2024,3,AU DELLEPIANE,ASCENDENTE,1000,LLUVIOSO,SECA,0,0,COLISION CON DOS O MAS VEHICULOS,1,1,0,0,2024
13/10/2024,23,AU FRONDIZI,DESCENDENTE,100,BUENO,SECA,0,0,COLISION CON DOS O MAS VEHICULOS,0,2,0,0,2024
14/10/2024,4,AU 25 DE MAYO,DESCENDENTE,0,BUENO,SECA,1,0,COLISION CON OBSTACULO FIJO,0,1,0,0,2024
14/10/2024,13,AU PERITO MORENO,ASCENDENTE,5400,BUENO,SECA,0,0,COLISION CON DOS O MAS VEHICULOS,0,2,0,0,2024
14/10/2024,19,DIST. UDAONDO,-,-,LLUVIOSO,SECA,4,0,COLISION CON DOS O MAS VEHICULOS,0,2,0,0,2024
15/10/2024,11,AU DELLEPIANE,DESCENDENTE,4600,BUENO,SECA,0,0,COLISION CON OBSTACULO FIJO,0,0,0,1,2024
15/10/2024,14,AU FRONDIZI,DESCENDENTE,2200,BUENO,SECA,0,0,COLISION CON DOS O MAS VEHICULOS,1,1,0,0,2024
15/10/2024,15,AU 25 DE MAYO,DESCENDENTE,5700,BUENO,SECA,0,0,COLISION CON DOS O MAS VEHICULOS,0,2,0,0,2024
15/10/2024,18,AU 25 DE MAYO,ASCENDENTE,700,BUENO,SECA,0,0,COLISION CON DOS O MAS VEHICULOS,0,1,0,1,2024
15/10/2024,23,AU FRONDIZI,DESCENDENTE,3000,BUENO,SECA,1,0,SINIESTRO DE UN SOLO VEHICULO / SIN COLISION,1,0,0,0,2024
16/10/2024,7,AU DELLEPIANE,ASCENDENTE,2000,BUENO,SECA,1,0,COLISION CON DOS O MAS VEHICULOS,1,1,0,0,2024
16/10/2024,8,AU PERITO MORENO,ASCENDENTE,5600,BUENO,SECA,1,0,COLISION CON DOS O MAS VEHICULOS,1,1,0,0,2024
17/10/2024,7,AU 25 DE MAYO,ASCENDENTE,3500,BUENO,SECA,1,0,OBSTACULO NO FIJO,1,1,0,0,2024
17/10/2024,16,AV. LUGONES,DESCENDENTE,10000,BUENO,SECA,1,0,SINIESTRO DE UN SOLO VEHICULO / SIN COLISION,1,0,0,0,2024
17/10/2024,23,AU FRONDIZI,DESCENDENTE,1500,BUENO,SECA,1,0,COLISION CON DOS O MAS VEHICULOS,0,3,0,0,2024
18/10/2024,15,AU DELLEPIANE,ASCENDENTE,3600,BUENO,SECA,0,0,COLISION CON DOS O MAS VEHICULOS,0,2,0,1,2024
19/10/2024,9,AU DELLEPIANE,ASCENDENTE,4300,BUENO,SECA,0,0,COLISION CON OBSTACULO FIJO,0,1,0,0,2024
19/10/2024,15,DIST. DELLEPIANE,RAMAL 5,-,BUENO,SECA,0,0,COLISION CON OBSTACULO FIJO,1,0,0,0,2024
19/10/2024,19,AU ILLIA,ASCENDENTE,6500,BUENO,SECA,1,0,COLISION CON DOS O MAS VEHICULOS,0,1,1,0,2024
20/10/2024,3,AV. LUGONES,DESCENDENTE,9500,BUENO,SECA,0,0,COLISION CON OBSTACULO FIJO,0,1,0,0,2024
20/10/2024,7,AU ILLIA,DESCENDENTE,4200,BUENO,SECA,0,0,COLISION CON DOS O MAS VEHICULOS,0,2,0,0,2024
20/10/2024,17,AU ILLIA,ASCENDENTE,3700,BUENO,SECA,0,0,COLISION CON DOS O MAS VEHICULOS,0,2,0,0,2024
20/10/2024,20,AV. LUGONES,DESCENDENTE,6000,BUENO,SECA,0,0,COLISION CON DOS O MAS VEHICULOS,1,1,0,0,2024
21/10/2024,17,AV. LUGONES,DESCENDENTE,4500,BUENO,SECA,0,0,COLISION CON DOS O MAS VEHICULOS,0,2,0,0,2024
22/10/2024,9,AV. LUGONES,DESCENDENTE,9900,BUENO,SECA,0,0,COLISION CON DOS O MAS VEHICULOS,0,3,0,0,2024
22/10/2024,17,AU PERITO MORENO,DESCENDENTE,200,BUENO,SECA,0,0,COLISION CON DOS O MAS VEHICULOS,0,1,0,2,2024
23/10/2024,8,AU CAMPORA,ASCENDENTE,500,BUENO,SECA,0,0,COLISION CON DOS O MAS VEHICULOS,1,1,0,0,2024
23/10/2024,14,AU DELLEPIANE,ASCENDENTE,3400,LLUVIOSO,MOJADA/HUMEDA,0,0,COLISION CON DOS O MAS VEHICULOS,0,1,0,1,2024
23/10/2024,16,AU PERITO MORENO,ASCENDENTE,5300,BUENO,MOJADA/HUMEDA,0,0,COLISION CON DOS O MAS VEHICULOS,0,0,0,2,2024
24/10/2024,16,AU 25 DE MAYO,DESCENDENTE,8600,LLUVIOSO,MOJADA/HUMEDA,0,0,COLISION CON DOS O MAS VEHICULOS,0,2,0,0,2024
25/10/2024,12,AU DELLEPIANE,DESCENDENTE,4300,BUENO,SECA,0,0,COLISION CON DOS O MAS VEHICULOS,1,1,0,0,2024
25/10/2024,13,AU CAMPORA,DESCENDENTE,1500,BUENO,SECA,0,0,COLISION CON OBSTACULO FIJO,0,0,0,1,2024
25/10/2024,15,AU FRONDIZI,DESCENDENTE,300,LLUVIOSO,MOJADA/HUMEDA,1,0,COLISION CON DOS O MAS VEHICULOS,0,3,0,0,2024
25/10/2024,18,AU DELLEPIANE,DESCENDENTE,500,BUENO,SECA,0,0,COLISION CON DOS O MAS VEHICULOS,1,0,1,0,2024
26/10/2024,1,AU DELLEPIANE,ASCENDENTE,4300,BUENO,SECA,0,0,COLISION CON OBSTACULO FIJO,0,1,0,0,2024
26/10/2024,4,AU 25 DE MAYO,DESCENDENTE,1200,BUENO,SECA,0,0,COLISION CON OBSTACULO FIJO,0,1,0,0,2024
26/10/2024,12,AU DELLEPIANE,DESCENDENTE,2400,BUENO,SECA,0,0,COLISION CON DOS O MAS VEHICULOS,1,1,0,0,2024
26/10/2024,14,AU PERITO MORENO,DESCENDENTE,4600,BUENO,SECA,0,0,COLISION CON DOS O MAS VEHICULOS,0,1,0,1,2024
27/10/2024,6,AV. CANTILO,ASCENDENTE,8600,BUENO,SECA,0,0,COLISION CON DOS O MAS VEHICULOS,0,2,0,0,2024
28/10/2024,10,AU 25 DE MAYO,ASCENDENTE,4700,BUENO,SECA,0,0,COLISION CON DOS O MAS VEHICULOS,0,1,0,0,2024
28/10/2024,13,AU DELLEPIANE,DESCENDENTE,2700,BUENO,SECA,1,0,COLISION CON DOS O MAS VEHICULOS,1,0,0,1,2024
28/10/2024,17,AV. LUGONES,DESCENDENTE,8200,BUENO,SECA,0,0,COLISION CON DOS O MAS VEHICULOS,0,2,0,0,2024
29/10/2024,2,AU DELLEPIANE,ASCENDENTE,700,BUENO,SECA,0,0,COLISION CON DOS O MAS VEHICULOS,0,1,0,1,2024
29/10/2024,11,AU PERITO MORENO,ASCENDENTE,4800,BUENO,SECA,0,0,COLISION CON OBSTACULO FIJO,0,1,0,0,2024
29/10/2024,11,AV. LUGONES,DESCENDENTE,6000,BUENO,SECA,2,0,COLISION CON DOS O MAS VEHICULOS,1,0,0,0,2024
29/10/2024,12,AV. LUGONES,DESCENDENTE,6500,BUENO,SECA,0,0,COLISION CON DOS O MAS VEHICULOS,0,2,0,0,2024
30/10/2024,10,AU DELLEPIANE,DESCENDENTE,3100,BUENO,SECA,1,0,COLISION CON DOS O MAS VEHICULOS,1,1,0,0,2024
30/10/2024,11,AU DELLEPIANE,DESCENDENTE,4100,BUENO,SECA,0,0,COLISION CON DOS O MAS VEHICULOS,0,1,0,1,2024
31/10/2024,7,AU PERITO MORENO,ASCENDENTE,100,BUENO,SECA,1,0,COLISION CON DOS O MAS VEHICULOS,1,1,0,0,2024
31/10/2024,8,AU 25 DE MAYO,DESCENDENTE,5800,BUENO,SECA,2,0,SINIESTRO DE UN SOLO VEHICULO / SIN COLISION,1,0,0,0,2024
31/10/2024,8,AU DELLEPIANE,ASCENDENTE,200,BUENO,SECA,1,0,SINIESTRO DE UN SOLO VEHICULO / SIN COLISION,1,0,0,0,2024
31/10/2024,15,PASEO DEL BAJO,DESCENDENTE,6300,BUENO,SECA,1,0,OTRO,0,0,0,1,2024
31/10/2024,22,AU DELLEPIANE,DESCENDENTE,4100,BUENO,SECA,0,0,COLISION CON DOS O MAS VEHICULOS,0,1,0,1,2024
1/11/2024,14,AV. CANTILO,ASCENDENTE,9000,BUENO,SECA,0,0,COLISION CON DOS O MAS VEHICULOS,0,3,0,1,2024
1/11/2024,18,AU PERITO MORENO,DESCENDENTE,2300,BUENO,SECA,2,0,COLISION CON DOS O MAS VEHICULOS,0,2,0,0,2024
1/11/2024,19,AU DELLEPIANE,DESCENDENTE,1600,BUENO,SECA,0,0,SINIESTRO DE UN SOLO VEHICULO / SIN COLISION,1,0,0,0,2024
2/11/2024,2,DIST. DELLEPIANE,RAMAL 5,-,BUENO,SECA,1,0,COLISION CON OBSTACULO FIJO,0,1,0,0,2024
3/11/2024,6,AV. CANTILO,ASCENDENTE,9700,BUENO,SECA,0,0,COLISION CON DOS O MAS VEHICULOS,0,1,0,0,2024
3/11/2024,13,AU DELLEPIANE,DESCENDENTE,2600,BUENO,SECA,1,0,COLISION CON DOS O MAS VEHICULOS,0,1,0,1,2024
4/11/2024,13,AU DELLEPIANE,ASCENDENTE,3800,LLUVIOSO,MOJADA/HUMEDA,1,0,COLISION CON DOS O MAS VEHICULOS,0,2,0,0,2024
4/11/2024,15,AU DELLEPIANE,DESCENDENTE,4000,LLUVIOSO,MOJADA/HUMEDA,0,0,COLISION CON DOS O MAS VEHICULOS,0,2,0,1,2024
4/11/2024,16,AU DELLEPIANE,DESCENDENTE,2000,BUENO,MOJADA/HUMEDA,0,0,COLISION CON DOS O MAS VEHICULOS,0,2,0,0,2024
5/11/2024,8,AU PERITO MORENO,ASCENDENTE,300,BUENO,SECA,1,0,COLISION CON DOS O MAS VEHICULOS,1,0,0,0,2024
6/11/2024,8,AU 25 DE MAYO,ASCENDENTE,4400,BUENO,SECA,1,0,COLISION CON DOS O MAS VEHICULOS,1,1,0,0,2024
6/11/2024,10,AU 25 DE MAYO,ASCENDENTE,1000,BUENO,SECA,0,0,COLISION CON DOS O MAS VEHICULOS,0,1,0,0,2024
6/11/2024,17,AU DELLEPIANE,DESCENDENTE,4500,BUENO,SECA,0,0,COLISION CON OBSTACULO FIJO,0,1,0,0,2024
6/11/2024,18,AU 25 DE MAYO,DESCENDENTE,3400,BUENO,SECA,1,0,COLISION CON DOS O MAS VEHICULOS,2,0,0,0,2024
6/11/2024,21,AV. LUGONES,DESCENDENTE,10200,BUENO,SECA,1,0,OBSTACULO NO FIJO,1,1,0,0,2024
7/11/2024,7,AV. LUGONES,DESCENDENTE,6000,BUENO,SECA,1,0,COLISION CON DOS O MAS VEHICULOS,1,1,0,0,2024
8/11/2024,1,AV. CANTILO,ASCENDENTE,7800,BUENO,SECA,0,0,COLISION CON DOS O MAS VEHICULOS,0,1,0,0,2024
8/11/2024,9,AU 25 DE MAYO,ASCENDENTE,900,BUENO,SECA,1,0,SINIESTRO DE UN SOLO VEHICULO / SIN COLISION,1,0,0,0,2024
8/11/2024,15,AU FRONDIZI,ASCENDENTE,1400,BUENO,SECA,0,0,COLISION CON OBSTACULO FIJO,1,1,0,0,2024
8/11/2024,22,AU 25 DE MAYO,DESCENDENTE,3000,BUENO,SECA,0,0,SINIESTRO DE UN SOLO VEHICULO / SIN COLISION,1,0,0,0,2024
9/11/2024,13,AV. LUGONES,DESCENDENTE,8600,BUENO,SECA,0,0,COLISION CON DOS O MAS VEHICULOS,0,1,0,0,2024
9/11/2024,19,DIST. DELLEPIANE,RAMAL 11,-,BUENO,SECA,0,0,COLISION CON DOS O MAS VEHICULOS,0,2,0,0,2024
11/11/2024,7,AV. LUGONES,DESCENDENTE,10000,BUENO,SECA,1,0,COLISION CON DOS O MAS VEHICULOS,0,2,0,0,2024
11/11/2024,18,AU ILLIA,ASCENDENTE,5500,BUENO,SECA,1,0,OBSTACULO NO FIJO,1,1,0,0,2024
12/11/2024,9,AU DELLEPIANE,ASCENDENTE,3100,BUENO,SECA,0,0,COLISION CON DOS O MAS VEHICULOS,0,1,0,1,2024
12/11/2024,13,AU 25 DE MAYO,DESCENDENTE,8100,BUENO,SECA,1,0,COLISION CON DOS O MAS VEHICULOS,1,0,0,0,2024
12/11/2024,13,AV. CANTILO,ASCENDENTE,8700,BUENO,SECA,0,0,COLISION CON DOS O MAS VEHICULOS,0,1,0,0,2024
12/11/2024,16,AU DELLEPIANE,DESCENDENTE,2200,BUENO,SECA,2,0,COLISION CON DOS O MAS VEHICULOS,1,1,0,0,2024
12/11/2024,17,AU 25 DE MAYO,DESCENDENTE,4200,BUENO,SECA,1,0,COLISION CON DOS O MAS VEHICULOS,2,0,0,0,2024
13/11/2024,9,AU FRONDIZI,ASCENDENTE,1400,BUENO,SECA,0,0,COLISION CON DOS O MAS VEHICULOS,1,0,0,0,2024
13/11/2024,10,AU DELLEPIANE,ASCENDENTE,2100,BUENO,SECA,0,0,COLISION CON DOS O MAS VEHICULOS,1,1,0,0,2024
13/11/2024,18,AU ILLIA,ASCENDENTE,2200,BUENO,SECA,1,0,COLISION CON DOS O MAS VEHICULOS,1,1,0,0,2024
14/11/2024,10,AU PERITO MORENO,DESCENDENTE,3000,BUENO,SECA,0,0,COLISION CON DOS O MAS VEHICULOS,0,2,0,0,2024
14/11/2024,14,AU DELLEPIANE,ASCENDENTE,100,BUENO,SECA,2,0,SINIESTRO DE UN SOLO VEHICULO / SIN COLISION,1,0,0,0,2024
15/11/2024,14,AU DELLEPIANE,DESCENDENTE,2500,BUENO,SECA,0,0,COLISION CON DOS O MAS VEHICULOS,0,2,0,0,2024
15/11/2024,16,AU DELLEPIANE,DESCENDENTE,3800,BUENO,SECA,0,0,COLISION CON DOS O MAS VEHICULOS,0,1,0,1,2024
15/11/2024,17,AV. LUGONES,DESCENDENTE,8500,BUENO,SECA,0,0,COLISION CON DOS O MAS VEHICULOS,0,2,0,0,2024
15/11/2024,17,AU 25 DE MAYO,DESCENDENTE,800,BUENO,SECA,1,0,SINIESTRO DE UN SOLO VEHICULO / SIN COLISION,1,0,0,0,2024
16/11/2024,7,AU ILLIA,ASCENDENTE,3500,BUENO,SECA,1,0,COLISION CON DOS O MAS VEHICULOS,1,2,0,1,2024
16/11/2024,13,AU DELLEPIANE,DESCENDENTE,4600,BUENO,SECA,1,0,COLISION CON DOS O MAS VEHICULOS,1,1,0,0,2024
17/11/2024,4,AU CAMPORA,ASCENDENTE,1200,BUENO,SECA,2,0,COLISION CON DOS O MAS VEHICULOS,0,2,0,0,2024
17/11/2024,6,PASEO DEL BAJO,ASCENDENTE,500,BUENO,SECA,1,0,SINIESTRO DE UN SOLO VEHICULO / SIN COLISION,1,0,0,0,2024
19/11/2024,8,AU DELLEPIANE,ASCENDENTE,900,BUENO,SECA,0,0,COLISION CON DOS O MAS VEHICULOS,0,3,0,0,2024
20/11/2024,8,AU 25 DE MAYO,DESCENDENTE,8200,BUENO,SECA,1,0,COLISION CON DOS O MAS VEHICULOS,1,1,0,0,2024
20/11/2024,13,AV. LUGONES,DESCENDENTE,9500,BUENO,SECA,0,0,COLISION CON DOS O MAS VEHICULOS,0,2,0,0,2024
20/11/2024,15,AU DELLEPIANE,DESCENDENTE,1600,BUENO,SECA,1,0,COLISION CON DOS O MAS VEHICULOS,1,1,0,0,2024
21/11/2024,7,AU DELLEPIANE,ASCENDENTE,900,BUENO,SECA,0,0,COLISION CON DOS O MAS VEHICULOS,0,2,0,0,2024
21/11/2024,17,AU 25 DE MAYO,DESCENDENTE,6000,BUENO,SECA,1,0,COLISION CON DOS O MAS VEHICULOS,1,1,0,0,2024
21/11/2024,18,AU DELLEPIANE,DESCENDENTE,1900,BUENO,SECA,0,0,COLISION CON DOS O MAS VEHICULOS,0,1,0,1,2024
22/11/2024,9,AU DELLEPIANE,ASCENDENTE,2800,BUENO,SECA,1,0,COLISION CON DOS O MAS VEHICULOS,1,2,0,0,2024
22/11/2024,10,AV. CANTILO,ASCENDENTE,9100,BUENO,SECA,0,0,COLISION CON DOS O MAS VEHICULOS,0,1,0,1,2024
22/11/2024,16,AU 25 DE MAYO,DESCENDENTE,6400,BUENO,SECA,1,0,COLISION CON DOS O MAS VEHICULOS,1,1,0,1,2024
22/11/2024,18,AV. LUGONES,DESCENDENTE,7000,BUENO,SECA,0,0,COLISION CON DOS O MAS VEHICULOS,0,2,0,0,2024
23/11/2024,11,AU FRONDIZI,DESCENDENTE,2300,BUENO,SECA,5,0,COLISION CON OBSTACULO FIJO,0,1,0,0,2024
23/11/2024,13,AU 25 DE MAYO,DESCENDENTE,6800,BUENO,SECA,0,0,COLISION CON DOS O MAS VEHICULOS,0,2,0,0,2024
24/11/2024,5,AU ILLIA,DESCENDENTE,900,BUENO,SECA,1,0,COLISION CON OBSTACULO FIJO,0,1,0,0,2024
24/11/2024,17,AU 25 DE MAYO,ASCENDENTE,5000,BUENO,SECA,0,0,COLISION CON OBSTACULO FIJO,0,2,0,0,2024
24/11/2024,22,AU CAMPORA,ASCENDENTE,700,LLUVIOSO,MOJADA/HUMEDA,0,0,COLISION CON OBSTACULO FIJO,0,1,0,0,2024
24/11/2024,23,AU ILLIA,ASCENDENTE,900,BUENO,MOJADA/HUMEDA,2,0,COLISION CON OBSTACULO FIJO,0,2,0,0,2024
26/11/2024,13,AU 25 DE MAYO,DESCENDENTE,9200,BUENO,SECA,0,0,COLISION CON OBSTACULO FIJO,0,1,0,0,2024
27/11/2024,8,AU DELLEPIANE,DESCENDENTE,3400,LLUVIOSO,MOJADA/HUMEDA,0,0,COLISION CON DOS O MAS VEHICULOS,0,1,0,1,2024
27/11/2024,18,AV. LUGONES,DESCENDENTE,5300,BUENO,SECA,0,0,OBSTACULO NO FIJO,0,2,0,0,2024
28/11/2024,2,AU 25 DE MAYO,DESCENDENTE,2800,BUENO,MOJADA/HUMEDA,0,0,COLISION CON DOS O MAS VEHICULOS,0,2,0,0,2024
28/11/2024,6,AV. LUGONES,DESCENDENTE,10300,BUENO,SECA,0,0,COLISION CON DOS O MAS VEHICULOS,1,1,0,0,2024
29/11/2024,16,AU DELLEPIANE,ASCENDENTE,2000,BUENO,SECA,2,0,COLISION CON DOS O MAS VEHICULOS,0,7,1,0,2024
29/11/2024,17,AU 25 DE MAYO,DESCENDENTE,5300,BUENO,SECA,0,0,COLISION CON DOS O MAS VEHICULOS,0,2,0,2,2024
29/11/2024,21,AU FRONDIZI,DESCENDENTE,2000,BUENO,SECA,1,0,COLISION CON DOS O MAS VEHICULOS,1,0,0,0,2024
30/11/2024,16,AU 25 DE MAYO,ASCENDENTE,4400,BUENO,SECA,2,0,SINIESTRO DE UN SOLO VEHICULO / SIN COLISION,1,0,0,0,2024
30/11/2024,18,AU PERITO MORENO,DESCENDENTE,4900,BUENO,SECA,0,0,COLISION CON DOS O MAS VEHICULOS,1,1,0,0,2024
30/11/2024,21,AU DELLEPIANE,DESCENDENTE,3500,BUENO,SECA,2,0,COLISION CON DOS O MAS VEHICULOS,1,0,0,0,2024
1/12/2024,12,AV. LUGONES,DESCENDENTE,10300,LLUVIOSO,MOJADA/HUMEDA,0,0,OTRO,0,1,0,0,2024
2/12/2024,5,AU PERITO MORENO,ASCENDENTE,1700,BUENO,SECA,2,0,SINIESTRO DE UN SOLO VEHICULO / SIN COLISION,1,0,0,0,2024
2/12/2024,6,AU PERITO MORENO,DESCENDENTE,200,BUENO,SECA,0,0,COLISION CON OBSTACULO FIJO,0,0,0,1,2024
2/12/2024,7,AU FRONDIZI,ASCENDENTE,2300,BUENO,SECA,1,0,COLISION CON DOS O MAS VEHICULOS,2,0,0,0,2024
2/12/2024,7,AU 25 DE MAYO,DESCENDENTE,9000,BUENO,SECA,0,0,SINIESTRO DE UN SOLO VEHICULO / SIN COLISION,1,0,0,0,2024
2/12/2024,7,AU FRONDIZI,ASCENDENTE,500,BUENO,SECA,0,0,COLISION CON DOS O MAS VEHICULOS,1,0,0,0,2024
2/12/2024,8,AU PERITO MORENO,ASCENDENTE,5500,BUENO,SECA,0,0,COLISION CON DOS O MAS VEHICULOS,1,1,0,0,2024
2/12/2024,10,AU 25 DE MAYO,ASCENDENTE,600,BUENO,SECA,0,0,COLISION CON DOS O MAS VEHICULOS,0,1,0,1,2024
3/12/2024,8,AU FRONDIZI,ASCENDENTE,900,BUENO,SECA,1,0,SINIESTRO DE UN SOLO VEHICULO / SIN COLISION,1,0,0,0,2024
3/12/2024,19,AV. CANTILO,ASCENDENTE,7600,BUENO,SECA,1,0,COLISION CON DOS O MAS VEHICULOS,1,1,0,1,2024
4/12/2024,7,AU CAMPORA,DESCENDENTE,300,BUENO,SECA,1,0,SINIESTRO DE UN SOLO VEHICULO / SIN COLISION,1,0,0,0,2024
4/12/2024,7,AV. LUGONES,DESCENDENTE,6500,BUENO,SECA,0,0,COLISION CON DOS O MAS VEHICULOS,0,1,0,0,2024
4/12/2024,10,AU 25 DE MAYO,ASCENDENTE,6000,BUENO,SECA,2,0,COLISION CON DOS O MAS VEHICULOS,2,2,0,0,2024
4/12/2024,11,AU DELLEPIANE,DESCENDENTE,2500,BUENO,SECA,0,0,COLISION CON DOS O MAS VEHICULOS,1,1,0,0,2024
4/12/2024,12,AU ILLIA,ASCENDENTE,5300,BUENO,SECA,1,0,COLISION CON OBSTACULO FIJO,0,1,0,0,2024
4/12/2024,16,AU 25 DE MAYO,ASCENDENTE,9000,BUENO,SECA,0,0,COLISION CON DOS O MAS VEHICULOS,0,2,0,0,2024
4/12/2024,17,AU 25 DE MAYO,DESCENDENTE,7900,BUENO,SECA,0,0,COLISION CON DOS O MAS VEHICULOS,0,2,0,1,2024
5/12/2024,11,AU 25 DE MAYO,ASCENDENTE,9000,BUENO,SECA,0,0,COLISION CON DOS O MAS VEHICULOS,0,1,0,1,2024
5/12/2024,15,AV. LUGONES,DESCENDENTE,8700,BUENO,SECA,2,0,COLISION CON DOS O MAS VEHICULOS,0,4,0,0,2024
5/12/2024,17,AV. CANTILO,ASCENDENTE,9400,BUENO,SECA,0,0,COLISION CON DOS O MAS VEHICULOS,0,1,0,1,2024
5/12/2024,19,AV. CANTILO,ASCENDENTE,9000,BUENO,SECA,1,0,SINIESTRO DE UN SOLO VEHICULO / SIN COLISION,1,0,0,0,2024
5/12/2024,20,AU 25 DE MAYO,DESCENDENTE,2500,BUENO,SECA,0,0,COLISION CON DOS O MAS VEHICULOS,0,1,0,1,2024
6/12/2024,9,AV. CANTILO,ASCENDENTE,10000,BUENO,SECA,1,0,COLISION CON OBSTACULO FIJO,0,1,0,0,2024
6/12/2024,13,AV. LUGONES,DESCENDENTE,8200,BUENO,SECA,1,0,COLISION CON DOS O MAS VEHICULOS,1,1,0,0,2024
7/12/2024,12,AU 25 DE MAYO,DESCENDENTE,2800,BUENO,SECA,0,0,COLISION CON DOS O MAS VEHICULOS,0,2,0,0,2024
8/12/2024,13,AU 25 DE MAYO,ASCENDENTE,9000,BUENO,SECA,0,0,COLISION CON DOS O MAS VEHICULOS,0,1,0,1,2024
8/12/2024,14,AU DELLEPIANE,ASCENDENTE,1800,BUENO,SECA,0,0,COLISION CON DOS O MAS VEHICULOS,0,2,0,0,2024
9/12/2024,7,AU FRONDIZI,ASCENDENTE,2300,BUENO,SECA,1,0,COLISION CON DOS O MAS VEHICULOS,1,1,0,0,2024
9/12/2024,17,AV. LUGONES,DESCENDENTE,4200,BUENO,SECA,1,0,COLISION CON DOS O MAS VEHICULOS,1,1,0,0,2024
10/12/2024,17,AU 25 DE MAYO,DESCENDENTE,9200,BUENO,SECA,1,0,COLISION CON DOS O MAS VEHICULOS,1,1,0,0,2024
10/12/2024,19,AU 25 DE MAYO,DESCENDENTE,7700,BUENO,SECA,0,0,COLISION CON OBSTACULO FIJO,0,1,0,0,2024
11/12/2024,18,AV. LUGONES,DESCENDENTE,9200,BUENO,SECA,1,0,COLISION CON DOS O MAS VEHICULOS,0,3,0,0,2024
12/12/2024,7,AU PERITO MORENO,ASCENDENTE,3800,BUENO,SECA,1,0,COLISION CON DOS O MAS VEHICULOS,1,1,0,0,2024
12/12/2024,15,TRANSICION RAMAL 4,RAMAL DE INGRESO,-,BUENO,SECA,0,0,COLISION CON DOS O MAS VEHICULOS,0,3,0,0,2024
12/12/2024,15,AU 25 DE MAYO,ASCENDENTE,6900,BUENO,SECA,0,0,COLISION CON DOS O MAS VEHICULOS,1,1,0,0,2024
12/12/2024,15,AU DELLEPIANE,ASCENDENTE,3800,BUENO,SECA,1,0,COLISION CON DOS O MAS VEHICULOS,1,2,0,0,2024
13/12/2024,6,AU DELLEPIANE,ASCENDENTE,2700,BUENO,SECA,1,0,COLISION CON DOS O MAS VEHICULOS,1,1,0,0,2024
13/12/2024,15,AU 25 DE MAYO,DESCENDENTE,1000,BUENO,SECA,0,0,SINIESTRO DE UN SOLO VEHICULO / SIN COLISION,1,0,0,0,2024
13/12/2024,19,AV. LUGONES,DESCENDENTE,9900,BUENO,SECA,0,0,COLISION CON DOS O MAS VEHICULOS,0,2,0,0,2024
14/12/2024,6,AU FRONDIZI,ASCENDENTE,1400,BUENO,SECA,2,0,COLISION CON OBSTACULO FIJO,0,1,0,0,2024
14/12/2024,9,DIST. 9 DE JULIO,RAMAL 3,-,BUENO,SECA,0,0,COLISION CON OBSTACULO FIJO,1,0,0,0,2024
15/12/2024,5,AU 25 DE MAYO,ASCENDENTE,3700,BUENO,SECA,1,0,COLISION CON OBSTACULO FIJO,1,0,0,0,2024
15/12/2024,6,TRANSICION RAMAL 2,RAMAL DE ENLACE,-,BUENO,SECA,0,0,COLISION CON DOS O MAS VEHICULOS,0,2,0,0,2024
15/12/2024,7,AV. CANTILO,ASCENDENTE,10300,BUENO,SECA,0,0,COLISION CON OBSTACULO FIJO,0,1,0,0,2024
16/12/2024,12,AU DELLEPIANE,ASCENDENTE,2900,BUENO,SECA,0,0,COLISION CON DOS O MAS VEHICULOS,0,1,0,0,2024
16/12/2024,13,AU DELLEPIANE,ASCENDENTE,2900,BUENO,SECA,0,0,COLISION CON DOS O MAS VEHICULOS,0,4,0,0,2024
16/12/2024,17,PASEO DEL BAJO,DESCENDENTE,6500,BUENO,SECA,0,0,COLISION CON OBSTACULO FIJO,0,0,0,1,2024
17/12/2024,7,AU PERITO MORENO,ASCENDENTE,5400,BUENO,SECA,0,0,COLISION CON DOS O MAS VEHICULOS,0,3,0,0,2024
17/12/2024,10,AU DELLEPIANE,ASCENDENTE,2000,BUENO,SECA,0,0,COLISION CON DOS O MAS VEHICULOS,0,2,0,0,2024
17/12/2024,13,AU DELLEPIANE,ASCENDENTE,1500,BUENO,SECA,2,0,COLISION CON DOS O MAS VEHICULOS,1,1,0,0,2024
17/12/2024,15,AU 25 DE MAYO,ASCENDENTE,800,BUENO,SECA,1,0,SINIESTRO DE UN SOLO VEHICULO / SIN COLISION,1,0,0,0,2024
17/12/2024,18,AU PERITO MORENO,ASCENDENTE,5400,BUENO,SECA,0,0,COLISION CON OBSTACULO FIJO,0,0,0,1,2024
17/12/2024,20,AU PERITO MORENO,DESCENDENTE,3300,BUENO,SECA,0,0,COLISION CON DOS O MAS VEHICULOS,1,1,0,0,2024
18/12/2024,13,TRANSICION RAMAL 3,RAMAL DE ENLACE,-,BUENO,SECA,0,0,COLISION CON DOS O MAS VEHICULOS,1,0,0,0,2024
18/12/2024,13,AU DELLEPIANE,ASCENDENTE,2500,BUENO,SECA,0,0,COLISION CON DOS O MAS VEHICULOS,0,1,0,0,2024
18/12/2024,17,AU 25 DE MAYO,DESCENDENTE,7100,BUENO,SECA,1,0,COLISION CON DOS O MAS VEHICULOS,1,1,0,0,2024
18/12/2024,19,AU FRONDIZI,DESCENDENTE,1500,BUENO,SECA,3,0,COLISION CON DOS O MAS VEHICULOS,0,3,0,0,2024
19/12/2024,0,AV. LUGONES,DESCENDENTE,10300,BUENO,MOJADA/HUMEDA,1,0,COLISION CON OBSTACULO FIJO,0,1,0,0,2024
19/12/2024,4,AV. LUGONES,DESCENDENTE,10300,LLUVIOSO,MOJADA/HUMEDA,0,0,COLISION CON OBSTACULO FIJO,0,1,0,0,2024
19/12/2024,10,AU DELLEPIANE,ASCENDENTE,2500,BUENO,SECA,0,0,COLISION CON DOS O MAS VEHICULOS,0,2,0,0,2024
19/12/2024,14,AV. CANTILO,ASCENDENTE,7800,BUENO,SECA,1,0,COLISION CON DOS O MAS VEHICULOS,1,0,0,1,2024
19/12/2024,15,AU 25 DE MAYO,ASCENDENTE,6700,BUENO,SECA,2,0,COLISION CON DOS O MAS VEHICULOS,0,2,0,0,2024
19/12/2024,16,AV. LUGONES,DESCENDENTE,6500,BUENO,SECA,1,0,OBSTACULO NO FIJO,1,0,0,1,2024
19/12/2024,19,AU 25 DE MAYO,DESCENDENTE,4000,BUENO,SECA,0,0,OBSTACULO NO FIJO,1,1,0,0,2024
20/12/2024,12,AU PERITO MORENO,ASCENDENTE,5400,BUENO,SECA,0,0,COLISION CON OBSTACULO FIJO,0,0,0,1,2024
20/12/2024,20,PASEO DEL BAJO,DESCENDENTE,6500,BUENO,SECA,1,0,COLISION CON DOS O MAS VEHICULOS,0,1,0,1,2024
21/12/2024,1,AU 25 DE MAYO,DESCENDENTE,900,BUENO,SECA,0,0,COLISION CON DOS O MAS VEHICULOS,0,3,0,0,2024
21/12/2024,11,AU ILLIA,DESCENDENTE,2800,BUENO,SECA,0,0,COLISION CON DOS O MAS VEHICULOS,1,1,0,0,2024
21/12/2024,11,AU DELLEPIANE,ASCENDENTE,2400,BUENO,SECA,1,0,COLISION CON DOS O MAS VEHICULOS,1,1,0,0,2024
21/12/2024,20,AU 25 DE MAYO,ASCENDENTE,600,BUENO,SECA,0,0,COLISION CON DOS O MAS VEHICULOS,0,1,0,0,2024
22/12/2024,3,AU DELLEPIANE,ASCENDENTE,2300,BUENO,SECA,2,0,COLISION CON OBSTACULO FIJO,0,1,0,0,2024
22/12/2024,12,AU DELLEPIANE,DESCENDENTE,3100,BUENO,SECA,0,0,COLISION CON OBSTACULO FIJO,0,0,0,1,2024
23/12/2024,9,AU 25 DE MAYO,DESCENDENTE,7000,BUENO,SECA,2,0,OBSTACULO NO FIJO,0,2,0,0,2024
23/12/2024,11,AU DELLEPIANE,ASCENDENTE,1500,BUENO,SECA,0,0,COLISION CON DOS O MAS VEHICULOS,0,1,0,0,2024
23/12/2024,16,AU 25 DE MAYO,DESCENDENTE,7500,BUENO,SECA,1,0,SINIESTRO DE UN SOLO VEHICULO / SIN COLISION,1,0,0,0,2024
23/12/2024,17,AU ILLIA,ASCENDENTE,3700,BUENO,SECA,1,0,COLISION CON DOS O MAS VEHICULOS,1,1,0,0,2024
23/12/2024,17,AU 25 DE MAYO,ASCENDENTE,8700,BUENO,SECA,0,0,COLISION CON DOS O MAS VEHICULOS,0,2,0,1,2024
25/12/2024,1,AU DELLEPIANE,ASCENDENTE,4400,BUENO,SECA,1,0,COLISION CON OBSTACULO FIJO,1,0,0,0,2024
25/12/2024,3,AU DELLEPIANE,ASCENDENTE,300,BUENO,SECA,1,0,COLISION CON OBSTACULO FIJO,0,1,0,0,2024
25/12/2024,11,AU DELLEPIANE,ASCENDENTE,1200,BUENO,SECA,1,0,COLISION CON DOS O MAS VEHICULOS,0,2,0,0,2024
26/12/2024,9,AV. LUGONES,DESCENDENTE,9800,BUENO,SECA,0,0,COLISION CON DOS O MAS VEHICULOS,1,1,0,0,2024
27/12/2024,3,AU 25 DE MAYO,ASCENDENTE,9200,BUENO,SECA,0,0,COLISION CON DOS O MAS VEHICULOS,0,2,0,0,2024
27/12/2024,9,TRANSICION RAMAL 2,RAMAL DE ENLACE,-,BUENO,SECA,0,0,COLISION CON DOS O MAS VEHICULOS,2,0,0,0,2024
27/12/2024,9,AU DELLEPIANE,DESCENDENTE,3200,BUENO,SECA,1,0,SINIESTRO DE UN SOLO VEHICULO / SIN COLISION,1,0,0,0,2024
27/12/2024,22,AU 25 DE MAYO,ASCENDENTE,8500,BUENO,SECA,1,0,COLISION CON DOS O MAS VEHICULOS,0,4,0,0,2024
29/12/2024,13,AU PERITO MORENO,DESCENDENTE,1300,BUENO,SECA,2,0,SINIESTRO DE UN SOLO VEHICULO / SIN COLISION,1,0,0,0,2024
30/12/2024,9,AU 25 DE MAYO,DESCENDENTE,2300,BUENO,SECA,0,0,COLISION CON DOS O MAS VEHICULOS,0,0,1,2,2024
30/12/2024,17,AU 25 DE MAYO,DESCENDENTE,2800,BUENO,SECA,1,0,OBSTACULO NO FIJO,1,1,0,0,2024
31/12/2024,7,TRANSICION RAMAL 3,RAMAL DE ENLACE,-,BUENO,SECA,1,0,COLISION CON OBSTACULO FIJO,1,0,0,0,2024
31/12/2024,7,TRANSICION RAMAL 3,RAMAL DE ENLACE,-,BUENO,SECA,1,0,COLISION CON DOS O MAS VEHICULOS,1,1,0,0,2024
1/1/2025,6,AU PERITO MORENO,ASCENDENTE,5000,BUENO,SECA,0,0,COLISION CON DOS O MAS VEHICULOS,0,2,0,0,2025
1/1/2025,14,AV. LUGONES,DESCENDENTE,10300,BUENO,SECA,0,0,OTRO,0,1,0,0,2025
2/1/2025,15,AV. LUGONES,DESCENDENTE,10300,BUENO,SECA,0,0,OTRO,0,2,0,0,2025
3/1/2025,6,AV. CANTILO,ASCENDENTE,9900,BUENO,SECA,0,0,OTRO,0,1,0,0,2025
3/1/2025,19,AU DELLEPIANE,DESCENDENTE,4600,BUENO,SECA,1,0,COLISION CON DOS O MAS VEHICULOS,1,1,0,0,2025
3/1/2025,22,AU 25 DE MAYO,DESCENDENTE,400,BUENO,SECA,2,0,SINIESTRO DE UN SOLO VEHICULO / SIN COLISION,1,0,0,0,2025
4/1/2025,15,AU 25 DE MAYO,ASCENDENTE,9300,BUENO,SECA,0,0,COLISION CON OBSTACULO FIJO,0,1,0,0,2025
5/1/2025,8,AU DELLEPIANE,DESCENDENTE,2400,BUENO,SECA,0,0,COLISION CON DOS O MAS VEHICULOS,0,2,0,0,2025
6/1/2025,9,AU FRONDIZI,ASCENDENTE,1500,BUENO,SECA,1,0,COLISION CON DOS O MAS VEHICULOS,1,1,0,0,2025
7/1/2025,6,AU PERITO MORENO,ASCENDENTE,5400,BUENO,SECA,6,0,COLISION CON DOS O MAS VEHICULOS,0,2,0,0,2025
7/1/2025,14,PASEO DEL BAJO,DESCENDENTE,1200,BUENO,SECA,0,0,COLISION CON DOS O MAS VEHICULOS,0,1,0,1,2025
7/1/2025,23,AU FRONDIZI,DESCENDENTE,500,BUENO,SECA,1,0,SINIESTRO DE UN SOLO VEHICULO / SIN COLISION,1,0,0,0,2025
8/1/2025,13,AU DELLEPIANE,ASCENDENTE,3000,BUENO,SECA,0,0,COLISION CON DOS O MAS VEHICULOS,0,2,0,0,2025
8/1/2025,17,PASEO DEL BAJO,DIST. SUR - RAMAL 2,-,BUENO,SECA,0,0,COLISION CON DOS O MAS VEHICULOS,0,1,0,2,2025
8/1/2025,17,AU 25 DE MAYO,DESCENDENTE,3400,BUENO,SECA,1,0,COLISION CON DOS O MAS VEHICULOS,0,2,0,0,2025
10/1/2025,17,AU 25 DE MAYO,ASCENDENTE,8800,BUENO,SECA,0,0,COLISION CON DOS O MAS VEHICULOS,0,0,0,2,2025
10/1/2025,18,AU PERITO MORENO,DESCENDENTE,3000,BUENO,SECA,0,0,COLISION CON DOS O MAS VEHICULOS,1,1,0,0,2025
11/1/2025,5,AU PERITO MORENO,ASCENDENTE,5500,BUENO,SECA,0,0,COLISION CON OBSTACULO FIJO,0,1,0,0,2025
12/1/2025,10,AU CAMPORA,ASCENDENTE,100,BUENO,SECA,0,0,COLISION CON DOS O MAS VEHICULOS,0,2,0,0,2025
12/1/2025,17,AV. CANTILO,ASCENDENTE,9500,BUENO,SECA,1,0,COLISION CON OBSTACULO FIJO,1,0,0,0,2025
12/1/2025,17,AV. CANTILO,ASCENDENTE,9500,BUENO,SECA,0,0,OBSTACULO NO FIJO,0,2,0,0,2025
12/1/2025,20,AV. LUGONES,DESCENDENTE,4500,BUENO,SECA,1,0,COLISION CON DOS O MAS VEHICULOS,1,1,0,0,2025
12/1/2025,21,AU PERITO MORENO,ASCENDENTE,300,BUENO,SECA,0,0,COLISION CON OBSTACULO FIJO,0,1,0,0,2025
13/1/2025,10,AU PERITO MORENO,ASCENDENTE,3100,BUENO,SECA,0,0,COLISION CON DOS O MAS VEHICULOS,0,2,0,0,2025
13/1/2025,12,AU FRONDIZI,ASCENDENTE,3300,BUENO,SECA,0,0,OBSTACULO NO FIJO,0,3,0,0,2025
13/1/2025,22,AV. LUGONES,DESCENDENTE,10300,BUENO,SECA,2,0,OBSTACULO NO FIJO,1,0,0,0,2025
14/1/2025,13,PASEO DEL BAJO,DESCENDENTE,2200,BUENO,SECA,1,0,OBSTACULO NO FIJO,0,0,1,1,2025
14/1/2025,14,PASEO DEL BAJO,DIST. NORTE - RAMAL 4,-,BUENO,SECA,0,0,COLISION CON OBSTACULO FIJO,0,0,0,1,2025
15/1/2025,9,AV. LUGONES,DESCENDENTE,9500,BUENO,SECA,0,0,COLISION CON DOS O MAS VEHICULOS,0,2,0,0,2025
15/1/2025,13,AU FRONDIZI,ASCENDENTE,500,BUENO,SECA,0,0,OBSTACULO NO FIJO,0,2,0,0,2025
15/1/2025,17,AU 25 DE MAYO,DESCENDENTE,8300,BUENO,SECA,1,0,COLISION CON DOS O MAS VEHICULOS,1,1,0,0,2025
16/1/2025,6,AV. LUGONES,DESCENDENTE,7000,BUENO,SECA,0,0,COLISION CON OBSTACULO FIJO,0,1,0,0,2025
16/1/2025,14,AU DELLEPIANE,ASCENDENTE,4600,BUENO,SECA,1,0,COLISION CON DOS O MAS VEHICULOS,1,1,0,0,2025
17/1/2025,6,PTE. SCALABRINI ORTIZ,-,-,BUENO,SECA,1,0,COLISION CON DOS O MAS VEHICULOS,1,0,0,0,2025
17/1/2025,8,AU PERITO MORENO,ASCENDENTE,400,BUENO,SECA,0,0,COLISION CON DOS O MAS VEHICULOS,0,0,0,2,2025
17/1/2025,16,PASEO DEL BAJO,DESCENDENTE,7000,BUENO,SECA,0,0,COLISION CON DOS O MAS VEHICULOS,0,1,0,1,2025
18/1/2025,11,AU 25 DE MAYO,DESCENDENTE,8300,BUENO,SECA,0,0,COLISION CON DOS O MAS VEHICULOS,0,1,0,1,2025
19/1/2025,0,AU DELLEPIANE,DESCENDENTE,3400,BUENO,SECA,0,0,COLISION CON OBSTACULO FIJO,0,1,0,0,2025
19/1/2025,13,AU DELLEPIANE,ASCENDENTE,600,LLUVIOSO,MOJADA/HUMEDA,0,0,COLISION CON DOS O MAS VEHICULOS,0,1,0,1,2025
20/1/2025,1,TRANSICION RAMAL 3,RAMAL DE ENLACE,-,LLUVIOSO,MOJADA/HUMEDA,0,0,COLISION CON OBSTACULO FIJO,0,1,0,0,2025
20/1/2025,2,AV. CANTILO,ASCENDENTE,7900,BUENO,MOJADA/HUMEDA,0,0,COLISION CON OBSTACULO FIJO,0,1,0,0,2025
21/1/2025,17,AU ILLIA,ASCENDENTE,6600,BUENO,SECA,1,0,COLISION CON DOS O MAS VEHICULOS,1,1,0,0,2025
22/1/2025,6,AU PERITO MORENO,ASCENDENTE,5400,BUENO,SECA,0,0,COLISION CON OBSTACULO FIJO,1,1,0,0,2025
22/1/2025,17,AV. CANTILO,ASCENDENTE,8500,BUENO,SECA,0,0,COLISION CON DOS O MAS VEHICULOS,0,3,0,0,2025
22/1/2025,22,AU 25 DE MAYO,ASCENDENTE,4300,BUENO,SECA,1,0,SINIESTRO DE UN SOLO VEHICULO / SIN COLISION,1,0,0,0,2025
23/1/2025,8,DIST. UDAONDO,-,-,BUENO,SECA,1,0,COLISION CON DOS O MAS VEHICULOS,1,0,0,1,2025
23/1/2025,15,AU FRONDIZI,ASCENDENTE,2200,BUENO,SECA,1,0,COLISION CON DOS O MAS VEHICULOS,1,0,0,1,2025
24/1/2025,11,AU DELLEPIANE,ASCENDENTE,2800,BUENO,SECA,2,0,COLISION CON DOS O MAS VEHICULOS,0,2,0,0,2025
24/1/2025,22,PASEO DEL BAJO,DESCENDENTE,3250,BUENO,SECA,1,0,COLISION CON DOS O MAS VEHICULOS,0,1,0,1,2025
26/1/2025,7,AV. LUGONES,DESCENDENTE,10200,BUENO,SECA,1,0,SINIESTRO DE UN SOLO VEHICULO / SIN COLISION,1,0,0,0,2025
26/1/2025,13,AU PERITO MORENO,DESCENDENTE,3700,BUENO,SECA,0,0,OTRO,0,1,0,0,2025
27/1/2025,9,PASEO DEL BAJO,ASCENDENTE,4000,BUENO,SECA,0,0,SINIESTRO DE UN SOLO VEHICULO / SIN COLISION,1,0,0,0,2025
28/1/2025,0,DIST. 9 DE JULIO,RAMAL 6,-,BUENO,SECA,1,0,COLISION CON DOS O MAS VEHICULOS,1,1,0,0,2025
28/1/2025,1,AU FRONDIZI,DESCENDENTE,1000,BUENO,SECA,0,0,COLISION CON OBSTACULO FIJO,0,1,0,0,2025
28/1/2025,16,AU 25 DE MAYO,DESCENDENTE,800,BUENO,SECA,0,0,COLISION CON DOS O MAS VEHICULOS,1,1,0,0,2025
30/1/2025,14,AU PERITO MORENO,DESCENDENTE,600,BUENO,SECA,11,0,COLISION CON DOS O MAS VEHICULOS,0,0,1,1,2025
30/1/2025,16,AU 25 DE MAYO,DESCENDENTE,100,BUENO,SECA,0,0,COLISION CON DOS O MAS VEHICULOS,0,1,0,1,2025
30/1/2025,17,AU PERITO MORENO,DESCENDENTE,900,BUENO,SECA,2,0,COLISION CON OBSTACULO FIJO,1,0,0,0,2025
31/1/2025,7,AU DELLEPIANE,ASCENDENTE,200,BUENO,SECA,1,0,COLISION CON DOS O MAS VEHICULOS,1,1,0,0,2025
31/1/2025,10,AU DELLEPIANE,ASCENDENTE,2900,BUENO,SECA,2,0,COLISION CON DOS O MAS VEHICULOS,0,2,0,0,2025
31/1/2025,16,AU PERITO MORENO,DESCENDENTE,5400,BUENO,SECA,2,0,COLISION CON DOS O MAS VEHICULOS,1,1,0,0,2025
31/1/2025,19,AU 25 DE MAYO,DESCENDENTE,6300,BUENO,SECA,1,0,COLISION CON DOS O MAS VEHICULOS,1,0,0,0,2025
1/2/2025,10,AV. LUGONES,DESCENDENTE,10300,BUENO,SECA,2,0,SINIESTRO DE UN SOLO VEHICULO / SIN COLISION,1,0,0,0,2025
1/2/2025,18,AU 25 DE MAYO,ASCENDENTE,3600,BUENO,SECA,0,0,COLISION CON DOS O MAS VEHICULOS,0,2,0,0,2025
1/2/2025,21,AU DELLEPIANE,ASCENDENTE,3800,BUENO,SECA,0,0,COLISION CON DOS O MAS VEHICULOS,0,4,0,0,2025
2/2/2025,11,AU CAMPORA,ASCENDENTE,1700,BUENO,SECA,1,0,SINIESTRO DE UN SOLO VEHICULO / SIN COLISION,1,0,0,0,2025
2/2/2025,15,DIST. DELLEPIANE,RAMAL 14,-,BUENO,SECA,2,0,SINIESTRO DE UN SOLO VEHICULO / SIN COLISION,1,0,0,0,2025
3/2/2025,6,AU 25 DE MAYO,ASCENDENTE,4100,BUENO,SECA,0,0,OBSTACULO NO FIJO,1,0,0,1,2025
3/2/2025,8,AU FRONDIZI,DESCENDENTE,2900,BUENO,SECA,1,0,COLISION CON OBSTACULO FIJO,0,1,0,0,2025
3/2/2025,16,AU 25 DE MAYO,DESCENDENTE,2800,BUENO,SECA,0,1,OBSTACULO NO FIJO,1,1,0,0,2025
4/2/2025,14,AU DELLEPIANE,DESCENDENTE,2600,BUENO,SECA,2,0,COLISION CON DOS O MAS VEHICULOS,2,0,0,0,2025
5/2/2025,14,PASEO DEL BAJO,DIST. SUR - RAMAL 1,-,LLUVIOSO,MOJADA/HUMEDA,1,0,COLISION CON DOS O MAS VEHICULOS,1,1,0,0,2025
6/2/2025,5,AU CAMPORA,ASCENDENTE,2200,BUENO,SECA,1,0,COLISION CON DOS O MAS VEHICULOS,0,1,0,1,2025
6/2/2025,6,AU DELLEPIANE,DESCENDENTE,2500,BUENO,SECA,1,0,COLISION CON DOS O MAS VEHICULOS,1,1,0,0,2025
6/2/2025,9,AU CAMPORA,ASCENDENTE,2700,BUENO,SECA,0,0,COLISION CON DOS O MAS VEHICULOS,0,2,0,0,2025
6/2/2025,12,AU 25 DE MAYO,ASCENDENTE,5900,BUENO,SECA,6,0,COLISION CON DOS O MAS VEHICULOS,0,3,0,0,2025
6/2/2025,12,AU DELLEPIANE,DESCENDENTE,1800,LLUVIOSO,MOJADA/HUMEDA,0,0,COLISION CON OBSTACULO FIJO,0,1,0,0,2025
6/2/2025,15,AU 25 DE MAYO,DESCENDENTE,5000,BUENO,SECA,0,0,COLISION CON DOS O MAS VEHICULOS,0,6,0,0,2025
6/2/2025,18,AU DELLEPIANE,DESCENDENTE,500,BUENO,SECA,1,0,COLISION CON DOS O MAS VEHICULOS,1,1,0,0,2025
6/2/2025,23,AU DELLEPIANE,DESCENDENTE,4500,BUENO,SECA,0,0,COLISION CON OBSTACULO FIJO,0,0,1,0,2025
7/2/2025,6,AU PERITO MORENO,DESCENDENTE,100,BUENO,SECA,0,0,COLISION CON OBSTACULO FIJO,0,1,0,0,2025
8/2/2025,10,TRANSICION RAMAL 2,RAMAL DE ENLACE,-,BUENO,SECA,0,0,COLISION CON DOS O MAS VEHICULOS,0,3,0,0,2025
8/2/2025,21,AU 25 DE MAYO,ASCENDENTE,1000,BUENO,SECA,1,0,COLISION CON DOS O MAS VEHICULOS,1,1,0,0,2025
9/2/2025,6,AU DELLEPIANE,ASCENDENTE,1000,LLUVIOSO,INUNDADA,0,0,COLISION CON DOS O MAS VEHICULOS,0,2,0,0,2025
9/2/2025,14,AV. LUGONES,DESCENDENTE,9300,BUENO,SECA,1,0,COLISION CON DOS O MAS VEHICULOS,1,0,0,0,2025
9/2/2025,20,AV. LUGONES,DESCENDENTE,4400,BUENO,SECA,0,0,COLISION CON DOS O MAS VEHICULOS,0,1,0,0,2025
10/2/2025,8,AV. LUGONES,DESCENDENTE,7800,BUENO,SECA,1,0,COLISION CON DOS O MAS VEHICULOS,1,0,0,1,2025
10/2/2025,16,AV. LUGONES,DESCENDENTE,8000,BUENO,SECA,1,0,COLISION CON DOS O MAS VEHICULOS,1,0,0,1,2025
11/2/2025,9,AU 25 DE MAYO,DESCENDENTE,2000,LLUVIOSO,MOJADA/HUMEDA,0,0,COLISION CON OBSTACULO FIJO,0,1,0,0,2025
11/2/2025,10,AU 25 DE MAYO,ASCENDENTE,9000,LLUVIOSO,MOJADA/HUMEDA,2,0,COLISION CON DOS O MAS VEHICULOS,0,2,0,0,2025
12/2/2025,6,AU ILLIA,ASCENDENTE,3100,BUENO,MOJADA/HUMEDA,0,0,COLISION CON DOS O MAS VEHICULOS,0,1,1,1,2025
12/2/2025,23,AU PERITO MORENO,DESCENDENTE,1700,BUENO,SECA,0,0,COLISION CON DOS O MAS VEHICULOS,0,1,0,1,2025
13/2/2025,2,AU 25 DE MAYO,DESCENDENTE,5000,BUENO,SECA,1,0,COLISION CON DOS O MAS VEHICULOS,1,1,0,0,2025
13/2/2025,17,AU 25 DE MAYO,DESCENDENTE,6200,BUENO,SECA,0,0,COLISION CON DOS O MAS VEHICULOS,0,3,0,0,2025
14/2/2025,10,PASEO DEL BAJO,ASCENDENTE,2000,BUENO,SECA,0,0,COLISION CON DOS O MAS VEHICULOS,0,0,0,2,2025
14/2/2025,11,AU 25 DE MAYO,ASCENDENTE,2600,BUENO,SECA,1,0,OBSTACULO NO FIJO,1,0,0,0,2025
14/2/2025,14,AV. LUGONES,DESCENDENTE,5800,BUENO,SECA,1,0,COLISION CON DOS O MAS VEHICULOS,1,1,0,0,2025
14/2/2025,16,AU 25 DE MAYO,DESCENDENTE,6300,LLUVIOSO,MOJADA/HUMEDA,0,0,COLISION CON DOS O MAS VEHICULOS,1,1,0,0,2025
15/2/2025,2,AU 25 DE MAYO,DESCENDENTE,1200,BUENO,SECA,0,0,COLISION CON DOS O MAS VEHICULOS,0,1,0,0,2025
15/2/2025,7,PASEO DEL BAJO,DESCENDENTE,3000,BUENO,SECA,2,0,COLISION CON DOS O MAS VEHICULOS,0,1,0,1,2025
15/2/2025,21,AU 25 DE MAYO,DESCENDENTE,7700,BUENO,SECA,0,0,COLISION CON DOS O MAS VEHICULOS,1,1,0,0,2025
18/2/2025,8,AU PERITO MORENO,ASCENDENTE,5400,BUENO,SECA,0,0,COLISION CON OBSTACULO FIJO,0,1,0,1,2025
18/2/2025,9,AV. LUGONES,DESCENDENTE,10000,BUENO,SECA,0,0,COLISION CON DOS O MAS VEHICULOS,0,2,0,0,2025
18/2/2025,11,AU 25 DE MAYO,ASCENDENTE,3600,BUENO,SECA,2,0,COLISION CON DOS O MAS VEHICULOS,0,1,0,1,2025
19/2/2025,11,AU 25 DE MAYO,ASCENDENTE,200,BUENO,SECA,0,0,COLISION CON DOS O MAS VEHICULOS,0,1,0,1,2025
19/2/2025,15,AU 25 DE MAYO,DESCENDENTE,2300,BUENO,SECA,0,0,COLISION CON DOS O MAS VEHICULOS,0,2,0,0,2025
20/2/2025,2,AU ILLIA,ASCENDENTE,2400,BUENO,SECA,1,0,COLISION CON OBSTACULO FIJO,1,0,0,0,2025
20/2/2025,7,AV. LUGONES,DESCENDENTE,10100,BUENO,SECA,1,0,COLISION CON DOS O MAS VEHICULOS,1,1,0,0,2025
20/2/2025,9,AU 25 DE MAYO,ASCENDENTE,700,BUENO,SECA,2,0,COLISION CON DOS O MAS VEHICULOS,0,2,0,0,2025
20/2/2025,12,AV. CANTILO,ASCENDENTE,10000,BUENO,SECA,0,0,COLISION CON DOS O MAS VEHICULOS,0,2,0,0,2025
20/2/2025,22,AU 25 DE MAYO,ASCENDENTE,3500,BUENO,SECA,0,0,COLISION CON OBSTACULO FIJO,0,1,0,0,2025
21/2/2025,8,AV. LUGONES,DESCENDENTE,4900,BUENO,SECA,2,0,COLISION CON DOS O MAS VEHICULOS,1,1,0,0,2025
21/2/2025,10,PASEO DEL BAJO,ASCENDENTE,4500,BUENO,SECA,2,0,COLISION CON OBSTACULO FIJO,0,0,1,0,2025
21/2/2025,13,AU FRONDIZI,ASCENDENTE,500,BUENO,SECA,1,0,OBSTACULO NO FIJO,1,0,0,0,2025
21/2/2025,15,AV. CANTILO,ASCENDENTE,10000,BUENO,SECA,0,0,COLISION CON DOS O MAS VEHICULOS,0,2,0,0,2025
21/2/2025,20,AU FRONDIZI,DESCENDENTE,1200,BUENO,SECA,1,0,SINIESTRO DE UN SOLO VEHICULO / SIN COLISION,1,0,0,0,2025
21/2/2025,22,AU 25 DE MAYO,ASCENDENTE,8200,BUENO,SECA,0,0,COLISION CON OBSTACULO FIJO,0,1,0,0,2025
22/2/2025,1,AU 25 DE MAYO,DESCENDENTE,1000,BUENO,SECA,0,0,COLISION CON DOS O MAS VEHICULOS,0,2,0,0,2025
22/2/2025,18,AU FRONDIZI,DESCENDENTE,1900,BUENO,SECA,2,0,COLISION CON DOS O MAS VEHICULOS,0,2,0,0,2025
23/2/2025,2,AU FRONDIZI,DESCENDENTE,2500,BUENO,SECA,0,0,COLISION CON DOS O MAS VEHICULOS,0,1,0,0,2025
23/2/2025,9,AU DELLEPIANE,DESCENDENTE,4700,BUENO,SECA,2,0,COLISION CON DOS O MAS VEHICULOS,0,2,0,0,2025
25/2/2025,10,AU 25 DE MAYO,ASCENDENTE,6900,BUENO,SECA,0,0,COLISION CON DOS O MAS VEHICULOS,0,3,0,0,2025
25/2/2025,14,AU FRONDIZI,DESCENDENTE,1700,BUENO,SECA,3,0,COLISION CON DOS O MAS VEHICULOS,0,3,0,0,2025
25/2/2025,15,AU 25 DE MAYO,DESCENDENTE,6500,BUENO,SECA,0,0,COLISION CON DOS O MAS VEHICULOS,0,2,0,1,2025
26/2/2025,8,AU DELLEPIANE,ASCENDENTE,3200,BUENO,SECA,0,0,COLISION CON DOS O MAS VEHICULOS,0,2,0,0,2025
26/2/2025,9,AU PERITO MORENO,DESCENDENTE,5400,BUENO,SECA,0,0,COLISION CON DOS O MAS VEHICULOS,0,2,0,0,2025
26/2/2025,12,PASEO DEL BAJO,ASCENDENTE,4400,BUENO,SECA,3,0,COLISION CON DOS O MAS VEHICULOS,0,0,1,3,2025
26/2/2025,13,AU DELLEPIANE,DESCENDENTE,2700,BUENO,SECA,0,0,COLISION CON DOS O MAS VEHICULOS,0,1,0,0,2025
27/2/2025,16,AU ILLIA,ASCENDENTE,3700,BUENO,SECA,0,0,COLISION CON DOS O MAS VEHICULOS,0,1,0,1,2025
1/3/2025,16,AV. CANTILO,ASCENDENTE,8300,BUENO,SECA,1,0,SINIESTRO DE UN SOLO VEHICULO / SIN COLISION,1,1,0,0,2025
2/3/2025,13,AU 25 DE MAYO,ASCENDENTE,3700,BUENO,SECA,0,0,COLISION CON DOS O MAS VEHICULOS,0,2,0,0,2025
3/3/2025,3,AU PERITO MORENO,DESCENDENTE,5200,LLUVIOSO,MOJADA/HUMEDA,0,0,COLISION CON OBSTACULO FIJO,0,0,0,1,2025
4/3/2025,12,AU 25 DE MAYO,ASCENDENTE,2400,BUENO,MOJADA/HUMEDA,0,0,COLISION CON DOS O MAS VEHICULOS,0,2,0,0,2025
5/3/2025,8,AU PERITO MORENO,DESCENDENTE,4300,BUENO,SECA,0,0,COLISION CON DOS O MAS VEHICULOS,0,2,0,0,2025
5/3/2025,9,AU PERITO MORENO,ASCENDENTE,6000,BUENO,SECA,0,0,COLISION CON DOS O MAS VEHICULOS,0,1,0,0,2025
5/3/2025,12,PASEO DEL BAJO,DESCENDENTE,900,BUENO,SECA,0,0,COLISION CON DOS O MAS VEHICULOS,0,0,0,1,2025
5/3/2025,17,AU DELLEPIANE,ASCENDENTE,1000,BUENO,SECA,1,0,SINIESTRO DE UN SOLO VEHICULO / SIN COLISION,1,0,0,0,2025
6/3/2025,8,AU PERITO MORENO,ASCENDENTE,5500,BUENO,SECA,0,0,COLISION CON DOS O MAS VEHICULOS,0,2,0,0,2025
7/3/2025,6,TRANSICION RAMAL 3,RAMAL DE ENLACE,-,BUENO,SECA,0,0,COLISION CON OBSTACULO FIJO,0,0,0,1,2025
7/3/2025,7,AU 25 DE MAYO,DESCENDENTE,3500,BUENO,SECA,1,0,COLISION CON DOS O MAS VEHICULOS,1,0,0,1,2025
7/3/2025,8,AU 25 DE MAYO,DESCENDENTE,3500,BUENO,SECA,0,0,COLISION CON DOS O MAS VEHICULOS,0,2,0,0,2025
7/3/2025,11,TRANSICION RAMAL 4,RAMAL DE INGRESO,-,BUENO,SECA,0,0,COLISION CON DOS O MAS VEHICULOS,0,1,0,0,2025
10/3/2025,9,AU 25 DE MAYO,DESCENDENTE,8500,BUENO,SECA,0,0,COLISION CON DOS O MAS VEHICULOS,0,3,0,0,2025
10/3/2025,9,AV. LUGONES,DESCENDENTE,6000,BUENO,SECA,0,0,COLISION CON DOS O MAS VEHICULOS,1,0,0,0,2025
10/3/2025,20,AU 25 DE MAYO,DESCENDENTE,7100,BUENO,SECA,0,0,COLISION CON DOS O MAS VEHICULOS,0,2,0,0,2025
11/3/2025,12,AU DELLEPIANE,ASCENDENTE,1800,BUENO,SECA,1,0,COLISION CON DOS O MAS VEHICULOS,1,1,0,0,2025
12/3/2025,7,AU PERITO MORENO,ASCENDENTE,400,BUENO,SECA,1,0,SINIESTRO DE UN SOLO VEHICULO / SIN COLISION,1,0,0,0,2025
12/3/2025,11,AU FRONDIZI,ASCENDENTE,3000,BUENO,SECA,1,0,SINIESTRO DE UN SOLO VEHICULO / SIN COLISION,1,0,0,0,2025
12/3/2025,13,AU 25 DE MAYO,DESCENDENTE,0,BUENO,SECA,0,0,COLISION CON DOS O MAS VEHICULOS,0,1,1,0,2025
12/3/2025,14,AU 25 DE MAYO,ASCENDENTE,7000,BUENO,SECA,1,0,COLISION CON DOS O MAS VEHICULOS,1,1,0,0,2025
12/3/2025,17,AV. CANTILO,ASCENDENTE,8100,BUENO,SECA,1,0,COLISION CON DOS O MAS VEHICULOS,1,1,0,0,2025
13/3/2025,8,AU 25 DE MAYO,DESCENDENTE,7000,BUENO,SECA,0,0,COLISION CON DOS O MAS VEHICULOS,0,2,0,0,2025
13/3/2025,8,AU 25 DE MAYO,ASCENDENTE,4500,BUENO,SECA,0,0,COLISION CON DOS O MAS VEHICULOS,1,1,0,0,2025
13/3/2025,9,AU 25 DE MAYO,ASCENDENTE,3400,BUENO,SECA,0,0,COLISION CON DOS O MAS VEHICULOS,0,2,0,0,2025
13/3/2025,11,AU 25 DE MAYO,ASCENDENTE,9200,BUENO,SECA,2,0,COLISION CON DOS O MAS VEHICULOS,1,2,0,0,2025
13/3/2025,18,AU PERITO MORENO,DESCENDENTE,700,BUENO,SECA,0,0,COLISION CON DOS O MAS VEHICULOS,1,1,0,0,2025
13/3/2025,20,AU 25 DE MAYO,ASCENDENTE,2800,BUENO,SECA,0,0,COLISION CON DOS O MAS VEHICULOS,1,0,0,0,2025
13/3/2025,21,AV. LUGONES,DESCENDENTE,10300,BUENO,SECA,0,0,COLISION CON DOS O MAS VEHICULOS,0,2,0,0,2025
14/3/2025,1,AU 25 DE MAYO,ASCENDENTE,3500,BUENO,SECA,0,0,COLISION CON DOS O MAS VEHICULOS,0,3,0,0,2025
14/3/2025,2,AU CAMPORA,ASCENDENTE,1100,BUENO,SECA,0,0,COLISION CON OBSTACULO FIJO,0,1,0,0,2025
15/3/2025,2,AU ILLIA,DESCENDENTE,4000,BUENO,SECA,0,0,COLISION CON OBSTACULO FIJO,0,1,0,0,2025
16/3/2025,10,AU 25 DE MAYO,DESCENDENTE,3400,BUENO,SECA,0,0,COLISION CON DOS O MAS VEHICULOS,0,2,0,0,2025
17/3/2025,7,AU 25 DE MAYO,ASCENDENTE,1700,BUENO,SECA,0,0,COLISION CON DOS O MAS VEHICULOS,0,1,0,1,2025
17/3/2025,9,AU 25 DE MAYO,ASCENDENTE,2700,BUENO,SECA,0,0,COLISION CON DOS O MAS VEHICULOS,0,2,0,0,2025
17/3/2025,21,AU 25 DE MAYO,DESCENDENTE,2200,BUENO,SECA,0,0,OBSTACULO NO FIJO,0,1,0,0,2025
18/3/2025,9,AU 25 DE MAYO,DESCENDENTE,7000,BUENO,SECA,0,0,COLISION CON DOS O MAS VEHICULOS,0,2,0,0,2025
18/3/2025,9,AU ILLIA,ASCENDENTE,3700,BUENO,SECA,0,0,COLISION CON DOS O MAS VEHICULOS,0,1,0,1,2025
18/3/2025,14,AU FRONDIZI,ASCENDENTE,1000,BUENO,SECA,0,0,COLISION CON OBSTACULO FIJO,0,0,0,1,2025
20/3/2025,8,AV. LUGONES,DESCENDENTE,6900,BUENO,DESLIZANTE,1,0,SINIESTRO DE UN SOLO VEHICULO / SIN COLISION,1,0,0,0,2025
20/3/2025,10,AV. LUGONES,DESCENDENTE,6000,BUENO,SECA,1,0,COLISION CON DOS O MAS VEHICULOS,1,0,1,0,2025
20/3/2025,11,AU 25 DE MAYO,DESCENDENTE,3400,BUENO,SECA,1,0,COLISION CON DOS O MAS VEHICULOS,0,2,0,0,2025
21/3/2025,7,AU PERITO MORENO,DESCENDENTE,5800,BUENO,SECA,0,0,COLISION CON DOS O MAS VEHICULOS,0,1,0,1,2025
21/3/2025,7,AU 25 DE MAYO,ASCENDENTE,9100,BUENO,SECA,3,0,COLISION CON DOS O MAS VEHICULOS,0,3,0,0,2025
21/3/2025,8,AV. LUGONES,DESCENDENTE,9000,BUENO,SECA,2,0,COLISION CON DOS O MAS VEHICULOS,1,1,0,0,2025
21/3/2025,8,AU PERITO MORENO,ASCENDENTE,6100,BUENO,SECA,1,0,COLISION CON DOS O MAS VEHICULOS,1,1,0,0,2025
21/3/2025,12,AU DELLEPIANE,ASCENDENTE,3900,BUENO,SECA,1,0,COLISION CON DOS O MAS VEHICULOS,1,1,0,0,2025
21/3/2025,16,AU DELLEPIANE,ASCENDENTE,3700,BUENO,SECA,0,0,COLISION CON DOS O MAS VEHICULOS,0,3,0,0,2025
21/3/2025,16,AU DELLEPIANE,ASCENDENTE,1800,BUENO,SECA,1,0,COLISION CON DOS O MAS VEHICULOS,0,1,1,0,2025
21/3/2025,18,AU DELLEPIANE,DESCENDENTE,3200,BUENO,SECA,0,0,COLISION CON DOS O MAS VEHICULOS,0,1,0,1,2025
22/3/2025,8,AU ILLIA,DESCENDENTE,3000,BUENO,SECA,0,0,COLISION CON OBSTACULO FIJO,0,1,0,0,2025
23/3/2025,5,AU PERITO MORENO,ASCENDENTE,5300,LLUVIOSO,MOJADA/HUMEDA,0,0,COLISION CON DOS O MAS VEHICULOS,0,3,0,0,2025
25/3/2025,11,AU DELLEPIANE,DESCENDENTE,3400,BUENO,SECA,1,0,OBSTACULO NO FIJO,0,1,0,1,2025
25/3/2025,14,PASEO DEL BAJO,ASCENDENTE,500,BUENO,SECA,0,0,COLISION CON DOS O MAS VEHICULOS,0,0,0,3,2025
25/3/2025,16,AU DELLEPIANE,DESCENDENTE,3300,BUENO,SECA,1,0,COLISION CON DOS O MAS VEHICULOS,1,1,0,0,2025
26/3/2025,18,AU PERITO MORENO,DESCENDENTE,200,BUENO,SECA,0,0,COLISION CON DOS O MAS VEHICULOS,1,2,0,0,2025
27/3/2025,6,AU PERITO MORENO,ASCENDENTE,3800,BUENO,SECA,0,0,COLISION CON DOS O MAS VEHICULOS,0,1,0,1,2025
27/3/2025,13,AU FRONDIZI,DESCENDENTE,2000,BUENO,SECA,0,0,COLISION CON DOS O MAS VEHICULOS,0,2,0,1,2025
27/3/2025,14,AU DELLEPIANE,ASCENDENTE,3800,BUENO,SECA,0,0,COLISION CON DOS O MAS VEHICULOS,0,2,0,0,2025
27/3/2025,15,AU 25 DE MAYO,DESCENDENTE,6700,BUENO,SECA,1,0,COLISION CON DOS O MAS VEHICULOS,1,1,0,0,2025
29/3/2025,11,AU DELLEPIANE,DESCENDENTE,2000,BUENO,SECA,0,0,COLISION CON DOS O MAS VEHICULOS,0,2,0,0,2025
29/3/2025,14,AU 25 DE MAYO,DESCENDENTE,3200,BUENO,SECA,0,0,COLISION CON DOS O MAS VEHICULOS,0,2,0,0,2025
29/3/2025,16,AV. LUGONES,DESCENDENTE,8800,BUENO,SECA,0,0,COLISION CON DOS O MAS VEHICULOS,0,1,0,0,2025
29/3/2025,18,AU 25 DE MAYO,DESCENDENTE,9200,BUENO,SECA,1,0,COLISION CON OBSTACULO FIJO,1,1,0,0,2025
29/3/2025,20,AU DELLEPIANE,ASCENDENTE,700,BUENO,SECA,0,0,COLISION CON DOS O MAS VEHICULOS,0,2,0,0,2025
30/3/2025,3,AU DELLEPIANE,DESCENDENTE,4600,BUENO,SECA,0,0,COLISION CON OBSTACULO FIJO,0,0,0,1,2025
31/3/2025,0,AU 25 DE MAYO,ASCENDENTE,4400,LLUVIOSO,MOJADA/HUMEDA,1,0,COLISION CON OBSTACULO FIJO,0,0,1,0,2025
31/3/2025,9,AU 25 DE MAYO,ASCENDENTE,6700,BUENO,SECA,0,0,COLISION CON DOS O MAS VEHICULOS,0,4,0,0,2025
31/3/2025,18,AU 25 DE MAYO,DESCENDENTE,1100,BUENO,SECA,1,0,COLISION CON DOS O MAS VEHICULOS,1,1,0,0,2025
1/4/2025,11,PASEO DEL BAJO,DESCENDENTE,1200,BUENO,SECA,1,0,COLISION CON DOS O MAS VEHICULOS,0,0,0,4,2025
1/4/2025,15,AU FRONDIZI,DESCENDENTE,3000,BUENO,SECA,0,0,COLISION CON DOS O MAS VEHICULOS,0,2,0,0,2025
1/4/2025,18,AV. LUGONES,DESCENDENTE,4500,BUENO,SECA,0,0,COLISION CON DOS O MAS VEHICULOS,0,2,0,0,2025
2/4/2025,8,AV. LUGONES,DESCENDENTE,6000,BUENO,SECA,0,0,COLISION CON OBSTACULO FIJO,0,1,0,0,2025
3/4/2025,7,AU 25 DE MAYO,ASCENDENTE,4500,BUENO,SECA,0,0,COLISION CON DOS O MAS VEHICULOS,0,1,0,1,2025
3/4/2025,8,AU 25 DE MAYO,ASCENDENTE,4200,BUENO,SECA,0,0,COLISION CON DOS O MAS VEHICULOS,0,3,0,1,2025
3/4/2025,8,AU 25 DE MAYO,DESCENDENTE,8500,BUENO,SECA,0,0,COLISION CON DOS O MAS VEHICULOS,0,1,0,1,2025
3/4/2025,8,AU PERITO MORENO,ASCENDENTE,5400,BUENO,SECA,0,0,COLISION CON DOS O MAS VEHICULOS,1,0,0,0,2025
3/4/2025,13,AU FRONDIZI,ASCENDENTE,0,BUENO,SECA,2,0,COLISION CON DOS O MAS VEHICULOS,1,1,0,0,2025
4/4/2025,8,AU PERITO MORENO,ASCENDENTE,6000,BUENO,SECA,0,0,COLISION CON DOS O MAS VEHICULOS,1,1,0,0,2025
4/4/2025,8,AU FRONDIZI,ASCENDENTE,3200,BUENO,SECA,0,0,COLISION CON DOS O MAS VEHICULOS,0,2,0,0,2025
4/4/2025,16,AU 25 DE MAYO,DESCENDENTE,6400,BUENO,SECA,0,0,COLISION CON DOS O MAS VEHICULOS,0,2,0,0,2025
5/4/2025,12,AU DELLEPIANE,DESCENDENTE,1900,BUENO,SECA,0,0,COLISION CON DOS O MAS VEHICULOS,0,1,0,0,2025
6/4/2025,6,AU DELLEPIANE,DESCENDENTE,2000,BUENO,SECA,0,0,COLISION CON OBSTACULO FIJO,0,1,0,0,2025
6/4/2025,16,AU FRONDIZI,DESCENDENTE,1100,BUENO,SECA,1,0,COLISION CON DOS O MAS VEHICULOS,0,3,0,0,2025
7/4/2025,23,AV. LUGONES,DESCENDENTE,10200,LLUVIOSO,MOJADA/HUMEDA,0,0,COLISION CON DOS O MAS VEHICULOS,0,1,0,1,2025
8/4/2025,7,AU 25 DE MAYO,ASCENDENTE,5500,BUENO,SECA,2,0,COLISION CON DOS O MAS VEHICULOS,1,1,0,0,2025
8/4/2025,17,AU FRONDIZI,ASCENDENTE,2600,BUENO,SECA,0,0,COLISION CON DOS O MAS VEHICULOS,0,2,0,0,2025
8/4/2025,18,AU 25 DE MAYO,DESCENDENTE,2600,BUENO,SECA,1,0,COLISION CON DOS O MAS VEHICULOS,1,0,0,0,2025
9/4/2025,0,AU PERITO MORENO,ASCENDENTE,1000,BUENO,SECA,0,0,SINIESTRO DE UN SOLO VEHICULO / SIN COLISION,1,0,0,0,2025
9/4/2025,10,AU DELLEPIANE,ASCENDENTE,1600,BUENO,SECA,1,0,COLISION CON DOS O MAS VEHICULOS,1,1,0,0,2025
9/4/2025,15,AU 25 DE MAYO,DESCENDENTE,2300,BUENO,SECA,0,0,COLISION CON DOS O MAS VEHICULOS,0,1,0,0,2025
9/4/2025,17,AU ILLIA,ASCENDENTE,6400,BUENO,SECA,1,0,SINIESTRO DE UN SOLO VEHICULO / SIN COLISION,1,0,0,0,2025
9/4/2025,20,AU DELLEPIANE,DESCENDENTE,1800,BUENO,SECA,0,0,COLISION CON DOS O MAS VEHICULOS,0,3,0,0,2025
10/4/2025,1,AU ILLIA,ASCENDENTE,3700,BUENO,SECA,0,0,COLISION CON OBSTACULO FIJO,0,1,0,0,2025
10/4/2025,6,AU ILLIA,DESCENDENTE,3900,LLUVIOSO,MOJADA/HUMEDA,1,0,COLISION CON DOS O MAS VEHICULOS,1,2,0,0,2025
10/4/2025,10,AU 25 DE MAYO,ASCENDENTE,4900,BUENO,SECA,1,0,COLISION CON DOS O MAS VEHICULOS,0,3,0,0,2025
10/4/2025,22,AU 25 DE MAYO,DESCENDENTE,6300,BUENO,SECA,2,0,COLISION CON DOS O MAS VEHICULOS,0,3,0,0,2025
11/4/2025,9,AU FRONDIZI,DESCENDENTE,1300,BUENO,SECA,0,0,COLISION CON OBSTACULO FIJO,0,1,0,0,2025
11/4/2025,13,AV. LUGONES,DESCENDENTE,4400,BUENO,SECA,0,0,COLISION CON DOS O MAS VEHICULOS,0,3,0,0,2025
11/4/2025,14,AU PERITO MORENO,ASCENDENTE,3500,BUENO,SECA,0,0,COLISION CON DOS O MAS VEHICULOS,0,3,0,0,2025
11/4/2025,19,AU 25 DE MAYO,DESCENDENTE,9300,BUENO,SECA,0,0,COLISION CON DOS O MAS VEHICULOS,0,0,0,3,2025
12/4/2025,12,AV. CANTILO,ASCENDENTE,9100,BUENO,SECA,0,0,COLISION CON DOS O MAS VEHICULOS,1,1,0,0,2025
14/4/2025,7,AU DELLEPIANE,ASCENDENTE,500,BUENO,SECA,1,0,SINIESTRO DE UN SOLO VEHICULO / SIN COLISION,1,0,0,0,2025
14/4/2025,9,AU PERITO MORENO,ASCENDENTE,6100,BUENO,SECA,1,0,COLISION CON DOS O MAS VEHICULOS,1,1,0,0,2025
14/4/2025,11,AV. LUGONES,DESCENDENTE,6000,BUENO,SECA,2,0,COLISION CON DOS O MAS VEHICULOS,1,1,0,0,2025
14/4/2025,17,AU PERITO MORENO,DESCENDENTE,1100,BUENO,SECA,0,0,COLISION CON DOS O MAS VEHICULOS,1,1,0,0,2025
15/4/2025,1,AU 25 DE MAYO,DESCENDENTE,1400,BUENO,SECA,1,0,SINIESTRO DE UN SOLO VEHICULO / SIN COLISION,1,0,0,0,2025
15/4/2025,9,AU 25 DE MAYO,ASCENDENTE,6200,LLUVIOSO,MOJADA/HUMEDA,0,0,SINIESTRO DE UN SOLO VEHICULO / SIN COLISION,1,0,0,0,2025
16/4/2025,8,DIST. UDAONDO,-,-,BUENO,DESLIZANTE,1,0,SINIESTRO DE UN SOLO VEHICULO / SIN COLISION,1,0,0,0,2025
16/4/2025,8,DIST. 9 DE JULIO,RAMAL 2 BIS,-,BUENO,SECA,0,0,COLISION CON DOS O MAS VEHICULOS,0,3,0,1,2025
16/4/2025,11,TRANSICION RAMAL 4,RAMAL DE INGRESO,-,BUENO,SECA,0,0,COLISION CON DOS O MAS VEHICULOS,0,1,0,0,2025
16/4/2025,13,AU PERITO MORENO,ASCENDENTE,2500,BUENO,SECA,0,0,COLISION CON DOS O MAS VEHICULOS,1,1,0,0,2025
17/4/2025,13,AU PERITO MORENO,DESCENDENTE,5300,BUENO,SECA,0,0,COLISION CON DOS O MAS VEHICULOS,0,1,0,0,2025
17/4/2025,14,AU DELLEPIANE,DESCENDENTE,1000,BUENO,SECA,1,0,COLISION CON DOS O MAS VEHICULOS,1,1,0,0,2025
17/4/2025,18,AV. CANTILO,ASCENDENTE,7300,LLUVIOSO,MOJADA/HUMEDA,1,0,COLISION CON DOS O MAS VEHICULOS,1,1,0,0,2025
19/4/2025,6,AU 25 DE MAYO,ASCENDENTE,4700,BUENO,SECA,18,0,COLISION CON OBSTACULO FIJO,0,0,1,0,2025
22/4/2025,7,AU 25 DE MAYO,ASCENDENTE,700,BUENO,SECA,0,0,COLISION CON DOS O MAS VEHICULOS,0,1,0,1,2025
20/4/2025,2,AU FRONDIZI,DESCENDENTE,1400,BUENO,SECA,0,0,COLISION CON OBSTACULO FIJO,0,1,0,0,2025
20/4/2025,18,AU 25 DE MAYO,ASCENDENTE,8300,BUENO,SECA,0,0,COLISION CON DOS O MAS VEHICULOS,0,1,0,1,2025
21/4/2025,7,AU FRONDIZI,ASCENDENTE,2500,BUENO,SECA,1,0,COLISION CON DOS O MAS VEHICULOS,0,1,0,1,2025
21/4/2025,15,AU ILLIA,DESCENDENTE,2500,BUENO,SECA,1,0,COLISION CON DOS O MAS VEHICULOS,1,1,0,0,2025
22/4/2025,8,AU PERITO MORENO,ASCENDENTE,3600,BUENO,SECA,1,0,COLISION CON DOS O MAS VEHICULOS,1,1,0,0,2025
22/4/2025,9,AU 25 DE MAYO,DESCENDENTE,1800,BUENO,SECA,0,0,COLISION CON OBSTACULO FIJO,0,1,0,0,2025
23/4/2025,8,AU 25 DE MAYO,ASCENDENTE,9000,BUENO,SECA,2,0,COLISION CON DOS O MAS VEHICULOS,2,0,0,0,2025
23/4/2025,12,AU FRONDIZI,DESCENDENTE,1700,BUENO,SECA,2,0,COLISION CON DOS O MAS VEHICULOS,1,1,0,0,2025
23/4/2025,13,AV. LUGONES,DESCENDENTE,4500,BUENO,SECA,0,0,COLISION CON DOS O MAS VEHICULOS,0,2,0,0,2025
24/4/2025,7,AU 25 DE MAYO,ASCENDENTE,4100,BUENO,SECA,0,0,SINIESTRO DE UN SOLO VEHICULO / SIN COLISION,1,0,0,0,2025
24/4/2025,9,AU ILLIA,DESCENDENTE,2200,BUENO,SECA,0,0,COLISION CON DOS O MAS VEHICULOS,1,1,0,0,2025
24/4/2025,15,AU 25 DE MAYO,DESCENDENTE,4600,BUENO,SECA,1,0,COLISION CON DOS O MAS VEHICULOS,1,0,0,0,2025
26/4/2025,1,AU DELLEPIANE,ASCENDENTE,1000,LLUVIOSO,INUNDADA,0,0,COLISION CON DOS O MAS VEHICULOS,0,3,0,0,2025
26/4/2025,4,AU PERITO MORENO,ASCENDENTE,6100,BUENO,SECA,0,0,COLISION CON OBSTACULO FIJO,0,1,0,0,2025
26/4/2025,6,AU PERITO MORENO,DESCENDENTE,400,BUENO,SECA,0,0,COLISION CON OBSTACULO FIJO,0,0,0,1,2025
26/4/2025,12,AU DELLEPIANE,DESCENDENTE,1700,BUENO,SECA,1,0,COLISION CON DOS O MAS VEHICULOS,1,1,0,0,2025
27/4/2025,5,AU CAMPORA,DESCENDENTE,1800,BUENO,SECA,0,0,COLISION CON DOS O MAS VEHICULOS,0,2,0,0,2025
27/4/2025,15,AU 25 DE MAYO,ASCENDENTE,6000,BUENO,SECA,2,0,COLISION CON OBSTACULO FIJO,0,1,0,0,2025
27/4/2025,18,AV. LUGONES,DESCENDENTE,9000,BUENO,SECA,0,0,COLISION CON DOS O MAS VEHICULOS,0,1,0,0,2025
28/4/2025,7,AU DELLEPIANE,ASCENDENTE,2800,BUENO,SECA,1,0,COLISION CON DOS O MAS VEHICULOS,1,1,0,0,2025
28/4/2025,8,AU 25 DE MAYO,ASCENDENTE,2800,BUENO,SECA,1,0,COLISION CON DOS O MAS VEHICULOS,0,3,0,0,2025
28/4/2025,9,AU 25 DE MAYO,DESCENDENTE,3500,BUENO,SECA,0,0,COLISION CON DOS O MAS VEHICULOS,0,2,0,0,2025
28/4/2025,13,DIST. 9 DE JULIO,RAMALES 5/6,-,BUENO,SECA,0,0,COLISION CON DOS O MAS VEHICULOS,0,1,0,0,2025
28/4/2025,14,AU FRONDIZI,DESCENDENTE,3100,BUENO,SECA,1,0,OBSTACULO NO FIJO,1,1,0,0,2025
28/4/2025,14,DIST. DELLEPIANE,RAMAL 11,-,BUENO,SECA,0,0,COLISION CON OBSTACULO FIJO,0,0,0,1,2025
28/4/2025,15,AU 25 DE MAYO,DESCENDENTE,3500,BUENO,SECA,0,0,COLISION CON DOS O MAS VEHICULOS,0,1,0,1,2025
28/4/2025,18,AU PERITO MORENO,ASCENDENTE,5400,BUENO,SECA,0,0,COLISION CON OBSTACULO FIJO,0,2,0,0,2025
29/4/2025,7,AU 25 DE MAYO,ASCENDENTE,1300,BUENO,SECA,0,0,COLISION CON DOS O MAS VEHICULOS,1,1,0,0,2025
29/4/2025,16,AU 25 DE MAYO,ASCENDENTE,8100,BUENO,SECA,0,0,COLISION CON DOS O MAS VEHICULOS,0,1,0,0,2025
29/4/2025,17,AU DELLEPIANE,ASCENDENTE,4000,BUENO,SECA,0,0,COLISION CON DOS O MAS VEHICULOS,0,0,0,2,2025
30/4/2025,9,AV. LUGONES,DESCENDENTE,9300,BUENO,SECA,0,0,COLISION CON DOS O MAS VEHICULOS,0,1,0,0,2025
30/4/2025,14,AU 25 DE MAYO,DESCENDENTE,1700,BUENO,SECA,1,0,COLISION CON DOS O MAS VEHICULOS,1,0,0,1,2025
30/4/2025,19,AV. LUGONES,DESCENDENTE,8000,BUENO,SECA,0,0,COLISION CON DOS O MAS VEHICULOS,0,1,0,1,2025
2/5/2025,18,AU ILLIA,ASCENDENTE,100,BUENO,SECA,0,0,COLISION CON OBSTACULO FIJO,0,1,0,0,2025
2/5/2025,18,AV. CANTILO,ASCENDENTE,8500,BUENO,SECA,1,0,COLISION CON DOS O MAS VEHICULOS,0,1,0,1,2025
3/5/2025,9,AU DELLEPIANE,ASCENDENTE,1000,BUENO,SECA,1,0,COLISION CON DOS O MAS VEHICULOS,1,0,0,1,2025
3/5/2025,10,AU DELLEPIANE,ASCENDENTE,500,BUENO,SECA,0,0,COLISION CON DOS O MAS VEHICULOS,0,1,0,1,2025
4/5/2025,7,TRANSICION RAMAL 3,RAMAL DE ENLACE,-,BUENO,SECA,1,0,COLISION CON DOS O MAS VEHICULOS,0,2,0,0,2025
4/5/2025,9,AU PERITO MORENO,DESCENDENTE,3600,BUENO,SECA,0,0,COLISION CON OBSTACULO FIJO,0,1,0,0,2025
4/5/2025,22,AU ILLIA,ASCENDENTE,2400,LLUVIOSO,MOJADA/HUMEDA,0,0,COLISION CON OBSTACULO FIJO,0,1,0,0,2025
5/5/2025,1,AU DELLEPIANE,ASCENDENTE,2300,LLUVIOSO,SECA,0,0,COLISION CON OBSTACULO FIJO,0,1,0,0,2025
6/5/2025,7,AU 25 DE MAYO,ASCENDENTE,4400,BUENO,SECA,2,0,COLISION CON DOS O MAS VEHICULOS,2,0,0,0,2025
6/5/2025,10,AU 25 DE MAYO,ASCENDENTE,1200,BUENO,SECA,0,0,COLISION CON DOS O MAS VEHICULOS,0,3,0,0,2025
6/5/2025,11,AV. LUGONES,DESCENDENTE,6300,BUENO,SECA,2,0,COLISION CON DOS O MAS VEHICULOS,2,0,0,0,2025
6/5/2025,17,AU 25 DE MAYO,DESCENDENTE,2000,BUENO,SECA,1,0,COLISION CON DOS O MAS VEHICULOS,1,0,0,0,2025
6/5/2025,18,DIST. 9 DE JULIO,RAMAL 6,-,BUENO,SECA,0,0,COLISION CON DOS O MAS VEHICULOS,0,2,0,1,2025
7/5/2025,5,AV. LUGONES,DESCENDENTE,9000,BUENO,MOJADA/HUMEDA,1,0,COLISION CON OBSTACULO FIJO,0,1,0,0,2025
7/5/2025,9,AU FRONDIZI,ASCENDENTE,3200,BUENO,SECA,1,0,COLISION CON DOS O MAS VEHICULOS,1,0,0,0,2025
7/5/2025,17,AU PERITO MORENO,ASCENDENTE,5300,BUENO,SECA,1,0,COLISION CON DOS O MAS VEHICULOS,1,1,0,0,2025
8/5/2025,9,AU DELLEPIANE,ASCENDENTE,1600,LLUVIOSO,MOJADA/HUMEDA,0,0,COLISION CON DOS O MAS VEHICULOS,0,1,0,0,2025
8/5/2025,18,AU 25 DE MAYO,DESCENDENTE,3400,BUENO,SECA,0,0,COLISION CON DOS O MAS VEHICULOS,0,2,0,0,2025
10/5/2025,6,AU PERITO MORENO,DESCENDENTE,2600,BUENO,SECA,0,0,COLISION CON OBSTACULO FIJO,0,0,0,1,2025
11/5/2025,0,AU 25 DE MAYO,ASCENDENTE,8200,BUENO,SECA,2,0,COLISION CON DOS O MAS VEHICULOS,1,0,1,0,2025
11/5/2025,8,AV. LUGONES,DESCENDENTE,5000,BUENO,SECA,1,0,COLISION CON OBSTACULO FIJO,0,1,0,0,2025
11/5/2025,15,AU DELLEPIANE,ASCENDENTE,2400,BUENO,SECA,3,0,COLISION CON DOS O MAS VEHICULOS,0,3,0,0,2025
12/5/2025,14,AU DELLEPIANE,ASCENDENTE,3400,BUENO,SECA,16,0,COLISION CON DOS O MAS VEHICULOS,0,0,1,1,2025
12/5/2025,17,AU PERITO MORENO,DESCENDENTE,4800,BUENO,SECA,0,0,COLISION CON DOS O MAS VEHICULOS,0,4,0,0,2025
12/5/2025,18,AU FRONDIZI,DESCENDENTE,1800,BUENO,SECA,2,0,COLISION CON DOS O MAS VEHICULOS,2,0,0,0,2025
12/5/2025,19,AU PERITO MORENO,ASCENDENTE,100,BUENO,SECA,0,0,COLISION CON OBSTACULO FIJO,0,1,0,0,2025
12/5/2025,19,AV. LUGONES,DESCENDENTE,8500,BUENO,SECA,2,0,COLISION CON DOS O MAS VEHICULOS,1,1,0,0,2025
12/5/2025,21,AU 25 DE MAYO,DESCENDENTE,8700,BUENO,SECA,1,0,SINIESTRO DE UN SOLO VEHICULO / SIN COLISION,1,0,0,0,2025
13/5/2025,13,AV. CANTILO,ASCENDENTE,9000,BUENO,SECA,0,0,COLISION CON DOS O MAS VEHICULOS,0,2,0,1,2025
13/5/2025,18,AU 25 DE MAYO,DESCENDENTE,1200,BUENO,SECA,3,0,COLISION CON DOS O MAS VEHICULOS,2,0,0,0,2025
14/5/2025,6,AU DELLEPIANE,ASCENDENTE,3700,BUENO,SECA,0,0,COLISION CON DOS O MAS VEHICULOS,0,1,0,0,2025
14/5/2025,8,AU 25 DE MAYO,DESCENDENTE,1500,BUENO,SECA,0,0,COLISION CON DOS O MAS VEHICULOS,0,1,0,0,2025
14/5/2025,14,AU 25 DE MAYO,ASCENDENTE,6000,BUENO,SECA,1,0,COLISION CON DOS O MAS VEHICULOS,1,1,0,0,2025
15/5/2025,7,AU PERITO MORENO,ASCENDENTE,2000,BUENO,SECA,1,0,COLISION CON DOS O MAS VEHICULOS,1,1,0,0,2025
15/5/2025,7,AU DELLEPIANE,ASCENDENTE,3500,BUENO,MOJADA/HUMEDA,0,0,COLISION CON DOS O MAS VEHICULOS,1,1,0,0,2025
16/5/2025,3,AU DELLEPIANE,DESCENDENTE,4400,LLUVIOSO,MOJADA/HUMEDA,0,0,COLISION CON DOS O MAS VEHICULOS,0,1,0,1,2025
16/5/2025,7,AU PERITO MORENO,ASCENDENTE,5400,LLUVIOSO,MOJADA/HUMEDA,0,0,SINIESTRO DE UN SOLO VEHICULO / SIN COLISION,1,0,0,0,2025
16/5/2025,16,AU PERITO MORENO,ASCENDENTE,500,LLUVIOSO,MOJADA/HUMEDA,0,0,COLISION CON DOS O MAS VEHICULOS,0,2,0,1,2025
16/5/2025,17,AV. CANTILO,ASCENDENTE,8100,LLUVIOSO,MOJADA/HUMEDA,1,0,COLISION CON DOS O MAS VEHICULOS,2,0,0,0,2025
16/5/2025,21,AU PERITO MORENO,DESCENDENTE,100,LLUVIOSO,MOJADA/HUMEDA,0,0,COLISION CON DOS O MAS VEHICULOS,0,1,0,0,2025
17/5/2025,3,AU FRONDIZI,ASCENDENTE,2000,LLUVIOSO,MOJADA/HUMEDA,0,0,COLISION CON OBSTACULO FIJO,0,1,0,0,2025
17/5/2025,9,AU ILLIA,DESCENDENTE,3400,LLUVIOSO,MOJADA/HUMEDA,0,0,COLISION CON OBSTACULO FIJO,0,1,0,0,2025
18/5/2025,3,AU PERITO MORENO,DESCENDENTE,3500,LLUVIOSO,MOJADA/HUMEDA,0,0,COLISION CON DOS O MAS VEHICULOS,0,2,0,0,2025
19/5/2025,7,AU ILLIA,DESCENDENTE,2500,BUENO,SECA,0,0,COLISION CON DOS O MAS VEHICULOS,1,1,0,0,2025
19/5/2025,19,AU 25 DE MAYO,ASCENDENTE,9000,BUENO,MOJADA/HUMEDA,0,0,COLISION CON DOS O MAS VEHICULOS,0,1,0,0,2025
20/5/2025,8,AU ILLIA,ASCENDENTE,6900,BUENO,SECA,1,0,COLISION CON DOS O MAS VEHICULOS,1,1,0,0,2025
20/5/2025,9,AU 25 DE MAYO,ASCENDENTE,4500,BUENO,SECA,6,0,OBSTACULO NO FIJO,0,3,0,0,2025
20/5/2025,11,TRANSICION RAMAL 1,RAMAL DE EGRESO,-,BUENO,SECA,0,0,COLISION CON DOS O MAS VEHICULOS,0,2,0,0,2025
21/5/2025,8,AU PERITO MORENO,DESCENDENTE,5400,BUENO,SECA,0,0,COLISION CON DOS O MAS VEHICULOS,1,0,1,0,2025
21/5/2025,14,TRANSICION RAMAL 2,RAMAL DE ENLACE,-,BUENO,SECA,0,0,COLISION CON DOS O MAS VEHICULOS,1,1,0,0,2025
22/5/2025,0,AU FRONDIZI,DESCENDENTE,800,BUENO,SECA,1,0,COLISION CON DOS O MAS VEHICULOS,1,1,0,0,2025
22/5/2025,11,AV. LUGONES,DESCENDENTE,10200,BUENO,SECA,3,0,COLISION CON DOS O MAS VEHICULOS,0,4,0,0,2025
23/5/2025,6,AV. CANTILO,ASCENDENTE,8600,BUENO,SECA,0,0,COLISION CON DOS O MAS VEHICULOS,0,1,0,0,2025
23/5/2025,10,AU PERITO MORENO,ASCENDENTE,5400,BUENO,SECA,0,0,SINIESTRO DE UN SOLO VEHICULO / SIN COLISION,1,0,0,0,2025
23/5/2025,13,AU 25 DE MAYO,ASCENDENTE,4600,BUENO,SECA,0,0,COLISION CON DOS O MAS VEHICULOS,1,0,0,0,2025
23/5/2025,16,AU 25 DE MAYO,DESCENDENTE,200,BUENO,SECA,1,0,COLISION CON DOS O MAS VEHICULOS,1,1,0,0,2025
24/5/2025,12,AV. CANTILO,ASCENDENTE,8500,BUENO,SECA,0,0,COLISION CON DOS O MAS VEHICULOS,0,2,0,0,2025
24/5/2025,15,AU FRONDIZI,DESCENDENTE,2000,BUENO,SECA,1,0,COLISION CON DOS O MAS VEHICULOS,1,0,0,0,2025
24/5/2025,20,AU FRONDIZI,ASCENDENTE,500,BUENO,SECA,0,0,COLISION CON DOS O MAS VEHICULOS,0,2,0,0,2025
25/5/2025,16,AV. LUGONES,DESCENDENTE,4500,BUENO,SECA,0,0,COLISION CON DOS O MAS VEHICULOS,1,1,0,0,2025
25/5/2025,19,AU PERITO MORENO,ASCENDENTE,5800,BUENO,SECA,0,0,COLISION CON DOS O MAS VEHICULOS,0,2,0,0,2025
26/5/2025,7,AU PERITO MORENO,ASCENDENTE,5400,LLUVIOSO,MOJADA/HUMEDA,2,0,COLISION CON DOS O MAS VEHICULOS,1,1,0,0,2025
26/5/2025,8,AU 25 DE MAYO,ASCENDENTE,7700,LLUVIOSO,MOJADA/HUMEDA,0,0,COLISION CON OBSTACULO FIJO,0,1,0,0,2025
26/5/2025,19,AU 25 DE MAYO,DESCENDENTE,4700,BUENO,SECA,0,0,COLISION CON DOS O MAS VEHICULOS,0,1,0,1,2025
26/5/2025,23,AV. LUGONES,DESCENDENTE,7400,LLUVIOSO,MOJADA/HUMEDA,0,0,COLISION CON OBSTACULO FIJO,0,1,0,0,2025
27/5/2025,5,AU CAMPORA,DESCENDENTE,1200,LLUVIOSO,MOJADA/HUMEDA,0,0,COLISION CON DOS O MAS VEHICULOS,0,2,0,0,2025
27/5/2025,17,AU 25 DE MAYO,ASCENDENTE,1100,BUENO,SECA,1,0,COLISION CON DOS O MAS VEHICULOS,1,1,0,0,2025
28/5/2025,18,AU FRONDIZI,ASCENDENTE,2000,BUENO,SECA,1,0,SINIESTRO DE UN SOLO VEHICULO / SIN COLISION,1,0,0,0,2025
28/5/2025,19,AU PERITO MORENO,DESCENDENTE,5600,BUENO,SECA,0,0,COLISION CON DOS O MAS VEHICULOS,1,1,0,0,2025
29/5/2025,11,AU CAMPORA,DESCENDENTE,1800,BUENO,SECA,1,0,COLISION CON DOS O MAS VEHICULOS,0,2,0,1,2025
29/5/2025,11,AU 25 DE MAYO,ASCENDENTE,4500,BUENO,SECA,3,0,COLISION CON DOS O MAS VEHICULOS,0,1,0,0,2025
29/5/2025,14,AU DELLEPIANE,ASCENDENTE,3500,BUENO,SECA,1,0,COLISION CON DOS O MAS VEHICULOS,1,1,0,0,2025
30/5/2025,1,AU DELLEPIANE,DESCENDENTE,4500,BUENO,SECA,0,0,COLISION CON OBSTACULO FIJO,0,1,0,0,2025
30/5/2025,11,AU 25 DE MAYO,DESCENDENTE,7700,BUENO,SECA,2,0,COLISION CON DOS O MAS VEHICULOS,0,2,0,0,2025
30/5/2025,11,AU 25 DE MAYO,DESCENDENTE,7700,BUENO,SECA,1,0,COLISION CON DOS O MAS VEHICULOS,0,3,0,0,2025
30/5/2025,13,AU PERITO MORENO,DESCENDENTE,1000,BUENO,SECA,0,0,COLISION CON DOS O MAS VEHICULOS,0,2,0,0,2025
30/5/2025,13,PASEO DEL BAJO,DESCENDENTE,1400,BUENO,SECA,2,0,COLISION CON DOS O MAS VEHICULOS,0,0,1,4,2025
30/5/2025,15,AU 25 DE MAYO,ASCENDENTE,7000,BUENO,SECA,0,0,SINIESTRO DE UN SOLO VEHICULO / SIN COLISION,0,1,0,0,2025
30/5/2025,17,AU 25 DE MAYO,ASCENDENTE,8500,BUENO,SECA,0,0,COLISION CON DOS O MAS VEHICULOS,0,1,0,1,2025
31/5/2025,16,AU FRONDIZI,DESCENDENTE,3100,BUENO,SECA,1,0,COLISION CON DOS O MAS VEHICULOS,1,0,0,0,2025
1/6/2025,19,AU DELLEPIANE,DESCENDENTE,3400,BUENO,SECA,2,0,COLISION CON DOS O MAS VEHICULOS,1,0,0,0,2025
1/6/2025,21,AV. CANTILO,ASCENDENTE,8700,BUENO,SECA,0,0,OBSTACULO NO FIJO,0,1,0,0,2025
2/6/2025,9,AU PERITO MORENO,ASCENDENTE,700,BUENO,SECA,0,0,COLISION CON DOS O MAS VEHICULOS,0,1,0,1,2025
2/6/2025,15,AU 25 DE MAYO,DESCENDENTE,700,BUENO,SECA,1,0,COLISION CON DOS O MAS VEHICULOS,1,1,0,0,2025
2/6/2025,21,AU DELLEPIANE,DESCENDENTE,4700,BUENO,SECA,1,0,COLISION CON DOS O MAS VEHICULOS,0,2,0,0,2025
3/6/2025,8,AU PERITO MORENO,ASCENDENTE,5600,BUENO,SECA,0,0,COLISION CON DOS O MAS VEHICULOS,0,1,0,1,2025
3/6/2025,8,AV. LUGONES,DESCENDENTE,7900,BUENO,SECA,1,0,COLISION CON DOS O MAS VEHICULOS,1,1,0,0,2025
3/6/2025,12,AU PERITO MORENO,ASCENDENTE,300,BUENO,SECA,0,0,COLISION CON DOS O MAS VEHICULOS,0,1,0,2,2025
3/6/2025,20,AU DELLEPIANE,ASCENDENTE,4300,BUENO,SECA,1,0,COLISION CON DOS O MAS VEHICULOS,1,0,0,1,2025
4/6/2025,17,AU FRONDIZI,DESCENDENTE,400,BUENO,SECA,0,0,COLISION CON DOS O MAS VEHICULOS,0,2,0,0,2025
5/6/2025,17,AU FRONDIZI,DESCENDENTE,3000,BUENO,SECA,1,0,COLISION CON OBSTACULO FIJO,1,0,0,0,2025
5/6/2025,17,AV. CANTILO,ASCENDENTE,8700,BUENO,SECA,0,0,COLISION CON DOS O MAS VEHICULOS,0,3,0,0,2025
6/6/2025,8,AU PERITO MORENO,ASCENDENTE,5500,BUENO,SECA,0,0,COLISION CON DOS O MAS VEHICULOS,1,0,0,0,2025
7/6/2025,13,DIST. 9 DE JULIO,RAMAL 8,-,BUENO,SECA,0,0,COLISION CON DOS O MAS VEHICULOS,0,1,0,0,2025
7/6/2025,15,AV. LUGONES,DESCENDENTE,10000,BUENO,SECA,0,0,COLISION CON DOS O MAS VEHICULOS,0,2,0,1,2025
8/6/2025,6,AU DELLEPIANE,ASCENDENTE,1500,BUENO,SECA,1,0,COLISION CON OBSTACULO FIJO,1,0,0,0,2025
9/6/2025,16,AU 25 DE MAYO,DESCENDENTE,4500,BUENO,SECA,1,0,COLISION CON OBSTACULO FIJO,1,0,0,0,2025
9/6/2025,18,AV. LUGONES,DESCENDENTE,6800,BUENO,SECA,1,0,OBSTACULO NO FIJO,1,0,0,0,2025
10/6/2025,8,AU PERITO MORENO,ASCENDENTE,4700,BUENO,SECA,1,0,SINIESTRO DE UN SOLO VEHICULO / SIN COLISION,1,0,0,0,2025
10/6/2025,9,AU DELLEPIANE,ASCENDENTE,4000,BUENO,SECA,0,0,COLISION CON DOS O MAS VEHICULOS,0,2,0,0,2025
10/6/2025,11,AV. LUGONES,DESCENDENTE,9500,BUENO,SECA,0,0,COLISION CON DOS O MAS VEHICULOS,0,2,0,0,2025
10/6/2025,15,AU DELLEPIANE,DESCENDENTE,2800,BUENO,SECA,0,0,COLISION CON DOS O MAS VEHICULOS,0,1,0,1,2025
10/6/2025,17,AV. CANTILO,ASCENDENTE,8800,BUENO,SECA,1,0,COLISION CON DOS O MAS VEHICULOS,0,4,0,0,2025
10/6/2025,17,AU ILLIA,ASCENDENTE,5800,BUENO,SECA,0,0,SINIESTRO DE UN SOLO VEHICULO / SIN COLISION,1,0,0,0,2025
10/6/2025,22,AU DELLEPIANE,ASCENDENTE,2300,BUENO,SECA,0,0,OBSTACULO NO FIJO,0,0,0,1,2025
11/6/2025,6,AU 25 DE MAYO,DESCENDENTE,2900,BUENO,SECA,2,0,COLISION CON DOS O MAS VEHICULOS,0,2,0,0,2025
11/6/2025,8,AU PERITO MORENO,ASCENDENTE,2000,BUENO,SECA,1,0,COLISION CON DOS O MAS VEHICULOS,0,1,1,0,2025
11/6/2025,11,AU DELLEPIANE,ASCENDENTE,4000,BUENO,SECA,1,0,COLISION CON DOS O MAS VEHICULOS,1,0,1,0,2025
12/6/2025,13,AU PERITO MORENO,ASCENDENTE,2400,BUENO,SECA,2,0,OBSTACULO NO FIJO,1,0,0,1,2025
12/6/2025,15,AU 25 DE MAYO,DESCENDENTE,7000,BUENO,SECA,1,0,COLISION CON DOS O MAS VEHICULOS,0,2,0,0,2025
13/6/2025,8,AU DELLEPIANE,ASCENDENTE,1500,BUENO,SECA,0,0,COLISION CON DOS O MAS VEHICULOS,0,1,0,0,2025
14/6/2025,23,AU DELLEPIANE,DESCENDENTE,4500,BUENO,MOJADA/HUMEDA,1,0,COLISION CON DOS O MAS VEHICULOS,1,1,0,0,2025
15/6/2025,1,AV. LUGONES,DESCENDENTE,10300,BUENO,SECA,0,0,COLISION CON DOS O MAS VEHICULOS,0,2,0,0,2025
15/6/2025,12,AU FRONDIZI,ASCENDENTE,600,BUENO,SECA,1,0,COLISION CON DOS O MAS VEHICULOS,1,1,0,0,2025
16/6/2025,17,AU 25 DE MAYO,ASCENDENTE,7800,BUENO,SECA,0,0,COLISION CON DOS O MAS VEHICULOS,1,0,0,0,2025
17/6/2025,7,AU 25 DE MAYO,ASCENDENTE,500,LLUVIOSO,MOJADA/HUMEDA,1,0,COLISION CON DOS O MAS VEHICULOS,1,1,0,0,2025
17/6/2025,7,AV. LUGONES,DESCENDENTE,10000,BUENO,SECA,1,0,COLISION CON DOS O MAS VEHICULOS,1,1,0,0,2025
17/6/2025,8,AU DELLEPIANE,ASCENDENTE,2700,BUENO,MOJADA/HUMEDA,0,0,COLISION CON DOS O MAS VEHICULOS,1,1,0,1,2025
17/6/2025,15,AU ILLIA,DESCENDENTE,4000,BUENO,SECA,2,0,COLISION CON DOS O MAS VEHICULOS,1,2,0,0,2025
18/6/2025,8,AU 25 DE MAYO,ASCENDENTE,6300,"NIEBLA, BRUMA O HUMO",SECA,0,0,COLISION CON DOS O MAS VEHICULOS,0,1,0,1,2025
18/6/2025,10,AU PERITO MORENO,DESCENDENTE,200,BUENO,SECA,1,0,COLISION CON DOS O MAS VEHICULOS,1,1,0,0,2025
18/6/2025,14,AU DELLEPIANE,ASCENDENTE,2900,BUENO,SECA,0,0,COLISION CON DOS O MAS VEHICULOS,0,1,0,0,2025
18/6/2025,18,AV. CANTILO,ASCENDENTE,10200,BUENO,SECA,0,0,COLISION CON DOS O MAS VEHICULOS,2,0,0,0,2025
19/6/2025,10,AU PERITO MORENO,ASCENDENTE,200,BUENO,SECA,0,0,COLISION CON DOS O MAS VEHICULOS,0,1,0,0,2025
19/6/2025,11,AU FRONDIZI,ASCENDENTE,3200,BUENO,SECA,1,0,COLISION CON DOS O MAS VEHICULOS,1,1,0,0,2025
19/6/2025,15,AU 25 DE MAYO,ASCENDENTE,9300,BUENO,SECA,0,0,COLISION CON DOS O MAS VEHICULOS,1,1,0,0,2025
19/6/2025,16,AV. LUGONES,DESCENDENTE,6000,BUENO,SECA,0,0,COLISION CON DOS O MAS VEHICULOS,0,1,0,0,2025
19/6/2025,17,AU DELLEPIANE,ASCENDENTE,1100,BUENO,SECA,0,0,COLISION CON DOS O MAS VEHICULOS,0,1,0,1,2025
19/6/2025,17,AV. LUGONES,DESCENDENTE,7300,BUENO,SECA,0,0,COLISION CON DOS O MAS VEHICULOS,0,3,0,0,2025
21/6/2025,20,AV. CANTILO,ASCENDENTE,8400,BUENO,SECA,0,0,OBSTACULO NO FIJO,1,0,0,0,2025
22/6/2025,8,AU DELLEPIANE,DESCENDENTE,4500,BUENO,SECA,0,0,COLISION CON OBSTACULO FIJO,0,1,0,0,2025
23/6/2025,8,AV. LUGONES,DESCENDENTE,8000,BUENO,SECA,1,0,OBSTACULO NO FIJO,1,0,1,0,2025
23/6/2025,10,AU 25 DE MAYO,ASCENDENTE,1800,BUENO,SECA,1,0,COLISION CON DOS O MAS VEHICULOS,1,0,0,0,2025
23/6/2025,18,AU FRONDIZI,DESCENDENTE,2600,BUENO,SECA,1,0,COLISION CON DOS O MAS VEHICULOS,2,0,0,0,2025
24/6/2025,9,AV. LUGONES,DESCENDENTE,7800,BUENO,SECA,0,0,COLISION CON DOS O MAS VEHICULOS,0,1,0,1,2025
24/6/2025,14,AU 25 DE MAYO,ASCENDENTE,500,BUENO,SECA,0,0,COLISION CON DOS O MAS VEHICULOS,0,1,0,1,2025
24/6/2025,14,AU DELLEPIANE,ASCENDENTE,3400,BUENO,SECA,0,0,COLISION CON DOS O MAS VEHICULOS,0,0,0,1,2025
25/6/2025,12,AU DELLEPIANE,DESCENDENTE,1000,BUENO,SECA,0,0,COLISION CON DOS O MAS VEHICULOS,0,1,1,1,2025
25/6/2025,14,AU PERITO MORENO,ASCENDENTE,200,BUENO,SECA,1,0,COLISION CON DOS O MAS VEHICULOS,0,2,0,0,2025
26/6/2025,9,AV. LUGONES,DESCENDENTE,7600,BUENO,SECA,1,0,COLISION CON DOS O MAS VEHICULOS,1,1,0,0,2025
26/6/2025,9,AU 25 DE MAYO,DESCENDENTE,1700,BUENO,SECA,0,0,COLISION CON DOS O MAS VEHICULOS,0,2,0,0,2025
26/6/2025,18,AU ILLIA,ASCENDENTE,3500,BUENO,SECA,0,0,COLISION CON DOS O MAS VEHICULOS,0,2,0,0,2025
27/6/2025,9,AU FRONDIZI,DESCENDENTE,3100,BUENO,SECA,1,0,COLISION CON DOS O MAS VEHICULOS,1,1,0,0,2025
27/6/2025,15,AV. LUGONES,DESCENDENTE,7200,BUENO,SECA,1,0,COLISION CON DOS O MAS VEHICULOS,1,1,0,0,2025
27/6/2025,16,AV. CANTILO,ASCENDENTE,8600,BUENO,SECA,1,0,COLISION CON DOS O MAS VEHICULOS,1,1,0,0,2025
28/6/2025,8,AU PERITO MORENO,DESCENDENTE,4000,BUENO,SECA,0,0,COLISION CON DOS O MAS VEHICULOS,0,1,0,0,2025
28/6/2025,8,AU 25 DE MAYO,DESCENDENTE,2500,BUENO,SECA,0,0,SINIESTRO DE UN SOLO VEHICULO / SIN COLISION,1,0,0,0,2025
28/6/2025,12,AU DELLEPIANE,DESCENDENTE,2400,BUENO,SECA,2,0,SINIESTRO DE UN SOLO VEHICULO / SIN COLISION,1,0,0,0,2025
28/6/2025,12,AV. CANTILO,ASCENDENTE,9100,BUENO,SECA,0,0,COLISION CON DOS O MAS VEHICULOS,0,2,0,0,2025
28/6/2025,22,AV. LUGONES,DESCENDENTE,6900,BUENO,SECA,2,0,COLISION CON DOS O MAS VEHICULOS,1,1,0,0,2025
30/6/2025,7,AU 25 DE MAYO,ASCENDENTE,9000,BUENO,SECA,0,0,COLISION CON DOS O MAS VEHICULOS,0,2,0,0,2025
30/6/2025,11,DIST. 9 DE JULIO,RAMAL 3,-,BUENO,SECA,1,0,COLISION CON OBSTACULO FIJO,0,1,0,1,2025
1/7/2025,17,AU DELLEPIANE,DESCENDENTE,1900,BUENO,SECA,1,0,COLISION CON DOS O MAS VEHICULOS,0,1,0,0,2025
1/7/2025,17,AU 25 DE MAYO,DESCENDENTE,4500,BUENO,SECA,0,0,COLISION CON DOS O MAS VEHICULOS,0,2,0,0,2025
2/7/2025,8,AU PERITO MORENO,ASCENDENTE,4300,BUENO,SECA,0,0,COLISION CON DOS O MAS VEHICULOS,0,3,0,0,2025
2/7/2025,9,AU ILLIA,DESCENDENTE,1100,BUENO,SECA,0,0,COLISION CON DOS O MAS VEHICULOS,0,2,0,0,2025
2/7/2025,17,AU 25 DE MAYO,ASCENDENTE,8600,BUENO,SECA,0,0,COLISION CON DOS O MAS VEHICULOS,0,0,0,2,2025
3/7/2025,5,AU ILLIA,ASCENDENTE,1500,BUENO,SECA,0,0,COLISION CON OBSTACULO FIJO,0,1,0,0,2025
3/7/2025,8,AV. LUGONES,DESCENDENTE,5800,BUENO,SECA,1,0,OBSTACULO NO FIJO,1,0,0,1,2025
3/7/2025,15,AU DELLEPIANE,ASCENDENTE,4500,BUENO,SECA,4,0,COLISION CON OBSTACULO FIJO,0,1,0,0,2025
3/7/2025,17,AU 25 DE MAYO,DESCENDENTE,9200,BUENO,SECA,1,0,COLISION CON DOS O MAS VEHICULOS,1,1,0,0,2025
4/7/2025,17,AU 25 DE MAYO,DESCENDENTE,100,BUENO,SECA,0,0,COLISION CON DOS O MAS VEHICULOS,0,3,0,0,2025
5/7/2025,0,AU 25 DE MAYO,DESCENDENTE,8600,BUENO,SECA,0,0,COLISION CON DOS O MAS VEHICULOS,0,1,0,1,2025
6/7/2025,6,AU ILLIA,ASCENDENTE,2600,BUENO,SECA,0,0,COLISION CON OBSTACULO FIJO,0,1,0,0,2025
6/7/2025,9,PTE. SCALABRINI ORTIZ,-,-,BUENO,SECA,1,0,SINIESTRO DE UN SOLO VEHICULO / SIN COLISION,1,0,0,0,2025
6/7/2025,20,AU FRONDIZI,DESCENDENTE,600,BUENO,SECA,1,0,COLISION CON DOS O MAS VEHICULOS,0,2,0,0,2025
7/7/2025,8,AU ILLIA,DESCENDENTE,800,BUENO,SECA,0,0,COLISION CON DOS O MAS VEHICULOS,0,2,0,0,2025
7/7/2025,9,AU FRONDIZI,ASCENDENTE,1000,BUENO,SECA,1,0,COLISION CON DOS O MAS VEHICULOS,1,0,0,1,2025
7/7/2025,17,AU FRONDIZI,DESCENDENTE,700,BUENO,SECA,1,0,SINIESTRO DE UN SOLO VEHICULO / SIN COLISION,1,0,0,0,2025
8/7/2025,8,AU DELLEPIANE,DESCENDENTE,4700,"NIEBLA, BRUMA O HUMO",MOJADA/HUMEDA,1,0,SINIESTRO DE UN SOLO VEHICULO / SIN COLISION,1,0,0,0,2025
8/7/2025,8,AU 25 DE MAYO,ASCENDENTE,1600,BUENO,SECA,0,0,COLISION CON DOS O MAS VEHICULOS,1,1,0,0,2025
8/7/2025,9,AU 25 DE MAYO,ASCENDENTE,2200,"NIEBLA, BRUMA O HUMO",SECA,1,0,OBSTACULO NO FIJO,1,1,0,0,2025
8/7/2025,11,TRANSICION RAMAL 2,RAMAL DE ENLACE,-,BUENO,SECA,0,0,COLISION CON DOS O MAS VEHICULOS,0,1,0,0,2025
8/7/2025,17,AU 25 DE MAYO,DESCENDENTE,200,BUENO,SECA,1,0,COLISION CON DOS O MAS VEHICULOS,1,0,0,0,2025
10/7/2025,7,AU FRONDIZI,ASCENDENTE,1700,BUENO,SECA,0,0,COLISION CON DOS O MAS VEHICULOS,2,1,0,0,2025
10/7/2025,15,AU DELLEPIANE,ASCENDENTE,4200,BUENO,SECA,1,0,COLISION CON DOS O MAS VEHICULOS,1,0,0,0,2025
10/7/2025,16,TRANSICION RAMAL 3,RAMAL DE ENLACE,-,BUENO,SECA,0,0,COLISION CON DOS O MAS VEHICULOS,3,0,0,0,2025
10/7/2025,19,AU 25 DE MAYO,DESCENDENTE,1500,BUENO,SECA,1,0,COLISION CON DOS O MAS VEHICULOS,1,0,0,0,2025
11/7/2025,13,AU 25 DE MAYO,ASCENDENTE,300,BUENO,SECA,0,0,COLISION CON DOS O MAS VEHICULOS,0,1,0,1,2025
11/7/2025,15,AU 25 DE MAYO,DESCENDENTE,2400,BUENO,SECA,0,0,COLISION CON DOS O MAS VEHICULOS,0,3,0,0,2025
12/7/2025,4,AV. LUGONES,DESCENDENTE,10000,BUENO,SECA,0,0,COLISION CON DOS O MAS VEHICULOS,0,2,0,0,2025
13/7/2025,15,AU DELLEPIANE,ASCENDENTE,100,BUENO,SECA,0,0,COLISION CON DOS O MAS VEHICULOS,0,2,0,0,2025
14/7/2025,8,AU FRONDIZI,DESCENDENTE,1300,BUENO,SECA,0,1,COLISION CON OBSTACULO FIJO,1,1,0,0,2025
15/7/2025,10,AU ILLIA,ASCENDENTE,6500,BUENO,SECA,0,0,SINIESTRO DE UN SOLO VEHICULO / SIN COLISION,1,0,0,0,2025
15/7/2025,15,AV. CANTILO,ASCENDENTE,9000,BUENO,SECA,1,0,COLISION CON DOS O MAS VEHICULOS,0,2,0,0,2025
16/7/2025,6,AU 25 DE MAYO,ASCENDENTE,3000,LLUVIOSO,MOJADA/HUMEDA,0,0,SINIESTRO DE UN SOLO VEHICULO / SIN COLISION,1,0,0,0,2025
16/7/2025,12,AU DELLEPIANE,ASCENDENTE,2400,LLUVIOSO,MOJADA/HUMEDA,0,0,COLISION CON DOS O MAS VEHICULOS,0,1,0,1,2025
17/7/2025,11,AV. LUGONES,DESCENDENTE,9500,BUENO,SECA,0,0,COLISION CON DOS O MAS VEHICULOS,0,2,0,0,2025
17/7/2025,16,AU 25 DE MAYO,ASCENDENTE,3800,BUENO,SECA,0,0,COLISION CON DOS O MAS VEHICULOS,0,1,0,0,2025
18/7/2025,5,AU 25 DE MAYO,ASCENDENTE,1500,BUENO,SECA,0,0,COLISION CON DOS O MAS VEHICULOS,0,1,0,1,2025
18/7/2025,10,AU 25 DE MAYO,DESCENDENTE,5000,BUENO,SECA,0,0,COLISION CON DOS O MAS VEHICULOS,0,1,1,0,2025
18/7/2025,10,AU DELLEPIANE,ASCENDENTE,2000,BUENO,SECA,1,0,COLISION CON DOS O MAS VEHICULOS,0,1,0,0,2025
18/7/2025,12,AV. LUGONES,DESCENDENTE,4900,BUENO,SECA,1,0,SINIESTRO DE UN SOLO VEHICULO / SIN COLISION,1,0,0,0,2025
18/7/2025,15,AV. CANTILO,ASCENDENTE,8300,BUENO,SECA,0,0,COLISION CON DOS O MAS VEHICULOS,0,3,0,0,2025
18/7/2025,18,AV. CANTILO,ASCENDENTE,8000,BUENO,SECA,0,0,COLISION CON DOS O MAS VEHICULOS,0,3,0,0,2025
18/7/2025,21,AU 25 DE MAYO,ASCENDENTE,8700,BUENO,SECA,0,0,COLISION CON DOS O MAS VEHICULOS,0,2,0,0,2025
19/7/2025,14,AU DELLEPIANE,DESCENDENTE,2800,BUENO,SECA,0,0,COLISION CON DOS O MAS VEHICULOS,0,5,0,0,2025
20/7/2025,5,AU PERITO MORENO,ASCENDENTE,400,BUENO,SECA,1,0,COLISION CON OBSTACULO FIJO,1,0,0,0,2025
20/7/2025,13,AU DELLEPIANE,ASCENDENTE,1100,BUENO,SECA,0,0,COLISION CON DOS O MAS VEHICULOS,0,1,0,1,2025
20/7/2025,21,AU 25 DE MAYO,ASCENDENTE,8900,BUENO,SECA,0,0,COLISION CON DOS O MAS VEHICULOS,1,1,0,0,2025
21/7/2025,4,AU FRONDIZI,ASCENDENTE,2800,BUENO,SECA,0,0,COLISION CON OBSTACULO FIJO,0,1,0,0,2025
21/7/2025,14,AU PERITO MORENO,DESCENDENTE,5400,BUENO,SECA,0,0,COLISION CON DOS O MAS VEHICULOS,0,1,1,0,2025
21/7/2025,14,AU 25 DE MAYO,DESCENDENTE,0,BUENO,SECA,1,0,COLISION CON OBSTACULO FIJO,1,0,0,0,2025
21/7/2025,17,AV. LUGONES,DESCENDENTE,8000,BUENO,SECA,0,0,COLISION CON DOS O MAS VEHICULOS,0,2,0,0,2025
22/7/2025,17,AU PERITO MORENO,DESCENDENTE,800,BUENO,SECA,0,0,COLISION CON DOS O MAS VEHICULOS,0,2,0,0,2025
23/7/2025,10,AU 25 DE MAYO,DESCENDENTE,4500,BUENO,SECA,0,0,SINIESTRO DE UN SOLO VEHICULO / SIN COLISION,1,0,0,0,2025
23/7/2025,14,AU PERITO MORENO,DESCENDENTE,4300,BUENO,SECA,1,0,SINIESTRO DE UN SOLO VEHICULO / SIN COLISION,1,0,0,0,2025
23/7/2025,17,AU ILLIA,ASCENDENTE,600,BUENO,SECA,0,0,COLISION CON DOS O MAS VEHICULOS,1,0,0,0,2025
23/7/2025,19,AU 25 DE MAYO,DESCENDENTE,5400,BUENO,SECA,2,0,COLISION CON DOS O MAS VEHICULOS,2,0,0,0,2025
24/7/2025,10,PASEO DEL BAJO,DESCENDENTE,1200,BUENO,SECA,0,0,COLISION CON DOS O MAS VEHICULOS,0,0,0,3,2025
25/7/2025,8,AU DELLEPIANE,ASCENDENTE,1000,LLUVIOSO,MOJADA/HUMEDA,0,0,COLISION CON DOS O MAS VEHICULOS,1,1,0,0,2025
25/7/2025,9,AU ILLIA,ASCENDENTE,3800,BUENO,SECA,0,0,COLISION CON DOS O MAS VEHICULOS,0,1,0,1,2025
25/7/2025,18,AU 25 DE MAYO,ASCENDENTE,7900,BUENO,MOJADA/HUMEDA,0,0,OBSTACULO NO FIJO,0,1,0,0,2025
26/7/2025,3,TRANSICION RAMAL 1,RAMAL DE EGRESO,-,BUENO,SECA,0,0,COLISION CON OBSTACULO FIJO,0,1,0,0,2025
28/7/2025,8,AU 25 DE MAYO,DESCENDENTE,7500,BUENO,SECA,1,0,COLISION CON OBSTACULO FIJO,0,1,0,0,2025
28/7/2025,23,AU 25 DE MAYO,ASCENDENTE,6000,BUENO,SECA,0,0,COLISION CON OBSTACULO FIJO,0,1,0,0,2025
29/7/2025,10,AU 25 DE MAYO,DESCENDENTE,8200,BUENO,SECA,0,0,COLISION CON DOS O MAS VEHICULOS,0,1,0,1,2025
29/7/2025,11,AU DELLEPIANE,ASCENDENTE,4300,BUENO,SECA,0,0,COLISION CON OBSTACULO FIJO,0,1,0,0,2025
31/7/2025,13,DIST. 9 DE JULIO,RAMAL 2,-,BUENO,SECA,0,0,COLISION CON DOS O MAS VEHICULOS,0,2,0,0,2025
1/8/2025,1,TRANSICION RAMAL 2,RAMAL DE ENLACE,-,LLUVIOSO,MOJADA/HUMEDA,0,0,COLISION CON DOS O MAS VEHICULOS,0,1,1,1,2025
1/8/2025,7,TRANSICION RAMAL 2,RAMAL DE ENLACE,-,LLUVIOSO,MOJADA/HUMEDA,0,0,COLISION CON DOS O MAS VEHICULOS,0,2,0,0,2025
1/8/2025,9,AV. LUGONES,DESCENDENTE,5500,LLUVIOSO,MOJADA/HUMEDA,1,0,COLISION CON DOS O MAS VEHICULOS,1,0,0,0,2025
1/8/2025,18,AV. LUGONES,DESCENDENTE,10100,BUENO,MOJADA/HUMEDA,0,0,COLISION CON DOS O MAS VEHICULOS,0,1,0,0,2025
2/8/2025,2,TRANSICION RAMAL 2,RAMAL DE ENLACE,-,BUENO,SECA,0,0,COLISION CON OBSTACULO FIJO,0,1,0,0,2025
2/8/2025,6,TRANSICION RAMAL 2,RAMAL DE ENLACE,-,BUENO,MOJADA/HUMEDA,0,0,COLISION CON OBSTACULO FIJO,0,1,0,0,2025
2/8/2025,15,AU PERITO MORENO,ASCENDENTE,1500,BUENO,SECA,0,0,COLISION CON DOS O MAS VEHICULOS,0,1,0,1,2025
2/8/2025,16,AV. LUGONES,DESCENDENTE,9700,BUENO,SECA,0,0,COLISION CON DOS O MAS VEHICULOS,0,2,0,0,2025
3/8/2025,13,AU 25 DE MAYO,DESCENDENTE,0,BUENO,SECA,2,0,COLISION CON DOS O MAS VEHICULOS,2,1,0,0,2025
3/8/2025,18,AU FRONDIZI,DESCENDENTE,3100,BUENO,SECA,1,0,COLISION CON DOS O MAS VEHICULOS,1,1,0,0,2025
3/8/2025,18,AV. CANTILO,ASCENDENTE,10200,BUENO,SECA,0,0,COLISION CON DOS O MAS VEHICULOS,0,2,0,0,2025
4/8/2025,10,AU DELLEPIANE,DESCENDENTE,3100,BUENO,SECA,0,0,COLISION CON DOS O MAS VEHICULOS,0,0,0,1,2025
4/8/2025,16,AU PERITO MORENO,DESCENDENTE,400,BUENO,SECA,0,0,COLISION CON DOS O MAS VEHICULOS,1,1,0,0,2025
4/8/2025,18,AU PERITO MORENO,ASCENDENTE,5400,BUENO,SECA,1,0,COLISION CON OBSTACULO FIJO,0,1,0,0,2025
5/8/2025,9,AU FRONDIZI,ASCENDENTE,100,BUENO,SECA,1,0,COLISION CON DOS O MAS VEHICULOS,1,1,0,0,2025
5/8/2025,14,AU 25 DE MAYO,ASCENDENTE,3500,BUENO,SECA,1,0,COLISION CON OBSTACULO FIJO,0,1,0,0,2025
5/8/2025,16,AU DELLEPIANE,DESCENDENTE,2900,BUENO,SECA,0,0,COLISION CON DOS O MAS VEHICULOS,0,3,0,1,2025
6/8/2025,6,TRANSICION RAMAL 2,RAMAL DE ENLACE,-,BUENO,SECA,1,0,COLISION CON DOS O MAS VEHICULOS,0,1,0,1,2025
7/8/2025,6,AU PERITO MORENO,DESCENDENTE,300,BUENO,SECA,0,0,COLISION CON DOS O MAS VEHICULOS,1,1,0,0,2025
7/8/2025,16,AU DELLEPIANE,ASCENDENTE,3800,BUENO,SECA,0,0,COLISION CON DOS O MAS VEHICULOS,0,1,0,0,2025
7/8/2025,21,AU PERITO MORENO,ASCENDENTE,300,BUENO,SECA,0,0,OBSTACULO NO FIJO,0,2,0,0,2025
8/8/2025,12,AU FRONDIZI,DESCENDENTE,2600,BUENO,SECA,1,0,COLISION CON DOS O MAS VEHICULOS,0,4,0,0,2025
8/8/2025,12,AV. LUGONES,DESCENDENTE,10000,BUENO,SECA,0,0,OBSTACULO NO FIJO,1,0,1,1,2025
8/8/2025,17,AV. LUGONES,DESCENDENTE,8500,BUENO,SECA,2,0,COLISION CON DOS O MAS VEHICULOS,0,2,0,0,2025
8/8/2025,17,AV. LUGONES,DESCENDENTE,9000,BUENO,SECA,0,0,COLISION CON DOS O MAS VEHICULOS,0,2,0,0,2025
8/8/2025,17,AU PERITO MORENO,DESCENDENTE,2000,BUENO,SECA,0,0,COLISION CON DOS O MAS VEHICULOS,0,2,0,0,2025
9/8/2025,10,AU FRONDIZI,ASCENDENTE,700,BUENO,SECA,0,0,COLISION CON DOS O MAS VEHICULOS,0,2,0,0,2025
9/8/2025,14,AU DELLEPIANE,ASCENDENTE,500,BUENO,SECA,1,0,COLISION CON DOS O MAS VEHICULOS,0,2,0,1,2025
9/8/2025,22,AU FRONDIZI,ASCENDENTE,3000,BUENO,SECA,1,0,OBSTACULO NO FIJO,1,5,0,0,2025
11/8/2025,19,AU PERITO MORENO,DESCENDENTE,500,BUENO,SECA,0,0,COLISION CON DOS O MAS VEHICULOS,0,1,0,2,2025
12/8/2025,9,AU ILLIA,DESCENDENTE,3000,BUENO,SECA,0,0,COLISION CON DOS O MAS VEHICULOS,0,1,0,1,2025
12/8/2025,14,AU 25 DE MAYO,ASCENDENTE,3000,BUENO,SECA,1,0,SINIESTRO DE UN SOLO VEHICULO / SIN COLISION,1,0,0,0,2025
12/8/2025,16,AU 25 DE MAYO,DESCENDENTE,300,BUENO,SECA,1,0,COLISION CON DOS O MAS VEHICULOS,0,1,0,1,2025
13/8/2025,9,AU ILLIA,DESCENDENTE,3000,BUENO,SECA,0,0,COLISION CON DOS O MAS VEHICULOS,1,1,0,0,2025
13/8/2025,13,AV. CANTILO,ASCENDENTE,8800,BUENO,SECA,0,0,COLISION CON DOS O MAS VEHICULOS,0,4,0,0,2025
14/8/2025,15,AU FRONDIZI,DESCENDENTE,600,BUENO,SECA,0,0,COLISION CON DOS O MAS VEHICULOS,1,1,0,0,2025
15/8/2025,15,AV. LUGONES,DESCENDENTE,9100,BUENO,SECA,0,0,COLISION CON DOS O MAS VEHICULOS,0,2,0,0,2025
16/8/2025,4,AU PERITO MORENO,DESCENDENTE,5200,BUENO,SECA,0,0,COLISION CON DOS O MAS VEHICULOS,0,1,0,1,2025
16/8/2025,9,PASEO DEL BAJO,ASCENDENTE,7100,BUENO,SECA,1,0,COLISION CON DOS O MAS VEHICULOS,0,1,0,1,2025
16/8/2025,9,AU DELLEPIANE,ASCENDENTE,3900,BUENO,SECA,0,0,COLISION CON DOS O MAS VEHICULOS,1,1,0,0,2025
16/8/2025,15,AU PERITO MORENO,DESCENDENTE,5400,BUENO,SECA,0,0,COLISION CON DOS O MAS VEHICULOS,1,1,0,0,2025
17/8/2025,4,AV. LUGONES,DESCENDENTE,10100,LLUVIOSO,MOJADA/HUMEDA,0,0,COLISION CON OBSTACULO FIJO,0,1,0,0,2025
17/8/2025,7,AV. CANTILO,ASCENDENTE,8500,LLUVIOSO,MOJADA/HUMEDA,1,0,COLISION CON DOS O MAS VEHICULOS,0,2,0,0,2025
17/8/2025,8,AV. LUGONES,DESCENDENTE,10200,LLUVIOSO,MOJADA/HUMEDA,0,0,COLISION CON OBSTACULO FIJO,0,1,0,0,2025
18/8/2025,2,AV. LUGONES,DESCENDENTE,8700,BUENO,SECA,1,0,COLISION CON OBSTACULO FIJO,0,1,0,0,2025
18/8/2025,7,AU 25 DE MAYO,ASCENDENTE,900,BUENO,SECA,1,0,COLISION CON OBSTACULO FIJO,0,2,0,0,2025
18/8/2025,7,AU DELLEPIANE,ASCENDENTE,1500,BUENO,SECA,1,0,COLISION CON DOS O MAS VEHICULOS,1,1,0,0,2025
18/8/2025,9,AU PERITO MORENO,ASCENDENTE,2000,BUENO,SECA,1,0,COLISION CON DOS O MAS VEHICULOS,1,0,0,0,2025
18/8/2025,22,AU 25 DE MAYO,ASCENDENTE,1800,LLUVIOSO,MOJADA/HUMEDA,3,0,OBSTACULO NO FIJO,0,2,0,0,2025
19/8/2025,0,AU FRONDIZI,ASCENDENTE,2300,LLUVIOSO,MOJADA/HUMEDA,1,0,COLISION CON OBSTACULO FIJO,0,1,0,0,2025
19/8/2025,0,AV. LUGONES,DESCENDENTE,10200,LLUVIOSO,MOJADA/HUMEDA,0,0,COLISION CON OBSTACULO FIJO,0,0,0,1,2025
19/8/2025,6,AV. CANTILO,ASCENDENTE,8400,LLUVIOSO,MOJADA/HUMEDA,1,0,COLISION CON OBSTACULO FIJO,0,0,0,1,2025
19/8/2025,18,AU 25 DE MAYO,DESCENDENTE,8700,LLUVIOSO,MOJADA/HUMEDA,1,0,COLISION CON DOS O MAS VEHICULOS,0,1,0,1,2025
19/8/2025,21,AU DELLEPIANE,DESCENDENTE,3000,LLUVIOSO,MOJADA/HUMEDA,0,0,COLISION CON OBSTACULO FIJO,0,0,1,0,2025
20/8/2025,6,TRANSICION RAMAL 3,RAMAL DE ENLACE,-,LLUVIOSO,MOJADA/HUMEDA,0,0,COLISION CON DOS O MAS VEHICULOS,0,1,0,0,2025
20/8/2025,17,AU 25 DE MAYO,ASCENDENTE,900,BUENO,SECA,0,0,COLISION CON DOS O MAS VEHICULOS,0,1,0,0,2025
21/8/2025,9,AU PERITO MORENO,ASCENDENTE,4800,BUENO,SECA,1,0,SINIESTRO DE UN SOLO VEHICULO / SIN COLISION,1,0,0,0,2025
22/8/2025,9,AU 25 DE MAYO,DESCENDENTE,0,BUENO,SECA,2,0,COLISION CON DOS O MAS VEHICULOS,1,0,1,0,2025
22/8/2025,12,AV. CANTILO,ASCENDENTE,9400,BUENO,SECA,0,0,COLISION CON DOS O MAS VEHICULOS,0,1,0,3,2025
22/8/2025,16,AU PERITO MORENO,ASCENDENTE,2900,BUENO,SECA,0,0,COLISION CON DOS O MAS VEHICULOS,0,2,0,0,2025
23/8/2025,11,AU PERITO MORENO,DESCENDENTE,5700,BUENO,SECA,0,0,COLISION CON DOS O MAS VEHICULOS,0,1,0,1,2025
23/8/2025,20,AU DELLEPIANE,DESCENDENTE,500,BUENO,SECA,0,0,COLISION CON OBSTACULO FIJO,0,1,0,0,2025
24/8/2025,9,AU ILLIA,ASCENDENTE,3700,BUENO,SECA,1,0,SINIESTRO DE UN SOLO VEHICULO / SIN COLISION,1,0,0,0,2025
24/8/2025,16,AU 25 DE MAYO,ASCENDENTE,3000,BUENO,SECA,0,0,COLISION CON DOS O MAS VEHICULOS,0,1,0,1,2025
26/8/2025,17,AV. CANTILO,ASCENDENTE,8100,BUENO,SECA,2,0,COLISION CON DOS O MAS VEHICULOS,2,1,0,0,2025
26/8/2025,18,AV. LUGONES,DESCENDENTE,9200,BUENO,SECA,4,0,COLISION CON DOS O MAS VEHICULOS,0,4,0,0,2025
27/8/2025,9,AV. LUGONES,DESCENDENTE,8500,BUENO,SECA,1,0,COLISION CON DOS O MAS VEHICULOS,2,0,0,0,2025
27/8/2025,9,AU FRONDIZI,ASCENDENTE,1500,BUENO,SECA,0,0,COLISION CON DOS O MAS VEHICULOS,0,1,0,0,2025
27/8/2025,12,AV. LUGONES,DESCENDENTE,9900,BUENO,SECA,1,0,COLISION CON DOS O MAS VEHICULOS,0,2,0,0,2025
27/8/2025,13,AU PERITO MORENO,ASCENDENTE,5700,BUENO,SECA,0,0,COLISION CON DOS O MAS VEHICULOS,0,1,0,0,2025
27/8/2025,16,AV. LUGONES,DESCENDENTE,10000,BUENO,SECA,1,0,COLISION CON DOS O MAS VEHICULOS,0,5,0,0,2025
27/8/2025,17,AU 25 DE MAYO,DESCENDENTE,3500,BUENO,SECA,0,0,COLISION CON DOS O MAS VEHICULOS,0,1,0,1,2025
28/8/2025,8,AU DELLEPIANE,ASCENDENTE,1500,BUENO,SECA,0,0,COLISION CON DOS O MAS VEHICULOS,0,2,0,0,2025
28/8/2025,14,AU PERITO MORENO,ASCENDENTE,3300,BUENO,SECA,1,0,COLISION CON DOS O MAS VEHICULOS,1,0,0,0,2025
28/8/2025,17,AU 25 DE MAYO,ASCENDENTE,9000,BUENO,SECA,1,0,COLISION CON DOS O MAS VEHICULOS,1,1,0,0,2025
29/8/2025,19,AU DELLEPIANE,DESCENDENTE,2500,BUENO,SECA,1,0,COLISION CON DOS O MAS VEHICULOS,1,1,0,0,2025
29/8/2025,19,AU 25 DE MAYO,DESCENDENTE,1200,BUENO,SECA,2,0,COLISION CON DOS O MAS VEHICULOS,1,2,0,0,2025
29/8/2025,19,AV. CANTILO,ASCENDENTE,9900,BUENO,SECA,0,0,COLISION CON DOS O MAS VEHICULOS,0,1,0,1,2025
30/8/2025,6,AV. CANTILO,ASCENDENTE,10000,BUENO,SECA,1,0,COLISION CON DOS O MAS VEHICULOS,1,0,0,0,2025
30/8/2025,19,AU CAMPORA,DESCENDENTE,1300,BUENO,SECA,0,0,OBSTACULO NO FIJO,0,2,0,0,2025
31/8/2025,7,AU DELLEPIANE,ASCENDENTE,200,LLUVIOSO,MOJADA/HUMEDA,0,0,COLISION CON OBSTACULO FIJO,0,1,0,0,2025
31/8/2025,7,AU DELLEPIANE,ASCENDENTE,200,LLUVIOSO,MOJADA/HUMEDA,0,0,SINIESTRO DE UN SOLO VEHICULO / SIN COLISION,1,0,0,0,2025
31/8/2025,8,AV. LUGONES,DESCENDENTE,10300,LLUVIOSO,MOJADA/HUMEDA,1,0,COLISION CON OBSTACULO FIJO,0,1,0,0,2025
1/9/2025,1,AV. LUGONES,DESCENDENTE,9900,LLUVIOSO,MOJADA/HUMEDA,0,0,COLISION CON DOS O MAS VEHICULOS,0,2,0,0,2025
2/9/2025,13,AV. LUGONES,DESCENDENTE,7500,LLUVIOSO,MOJADA/HUMEDA,0,0,COLISION CON DOS O MAS VEHICULOS,0,3,0,0,2025
2/9/2025,14,AU 25 DE MAYO,DESCENDENTE,6800,LLUVIOSO,MOJADA/HUMEDA,0,0,COLISION CON DOS O MAS VEHICULOS,0,1,0,0,2025
3/9/2025,18,AU 25 DE MAYO,ASCENDENTE,8700,BUENO,SECA,0,0,COLISION CON DOS O MAS VEHICULOS,0,2,0,0,2025
3/9/2025,22,AU DELLEPIANE,DESCENDENTE,500,BUENO,SECA,1,0,COLISION CON DOS O MAS VEHICULOS,1,1,0,0,2025
4/9/2025,7,AU 25 DE MAYO,ASCENDENTE,2500,BUENO,SECA,1,0,COLISION CON DOS O MAS VEHICULOS,1,1,0,0,2025
4/9/2025,9,AU CAMPORA,DESCENDENTE,1500,BUENO,SECA,0,0,COLISION CON DOS O MAS VEHICULOS,0,1,0,1,2025
4/9/2025,14,AV. CANTILO,ASCENDENTE,9000,BUENO,SECA,1,0,COLISION CON DOS O MAS VEHICULOS,1,0,0,0,2025
4/9/2025,15,AU PERITO MORENO,DESCENDENTE,5400,BUENO,SECA,0,0,COLISION CON DOS O MAS VEHICULOS,0,2,0,0,2025
5/9/2025,12,AU 25 DE MAYO,DESCENDENTE,7000,BUENO,SECA,0,0,COLISION CON DOS O MAS VEHICULOS,0,1,0,1,2025
5/9/2025,13,AU FRONDIZI,DESCENDENTE,2600,BUENO,SECA,0,0,COLISION CON OBSTACULO FIJO,0,1,0,0,2025
6/9/2025,8,AU DELLEPIANE,DESCENDENTE,1800,BUENO,SECA,0,0,COLISION CON DOS O MAS VEHICULOS,0,1,0,0,2025
6/9/2025,8,AU ILLIA,ASCENDENTE,5000,BUENO,SECA,0,0,COLISION CON DOS O MAS VEHICULOS,0,2,0,0,2025
6/9/2025,8,AU 25 DE MAYO,DESCENDENTE,3500,BUENO,SECA,1,0,COLISION CON DOS O MAS VEHICULOS,1,1,0,0,2025
6/9/2025,11,AU DELLEPIANE,DESCENDENTE,1000,BUENO,SECA,0,0,COLISION CON DOS O MAS VEHICULOS,0,2,0,0,2025
7/9/2025,5,AU PERITO MORENO,DESCENDENTE,1300,BUENO,SECA,0,0,COLISION CON OBSTACULO FIJO,0,1,0,0,2025
8/9/2025,11,AU 25 DE MAYO,ASCENDENTE,9300,BUENO,SECA,0,0,COLISION CON DOS O MAS VEHICULOS,1,1,0,0,2025
8/9/2025,15,PASEO DEL BAJO,DESCENDENTE,6700,BUENO,SECA,1,0,COLISION CON OBSTACULO FIJO,0,0,0,1,2025
8/9/2025,23,AU ILLIA,ASCENDENTE,3500,BUENO,SECA,1,0,COLISION CON DOS O MAS VEHICULOS,1,1,0,0,2025
9/9/2025,8,AU PERITO MORENO,ASCENDENTE,5400,BUENO,SECA,0,0,COLISION CON DOS O MAS VEHICULOS,0,1,0,1,2025
9/9/2025,13,AV. CANTILO,ASCENDENTE,8100,BUENO,SECA,0,0,COLISION CON DOS O MAS VEHICULOS,0,2,0,1,2025
9/9/2025,15,AU 25 DE MAYO,ASCENDENTE,4700,BUENO,SECA,0,0,COLISION CON DOS O MAS VEHICULOS,0,1,0,1,2025
9/9/2025,16,TRANSICION RAMAL 1,RAMAL DE EGRESO,-,BUENO,SECA,2,0,COLISION CON DOS O MAS VEHICULOS,1,0,0,1,2025
10/9/2025,2,AU PERITO MORENO,DESCENDENTE,5400,BUENO,SECA,3,0,COLISION CON OBSTACULO FIJO,0,1,0,1,2025
10/9/2025,10,AU ILLIA,ASCENDENTE,3700,BUENO,SECA,0,0,COLISION CON DOS O MAS VEHICULOS,0,1,0,1,2025
10/9/2025,11,AU PERITO MORENO,ASCENDENTE,200,BUENO,SECA,1,0,COLISION CON OBSTACULO FIJO,1,0,0,0,2025
10/9/2025,13,TRANSICION RAMAL 3,RAMAL DE ENLACE,-,BUENO,SECA,0,0,COLISION CON DOS O MAS VEHICULOS,0,1,0,0,2025
11/9/2025,8,AU ILLIA,DESCENDENTE,200,BUENO,SECA,0,0,OBSTACULO NO FIJO,0,1,0,0,2025
11/9/2025,8,AU PERITO MORENO,ASCENDENTE,5500,BUENO,SECA,0,0,COLISION CON DOS O MAS VEHICULOS,0,1,0,1,2025
11/9/2025,14,AU ILLIA,DESCENDENTE,3400,BUENO,SECA,0,0,OBSTACULO NO FIJO,0,3,0,0,2025
11/9/2025,18,AU DELLEPIANE,DESCENDENTE,2700,BUENO,SECA,0,0,COLISION CON DOS O MAS VEHICULOS,0,2,0,0,2025
11/9/2025,19,AU 25 DE MAYO,DESCENDENTE,800,BUENO,SECA,0,0,COLISION CON DOS O MAS VEHICULOS,1,1,0,0,2025
12/9/2025,17,AU PERITO MORENO,DESCENDENTE,0,BUENO,SECA,1,0,SINIESTRO DE UN SOLO VEHICULO / SIN COLISION,1,0,0,0,2025
12/9/2025,21,AU PERITO MORENO,DESCENDENTE,3400,BUENO,SECA,0,0,COLISION CON DOS O MAS VEHICULOS,1,0,0,0,2025
13/9/2025,20,AU 25 DE MAYO,DESCENDENTE,7000,BUENO,SECA,0,0,COLISION CON DOS O MAS VEHICULOS,0,2,0,0,2025
14/9/2025,16,AU ILLIA,ASCENDENTE,2000,BUENO,SECA,0,0,COLISION CON OBSTACULO FIJO,0,1,0,0,2025
16/9/2025,7,AU 25 DE MAYO,DESCENDENTE,7700,BUENO,SECA,0,0,COLISION CON OBSTACULO FIJO,0,0,0,1,2025
16/9/2025,13,PASEO DEL BAJO,DESCENDENTE,7200,BUENO,SECA,0,0,COLISION CON DOS O MAS VEHICULOS,0,0,0,1,2025
16/9/2025,16,AU 25 DE MAYO,DESCENDENTE,2000,BUENO,SECA,1,0,SINIESTRO DE UN SOLO VEHICULO / SIN COLISION,1,0,0,0,2025
17/9/2025,3,AU ILLIA,ASCENDENTE,1500,BUENO,SECA,1,0,COLISION CON OBSTACULO FIJO,1,0,0,0,2025
17/9/2025,8,AU DELLEPIANE,DESCENDENTE,2200,BUENO,SECA,1,0,COLISION CON DOS O MAS VEHICULOS,0,1,1,0,2025
17/9/2025,10,AV. LUGONES,DESCENDENTE,6000,BUENO,SECA,1,0,COLISION CON DOS O MAS VEHICULOS,1,1,0,0,2025
17/9/2025,17,AV. CANTILO,ASCENDENTE,9900,BUENO,SECA,0,0,COLISION CON DOS O MAS VEHICULOS,0,1,0,0,2025
18/9/2025,3,AU 25 DE MAYO,DESCENDENTE,2600,BUENO,SECA,3,0,COLISION CON OBSTACULO FIJO,0,1,0,0,2025
18/9/2025,11,AU 25 DE MAYO,DESCENDENTE,1000,BUENO,SECA,3,0,COLISION CON DOS O MAS VEHICULOS,0,2,0,0,2025
19/9/2025,7,AU 25 DE MAYO,ASCENDENTE,6900,BUENO,SECA,1,0,COLISION CON DOS O MAS VEHICULOS,0,2,1,0,2025
19/9/2025,10,AU 25 DE MAYO,ASCENDENTE,5500,LLUVIOSO,MOJADA/HUMEDA,1,0,SINIESTRO DE UN SOLO VEHICULO / SIN COLISION,1,0,0,0,2025
20/9/2025,0,AU ILLIA,DESCENDENTE,500,BUENO,MOJADA/HUMEDA,0,0,COLISION CON OBSTACULO FIJO,0,1,0,0,2025
22/9/2025,10,AU 25 DE MAYO,DESCENDENTE,100,BUENO,SECA,0,0,COLISION CON DOS O MAS VEHICULOS,0,1,0,1,2025
22/9/2025,14,AU FRONDIZI,DESCENDENTE,1900,BUENO,SECA,2,0,COLISION CON DOS O MAS VEHICULOS,1,1,0,0,2025
22/9/2025,21,AV. CANTILO,ASCENDENTE,10400,BUENO,SECA,0,0,COLISION CON DOS O MAS VEHICULOS,0,2,0,0,2025
23/9/2025,17,AU CAMPORA,ASCENDENTE,1500,BUENO,SECA,0,0,COLISION CON DOS O MAS VEHICULOS,0,0,0,2,2025
24/9/2025,9,AU ILLIA,ASCENDENTE,2500,BUENO,SECA,0,0,COLISION CON DOS O MAS VEHICULOS,0,2,0,0,2025
24/9/2025,16,AU DELLEPIANE,ASCENDENTE,1600,BUENO,SECA,0,0,COLISION CON DOS O MAS VEHICULOS,0,2,0,0,2025
24/9/2025,20,AU FRONDIZI,DESCENDENTE,0,BUENO,SECA,1,0,OBSTACULO NO FIJO,1,1,0,0,2025
25/9/2025,11,AU FRONDIZI,DESCENDENTE,2300,BUENO,SECA,0,0,COLISION CON DOS O MAS VEHICULOS,0,2,0,0,2025
25/9/2025,13,AV. LUGONES,DESCENDENTE,9700,BUENO,SECA,0,0,COLISION CON DOS O MAS VEHICULOS,1,2,0,0,2025
25/9/2025,16,AU 25 DE MAYO,DESCENDENTE,900,BUENO,SECA,0,0,COLISION CON DOS O MAS VEHICULOS,0,3,0,0,2025
25/9/2025,17,AU 25 DE MAYO,ASCENDENTE,7600,BUENO,SECA,0,0,COLISION CON DOS O MAS VEHICULOS,0,1,0,0,2025
26/9/2025,0,AU DELLEPIANE,ASCENDENTE,700,BUENO,SECA,0,0,COLISION CON OBSTACULO FIJO,0,2,0,1,2025
26/9/2025,11,DIST. 9 DE JULIO,RAMAL 2 BIS,-,BUENO,SECA,0,0,SINIESTRO DE UN SOLO VEHICULO / SIN COLISION,1,0,0,0,2025
26/9/2025,14,AU 25 DE MAYO,DESCENDENTE,7700,BUENO,SECA,1,0,COLISION CON DOS O MAS VEHICULOS,1,0,0,0,2025
26/9/2025,16,AU DELLEPIANE,ASCENDENTE,500,BUENO,SECA,1,0,COLISION CON DOS O MAS VEHICULOS,0,1,0,1,2025
26/9/2025,16,AU 25 DE MAYO,DESCENDENTE,3500,BUENO,SECA,0,0,SINIESTRO DE UN SOLO VEHICULO / SIN COLISION,1,0,0,0,2025
26/9/2025,17,AV. CANTILO,ASCENDENTE,10400,BUENO,SECA,0,0,COLISION CON DOS O MAS VEHICULOS,0,0,1,1,2025
26/9/2025,20,AU DELLEPIANE,DESCENDENTE,3100,BUENO,SECA,1,0,SINIESTRO DE UN SOLO VEHICULO / SIN COLISION,1,0,0,0,2025
27/9/2025,5,AV. LUGONES,DESCENDENTE,9300,LLUVIOSO,MOJADA/HUMEDA,0,0,COLISION CON OBSTACULO FIJO,0,1,0,0,2025
27/9/2025,21,AU FRONDIZI,DESCENDENTE,3000,BUENO,SECA,1,0,COLISION CON DOS O MAS VEHICULOS,1,0,0,0,2025
29/9/2025,1,AU PERITO MORENO,ASCENDENTE,4000,BUENO,SECA,1,0,COLISION CON OBSTACULO FIJO,1,1,0,0,2025
29/9/2025,8,AU 25 DE MAYO,ASCENDENTE,100,BUENO,SECA,0,0,COLISION CON DOS O MAS VEHICULOS,0,1,0,1,2025
29/9/2025,9,AV. LUGONES,DESCENDENTE,7400,BUENO,SECA,0,0,COLISION CON DOS O MAS VEHICULOS,0,2,0,0,2025
29/9/2025,16,AU DELLEPIANE,ASCENDENTE,200,BUENO,SECA,0,0,COLISION CON DOS O MAS VEHICULOS,0,1,0,1,2025
30/9/2025,9,AV. LUGONES,DESCENDENTE,6800,BUENO,SECA,0,0,SINIESTRO DE UN SOLO VEHICULO / SIN COLISION,1,0,0,0,2025
30/9/2025,12,AV. CANTILO,ASCENDENTE,7800,BUENO,SECA,2,0,COLISION CON DOS O MAS VEHICULOS,0,2,0,0,2025
30/9/2025,13,PASEO DEL BAJO,ASCENDENTE,3100,BUENO,SECA,0,0,COLISION CON DOS O MAS VEHICULOS,0,0,0,2,2025
1/10/2025,15,AU 25 DE MAYO,DESCENDENTE,2100,BUENO,SECA,0,0,COLISION CON DOS O MAS VEHICULOS,0,3,0,0,2025
2/10/2025,8,AU PERITO MORENO,ASCENDENTE,3700,BUENO,SECA,0,0,COLISION CON DOS O MAS VEHICULOS,0,1,0,0,2025
2/10/2025,10,AU FRONDIZI,DESCENDENTE,2000,BUENO,SECA,0,0,COLISION CON DOS O MAS VEHICULOS,0,1,0,1,2025
2/10/2025,17,AU PERITO MORENO,ASCENDENTE,3600,BUENO,SECA,0,0,COLISION CON DOS O MAS VEHICULOS,1,1,0,0,2025
2/10/2025,17,AU PERITO MORENO,ASCENDENTE,2500,BUENO,SECA,3,0,COLISION CON DOS O MAS VEHICULOS,0,3,0,0,2025
2/10/2025,17,AV. CANTILO,ASCENDENTE,9000,BUENO,SECA,1,0,COLISION CON DOS O MAS VEHICULOS,1,0,0,0,2025
2/10/2025,18,AU 25 DE MAYO,ASCENDENTE,9000,BUENO,SECA,0,0,COLISION CON DOS O MAS VEHICULOS,0,3,0,0,2025
3/10/2025,7,AV. LUGONES,DESCENDENTE,10000,BUENO,SECA,0,0,COLISION CON DOS O MAS VEHICULOS,0,2,0,0,2025
3/10/2025,8,AU CAMPORA,ASCENDENTE,500,BUENO,SECA,1,0,COLISION CON DOS O MAS VEHICULOS,1,0,0,0,2025
3/10/2025,13,AU DELLEPIANE,ASCENDENTE,1700,BUENO,SECA,1,0,SINIESTRO DE UN SOLO VEHICULO / SIN COLISION,1,0,0,1,2025
3/10/2025,14,AV. CANTILO,ASCENDENTE,7600,BUENO,SECA,1,0,SINIESTRO DE UN SOLO VEHICULO / SIN COLISION,1,0,0,0,2025
3/10/2025,15,AU PERITO MORENO,ASCENDENTE,4800,BUENO,SECA,0,0,COLISION CON DOS O MAS VEHICULOS,0,1,0,1,2025
3/10/2025,16,AV. LUGONES,DESCENDENTE,5300,BUENO,SECA,0,0,SINIESTRO DE UN SOLO VEHICULO / SIN COLISION,1,0,0,0,2025
3/10/2025,23,AU DELLEPIANE,ASCENDENTE,4300,BUENO,SECA,0,0,COLISION CON OBSTACULO FIJO,0,1,0,0,2025
4/10/2025,11,AU DELLEPIANE,DESCENDENTE,4200,BUENO,SECA,1,0,COLISION CON DOS O MAS VEHICULOS,1,1,0,0,2025
4/10/2025,12,AU PERITO MORENO,DESCENDENTE,5000,BUENO,SECA,1,0,COLISION CON DOS O MAS VEHICULOS,1,1,0,0,2025
4/10/2025,13,AU DELLEPIANE,ASCENDENTE,4200,BUENO,SECA,0,0,COLISION CON DOS O MAS VEHICULOS,0,2,0,0,2025
4/10/2025,14,AU PERITO MORENO,DESCENDENTE,200,BUENO,SECA,0,0,COLISION CON DOS O MAS VEHICULOS,0,1,0,0,2025
4/10/2025,20,AU 25 DE MAYO,ASCENDENTE,1000,BUENO,SECA,0,0,COLISION CON DOS O MAS VEHICULOS,0,2,0,0,2025
5/10/2025,6,AV. CANTILO,ASCENDENTE,10200,LLUVIOSO,MOJADA/HUMEDA,0,0,COLISION CON OBSTACULO FIJO,0,1,0,0,2025
6/10/2025,7,AU DELLEPIANE,ASCENDENTE,1800,BUENO,SECA,0,0,COLISION CON DOS O MAS VEHICULOS,0,2,0,0,2025
6/10/2025,13,AU PERITO MORENO,DESCENDENTE,5700,BUENO,SECA,0,0,COLISION CON OBSTACULO FIJO,0,0,0,1,2025
7/10/2025,15,AU FRONDIZI,DESCENDENTE,1000,BUENO,SECA,1,0,COLISION CON DOS O MAS VEHICULOS,1,1,0,0,2025
7/10/2025,15,AV. CANTILO,ASCENDENTE,10300,BUENO,SECA,0,0,COLISION CON DOS O MAS VEHICULOS,0,1,0,1,2025
7/10/2025,20,AU DELLEPIANE,DESCENDENTE,3000,BUENO,SECA,0,0,COLISION CON DOS O MAS VEHICULOS,0,2,0,0,2025
8/10/2025,9,AU FRONDIZI,ASCENDENTE,2900,BUENO,SECA,0,0,COLISION CON DOS O MAS VEHICULOS,1,3,0,1,2025
8/10/2025,9,AV. LUGONES,DESCENDENTE,10000,BUENO,SECA,0,0,COLISION CON DOS O MAS VEHICULOS,0,1,0,0,2025
8/10/2025,20,AU 25 DE MAYO,DESCENDENTE,9200,BUENO,SECA,1,0,COLISION CON OBSTACULO FIJO,1,0,0,0,2025
9/10/2025,7,AV. LUGONES,DESCENDENTE,8200,BUENO,SECA,1,0,COLISION CON DOS O MAS VEHICULOS,1,1,0,0,2025
9/10/2025,12,AU ILLIA,DESCENDENTE,2300,BUENO,SECA,1,0,COLISION CON DOS O MAS VEHICULOS,1,1,0,0,2025
9/10/2025,16,AU 25 DE MAYO,ASCENDENTE,7700,BUENO,SECA,1,0,COLISION CON DOS O MAS VEHICULOS,1,1,0,0,2025
9/10/2025,18,AV. LUGONES,DESCENDENTE,9300,BUENO,SECA,0,0,COLISION CON DOS O MAS VEHICULOS,0,2,0,0,2025
9/10/2025,20,AU 25 DE MAYO,ASCENDENTE,1100,BUENO,SECA,1,0,COLISION CON DOS O MAS VEHICULOS,1,1,0,0,2025
10/10/2025,18,AV. LUGONES,DESCENDENTE,5500,BUENO,SECA,1,0,COLISION CON DOS O MAS VEHICULOS,0,2,0,0,2025
12/10/2025,3,PASEO DEL BAJO,ASCENDENTE,3800,BUENO,SECA,0,0,COLISION CON DOS O MAS VEHICULOS,0,2,0,0,2025
12/10/2025,11,AU 25 DE MAYO,DESCENDENTE,1600,BUENO,MOJADA/HUMEDA,0,0,COLISION CON OBSTACULO FIJO,0,1,0,0,2025
13/10/2025,9,AV. LUGONES,DESCENDENTE,6000,BUENO,SECA,1,0,COLISION CON DOS O MAS VEHICULOS,1,0,0,0,2025
13/10/2025,13,AU 25 DE MAYO,ASCENDENTE,1900,BUENO,SECA,0,0,COLISION CON DOS O MAS VEHICULOS,0,0,0,2,2025
13/10/2025,18,AU FRONDIZI,DESCENDENTE,1000,BUENO,SECA,0,0,COLISION CON DOS O MAS VEHICULOS,1,1,0,0,2025
14/10/2025,9,AU PERITO MORENO,ASCENDENTE,6000,BUENO,SECA,2,0,COLISION CON DOS O MAS VEHICULOS,1,1,0,0,2025
14/10/2025,21,AU PERITO MORENO,ASCENDENTE,5300,BUENO,SECA,0,0,COLISION CON OBSTACULO FIJO,0,1,0,0,2025
15/10/2025,7,AU 25 DE MAYO,ASCENDENTE,9100,BUENO,SECA,1,0,COLISION CON DOS O MAS VEHICULOS,1,1,0,0,2025
15/10/2025,7,AU 25 DE MAYO,ASCENDENTE,6300,BUENO,SECA,0,0,COLISION CON DOS O MAS VEHICULOS,0,2,0,0,2025
15/10/2025,14,AU CAMPORA,DESCENDENTE,800,BUENO,SECA,0,0,SINIESTRO DE UN SOLO VEHICULO / SIN COLISION,1,0,0,0,2025
15/10/2025,17,AU 25 DE MAYO,ASCENDENTE,300,BUENO,SECA,0,0,COLISION CON DOS O MAS VEHICULOS,0,1,0,1,2025
15/10/2025,19,AU 25 DE MAYO,ASCENDENTE,8700,BUENO,SECA,1,0,COLISION CON DOS O MAS VEHICULOS,0,1,0,0,2025
16/10/2025,8,AV. LUGONES,DESCENDENTE,7500,BUENO,SECA,0,0,COLISION CON DOS O MAS VEHICULOS,0,3,0,0,2025
16/10/2025,8,DIST. DELLEPIANE,RAMAL 11,-,BUENO,SECA,2,0,COLISION CON DOS O MAS VEHICULOS,2,0,0,0,2025
17/10/2025,9,AU 25 DE MAYO,ASCENDENTE,9000,LLUVIOSO,MOJADA/HUMEDA,1,0,COLISION CON DOS O MAS VEHICULOS,0,3,0,0,2025
17/10/2025,15,AV. CANTILO,ASCENDENTE,10500,BUENO,SECA,0,0,COLISION CON DOS O MAS VEHICULOS,1,1,0,0,2025
17/10/2025,16,AU 25 DE MAYO,DESCENDENTE,7600,BUENO,SECA,0,0,COLISION CON DOS O MAS VEHICULOS,0,3,0,0,2025
18/10/2025,7,AU FRONDIZI,DESCENDENTE,2100,BUENO,SECA,1,0,SINIESTRO DE UN SOLO VEHICULO / SIN COLISION,1,0,0,0,2025
18/10/2025,13,AU 25 DE MAYO,DESCENDENTE,3900,BUENO,SECA,0,0,OBSTACULO NO FIJO,1,2,0,0,2025
18/10/2025,21,AU FRONDIZI,ASCENDENTE,2100,BUENO,SECA,0,0,OBSTACULO NO FIJO,0,3,0,0,2025
19/10/2025,9,AU 25 DE MAYO,ASCENDENTE,3900,BUENO,SECA,1,0,COLISION CON OBSTACULO FIJO,1,0,0,0,2025
19/10/2025,12,AU DELLEPIANE,DESCENDENTE,2000,BUENO,SECA,0,0,COLISION CON DOS O MAS VEHICULOS,0,1,0,0,2025
20/10/2025,6,AV. LUGONES,DESCENDENTE,9200,BUENO,SECA,0,0,COLISION CON OBSTACULO FIJO,0,1,0,0,2025
20/10/2025,8,AU FRONDIZI,ASCENDENTE,1700,BUENO,SECA,1,0,COLISION CON DOS O MAS VEHICULOS,1,0,0,0,2025
20/10/2025,9,AU FRONDIZI,ASCENDENTE,1700,BUENO,SECA,0,0,COLISION CON DOS O MAS VEHICULOS,2,0,0,0,2025
20/10/2025,15,AU 25 DE MAYO,DESCENDENTE,4500,BUENO,SECA,1,0,OBSTACULO NO FIJO,1,1,0,0,2025
20/10/2025,15,AU 25 DE MAYO,ASCENDENTE,8000,BUENO,SECA,1,0,SINIESTRO DE UN SOLO VEHICULO / SIN COLISION,1,0,0,0,2025
20/10/2025,17,AU 25 DE MAYO,DESCENDENTE,7000,BUENO,SECA,0,0,SINIESTRO DE UN SOLO VEHICULO / SIN COLISION,1,0,0,0,2025
21/10/2025,8,AV. LUGONES,DESCENDENTE,7800,BUENO,SECA,1,0,COLISION CON DOS O MAS VEHICULOS,1,1,0,0,2025
21/10/2025,9,AU 25 DE MAYO,ASCENDENTE,800,BUENO,SECA,0,0,COLISION CON DOS O MAS VEHICULOS,0,2,0,0,2025
21/10/2025,9,PASEO DEL BAJO,ASCENDENTE,5000,BUENO,SECA,0,0,COLISION CON DOS O MAS VEHICULOS,0,1,0,1,2025
21/10/2025,11,AV. LUGONES,DESCENDENTE,9400,BUENO,SECA,0,0,COLISION CON DOS O MAS VEHICULOS,0,3,0,0,2025
21/10/2025,13,AU 25 DE MAYO,DESCENDENTE,8700,BUENO,SECA,0,0,COLISION CON DOS O MAS VEHICULOS,0,1,0,1,2025
21/10/2025,17,PTE. SCALABRINI ORTIZ,-,-,BUENO,SECA,0,0,COLISION CON DOS O MAS VEHICULOS,0,1,0,0,2025
21/10/2025,18,AU 25 DE MAYO,ASCENDENTE,500,BUENO,SECA,2,0,SINIESTRO DE UN SOLO VEHICULO / SIN COLISION,1,0,0,0,2025
22/10/2025,18,AU 25 DE MAYO,DESCENDENTE,1700,LLUVIOSO,MOJADA/HUMEDA,2,0,SINIESTRO DE UN SOLO VEHICULO / SIN COLISION,2,0,0,0,2025
23/10/2025,7,AU PERITO MORENO,DESCENDENTE,300,BUENO,SECA,0,0,COLISION CON OBSTACULO FIJO,0,1,0,0,2025
23/10/2025,20,AV. CANTILO,ASCENDENTE,8200,BUENO,SECA,0,0,COLISION CON DOS O MAS VEHICULOS,0,2,0,0,2025
23/10/2025,21,AV. LUGONES,DESCENDENTE,9200,BUENO,SECA,0,0,OBSTACULO NO FIJO,0,1,0,0,2025
24/10/2025,2,AU 25 DE MAYO,ASCENDENTE,3600,BUENO,MOJADA/HUMEDA,1,0,COLISION CON DOS O MAS VEHICULOS,0,2,0,0,2025
24/10/2025,7,AV. CANTILO,ASCENDENTE,10200,LLUVIOSO,MOJADA/HUMEDA,0,0,COLISION CON DOS O MAS VEHICULOS,0,2,0,0,2025
24/10/2025,19,AV. LUGONES,DESCENDENTE,6000,LLUVIOSO,MOJADA/HUMEDA,0,0,COLISION CON OBSTACULO FIJO,0,1,0,0,2025
25/10/2025,6,AV. LUGONES,DESCENDENTE,9000,LLUVIOSO,MOJADA/HUMEDA,0,0,COLISION CON OBSTACULO FIJO,0,1,0,0,2025
27/10/2025,10,AU DELLEPIANE,ASCENDENTE,4000,BUENO,SECA,0,0,COLISION CON DOS O MAS VEHICULOS,1,1,0,1,2025
27/10/2025,21,AV. CANTILO,ASCENDENTE,8500,BUENO,SECA,0,0,COLISION CON DOS O MAS VEHICULOS,0,1,0,1,2025
28/10/2025,15,AU 25 DE MAYO,DESCENDENTE,2100,BUENO,SECA,0,0,COLISION CON DOS O MAS VEHICULOS,0,2,0,0,2025
29/10/2025,7,AU 25 DE MAYO,ASCENDENTE,8900,BUENO,SECA,0,0,COLISION CON DOS O MAS VEHICULOS,0,2,0,0,2025
29/10/2025,16,AU FRONDIZI,ASCENDENTE,1900,BUENO,SECA,1,0,COLISION CON DOS O MAS VEHICULOS,0,1,0,1,2025
29/10/2025,17,AU 25 DE MAYO,DESCENDENTE,5900,BUENO,SECA,1,0,COLISION CON DOS O MAS VEHICULOS,2,0,0,0,2025
29/10/2025,17,AV. LUGONES,DESCENDENTE,9200,BUENO,SECA,0,0,COLISION CON DOS O MAS VEHICULOS,0,2,0,0,2025
29/10/2025,19,AU 25 DE MAYO,DESCENDENTE,5900,BUENO,SECA,0,0,COLISION CON DOS O MAS VEHICULOS,0,1,0,1,2025
29/10/2025,22,AU DELLEPIANE,ASCENDENTE,2700,BUENO,SECA,1,0,SINIESTRO DE UN SOLO VEHICULO / SIN COLISION,1,0,0,0,2025
30/10/2025,15,AU PERITO MORENO,ASCENDENTE,4300,BUENO,SECA,0,0,OBSTACULO NO FIJO,0,3,0,1,2025
31/10/2025,0,AU FRONDIZI,DESCENDENTE,2200,BUENO,SECA,2,0,SINIESTRO DE UN SOLO VEHICULO / SIN COLISION,1,0,0,0,2025
31/10/2025,8,AU 25 DE MAYO,DESCENDENTE,2500,BUENO,SECA,0,0,SINIESTRO DE UN SOLO VEHICULO / SIN COLISION,1,0,0,0,2025
31/10/2025,16,AU 25 DE MAYO,DESCENDENTE,900,BUENO,SECA,1,0,COLISION CON DOS O MAS VEHICULOS,0,4,0,0,2025
31/10/2025,17,AU CAMPORA,DESCENDENTE,3500,BUENO,SECA,2,0,COLISION CON DOS O MAS VEHICULOS,1,1,0,0,2025
31/10/2025,19,AU 25 DE MAYO,DESCENDENTE,6300,BUENO,SECA,0,0,COLISION CON DOS O MAS VEHICULOS,1,1,0,0,2025
1/11/2025,12,AU FRONDIZI,ASCENDENTE,2100,BUENO,SECA,0,0,COLISION CON DOS O MAS VEHICULOS,0,2,0,0,2025
2/11/2025,15,AU PERITO MORENO,ASCENDENTE,4700,BUENO,SECA,0,0,COLISION CON DOS O MAS VEHICULOS,0,1,0,0,2025
3/11/2025,8,AU DELLEPIANE,ASCENDENTE,1200,BUENO,SECA,0,0,COLISION CON DOS O MAS VEHICULOS,0,2,0,0,2025
4/11/2025,9,AU 25 DE MAYO,ASCENDENTE,3500,BUENO,SECA,1,0,COLISION CON DOS O MAS VEHICULOS,1,1,0,0,2025
5/11/2025,15,AU DELLEPIANE,ASCENDENTE,2300,BUENO,SECA,2,0,COLISION CON DOS O MAS VEHICULOS,0,2,0,0,2025
5/11/2025,15,AU 25 DE MAYO,DESCENDENTE,6700,BUENO,SECA,0,0,COLISION CON DOS O MAS VEHICULOS,1,1,0,0,2025
5/11/2025,18,AV. CANTILO,ASCENDENTE,10400,BUENO,SECA,0,0,COLISION CON DOS O MAS VEHICULOS,0,0,0,1,2025
5/11/2025,22,AU PERITO MORENO,DESCENDENTE,2300,BUENO,SECA,3,0,OBSTACULO NO FIJO,0,2,0,0,2025
6/11/2025,8,AU DELLEPIANE,ASCENDENTE,2500,BUENO,SECA,1,0,COLISION CON DOS O MAS VEHICULOS,2,0,0,0,2025
6/11/2025,18,AU PERITO MORENO,DESCENDENTE,3300,BUENO,SECA,1,0,COLISION CON DOS O MAS VEHICULOS,1,1,0,0,2025
6/11/2025,22,AU DELLEPIANE,DESCENDENTE,200,BUENO,SECA,0,0,COLISION CON OBSTACULO FIJO,0,1,0,0,2025
7/11/2025,4,AU 25 DE MAYO,ASCENDENTE,1400,BUENO,SECA,4,0,COLISION CON DOS O MAS VEHICULOS,1,2,0,1,2025
7/11/2025,9,AU 25 DE MAYO,ASCENDENTE,0,LLUVIOSO,MOJADA/HUMEDA,0,0,COLISION CON DOS O MAS VEHICULOS,0,1,0,1,2025
7/11/2025,10,AV. LUGONES,DESCENDENTE,6800,BUENO,MOJADA/HUMEDA,0,0,COLISION CON DOS O MAS VEHICULOS,0,1,0,0,2025
7/11/2025,12,AU CAMPORA,ASCENDENTE,500,LLUVIOSO,MOJADA/HUMEDA,3,0,COLISION CON DOS O MAS VEHICULOS,0,1,0,2,2025
7/11/2025,18,AU FRONDIZI,DESCENDENTE,2900,LLUVIOSO,MOJADA/HUMEDA,0,0,COLISION CON DOS O MAS VEHICULOS,0,1,0,0,2025
8/11/2025,2,AU PERITO MORENO,DESCENDENTE,200,LLUVIOSO,MOJADA/HUMEDA,0,0,COLISION CON OBSTACULO FIJO,0,1,0,0,2025
8/11/2025,13,AV. LUGONES,DESCENDENTE,7000,BUENO,SECA,1,0,COLISION CON DOS O MAS VEHICULOS,1,1,0,0,2025
8/11/2025,18,AU DELLEPIANE,ASCENDENTE,500,BUENO,SECA,0,0,COLISION CON DOS O MAS VEHICULOS,0,2,0,0,2025
8/11/2025,22,AV. CANTILO,ASCENDENTE,8000,BUENO,SECA,0,0,COLISION CON DOS O MAS VEHICULOS,1,1,0,0,2025
10/11/2025,9,AU ILLIA,DESCENDENTE,4000,BUENO,SECA,0,0,COLISION CON DOS O MAS VEHICULOS,0,2,0,0,2025
10/11/2025,12,AV. LUGONES,DESCENDENTE,9000,BUENO,SECA,1,0,COLISION CON DOS O MAS VEHICULOS,1,0,0,0,2025
10/11/2025,16,AU DELLEPIANE,ASCENDENTE,600,BUENO,SECA,1,0,SINIESTRO DE UN SOLO VEHICULO / SIN COLISION,1,0,0,0,2025
11/11/2025,3,DIST. DELLEPIANE,RAMAL 5,-,BUENO,SECA,0,0,COLISION CON OBSTACULO FIJO,0,0,0,1,2025
11/11/2025,9,AU 25 DE MAYO,ASCENDENTE,4800,BUENO,SECA,0,0,COLISION CON DOS O MAS VEHICULOS,0,2,0,0,2025
11/11/2025,11,AV. LUGONES,DESCENDENTE,4900,BUENO,SECA,1,0,SINIESTRO DE UN SOLO VEHICULO / SIN COLISION,1,0,0,0,2025
12/11/2025,7,AV. LUGONES,DESCENDENTE,6000,BUENO,SECA,1,0,COLISION CON DOS O MAS VEHICULOS,1,1,0,0,2025
12/11/2025,8,AU 25 DE MAYO,ASCENDENTE,2800,BUENO,SECA,1,0,COLISION CON DOS O MAS VEHICULOS,2,0,0,0,2025
13/11/2025,14,AV. LUGONES,DESCENDENTE,8800,BUENO,SECA,1,0,SINIESTRO DE UN SOLO VEHICULO / SIN COLISION,1,0,0,0,2025
13/11/2025,15,AU 25 DE MAYO,ASCENDENTE,9200,BUENO,SECA,0,0,COLISION CON DOS O MAS VEHICULOS,1,0,0,0,2025
14/11/2025,0,AU PERITO MORENO,DESCENDENTE,5400,BUENO,SECA,0,0,COLISION CON OBSTACULO FIJO,0,1,0,0,2025
14/11/2025,10,AU ILLIA,ASCENDENTE,2300,BUENO,SECA,1,0,COLISION CON DOS O MAS VEHICULOS,1,1,0,0,2025
14/11/2025,10,AU 25 DE MAYO,DESCENDENTE,7700,BUENO,SECA,1,0,COLISION CON OBSTACULO FIJO,0,3,0,2,2025
14/11/2025,14,AU DELLEPIANE,DESCENDENTE,1000,BUENO,SECA,1,0,COLISION CON DOS O MAS VEHICULOS,1,1,0,0,2025
14/11/2025,14,AU 25 DE MAYO,DESCENDENTE,900,BUENO,SECA,1,0,COLISION CON DOS O MAS VEHICULOS,0,1,0,0,2025
14/11/2025,15,AV. LUGONES,DESCENDENTE,9200,BUENO,SECA,1,0,OBSTACULO NO FIJO,1,0,0,1,2025
14/11/2025,17,AU FRONDIZI,ASCENDENTE,2000,BUENO,SECA,1,0,SINIESTRO DE UN SOLO VEHICULO / SIN COLISION,1,0,0,0,2025
15/11/2025,16,AU DELLEPIANE,ASCENDENTE,1200,BUENO,SECA,2,0,COLISION CON DOS O MAS VEHICULOS,0,1,0,1,2025
16/11/2025,1,AU PERITO MORENO,ASCENDENTE,6000,LLUVIOSO,MOJADA/HUMEDA,0,0,COLISION CON DOS O MAS VEHICULOS,0,2,0,0,2025
16/11/2025,7,AU 25 DE MAYO,ASCENDENTE,5600,BUENO,MOJADA/HUMEDA,0,0,COLISION CON DOS O MAS VEHICULOS,0,2,0,0,2025
18/11/2025,7,AU FRONDIZI,ASCENDENTE,1500,BUENO,SECA,0,0,COLISION CON DOS O MAS VEHICULOS,0,1,0,0,2025
18/11/2025,7,AU 25 DE MAYO,DESCENDENTE,6100,BUENO,SECA,2,0,SINIESTRO DE UN SOLO VEHICULO / SIN COLISION,1,0,0,0,2025
18/11/2025,16,AV. CANTILO,ASCENDENTE,7000,BUENO,SECA,2,0,COLISION CON DOS O MAS VEHICULOS,0,2,0,1,2025
18/11/2025,16,AU 25 DE MAYO,DESCENDENTE,4500,BUENO,SECA,0,0,COLISION CON DOS O MAS VEHICULOS,0,1,0,1,2025
19/11/2025,10,AU CAMPORA,ASCENDENTE,500,BUENO,SECA,2,0,SINIESTRO DE UN SOLO VEHICULO / SIN COLISION,1,0,0,0,2025
19/11/2025,19,AU 25 DE MAYO,ASCENDENTE,7100,BUENO,SECA,1,0,COLISION CON OBSTACULO FIJO,0,0,0,1,2025
20/11/2025,5,AV. LUGONES,DESCENDENTE,8700,BUENO,SECA,0,0,COLISION CON DOS O MAS VEHICULOS,0,1,0,0,2025
20/11/2025,13,AU 25 DE MAYO,ASCENDENTE,500,BUENO,SECA,0,0,COLISION CON DOS O MAS VEHICULOS,0,1,0,1,2025
20/11/2025,17,AU 25 DE MAYO,ASCENDENTE,4400,LLUVIOSO,MOJADA/HUMEDA,0,0,COLISION CON DOS O MAS VEHICULOS,0,0,0,2,2025
21/11/2025,6,AU DELLEPIANE,DESCENDENTE,700,BUENO,MOJADA/HUMEDA,2,0,COLISION CON DOS O MAS VEHICULOS,0,2,0,0,2025
21/11/2025,7,AU DELLEPIANE,ASCENDENTE,4500,BUENO,SECA,1,0,COLISION CON OBSTACULO FIJO,1,0,0,0,2025
21/11/2025,11,AU DELLEPIANE,DESCENDENTE,1000,LLUVIOSO,MOJADA/HUMEDA,0,0,COLISION CON DOS O MAS VEHICULOS,0,1,0,0,2025
21/11/2025,13,AV. LUGONES,DESCENDENTE,8000,BUENO,SECA,0,0,OBSTACULO NO FIJO,0,2,0,0,2025
22/11/2025,2,AU 25 DE MAYO,DESCENDENTE,2000,BUENO,SECA,0,0,COLISION CON DOS O MAS VEHICULOS,0,2,0,0,2025
22/11/2025,6,AV. LUGONES,DESCENDENTE,7800,LLUVIOSO,MOJADA/HUMEDA,0,0,COLISION CON DOS O MAS VEHICULOS,0,2,0,0,2025
22/11/2025,12,AU DELLEPIANE,ASCENDENTE,1600,BUENO,SECA,0,0,COLISION CON DOS O MAS VEHICULOS,0,2,0,0,2025
22/11/2025,15,AU FRONDIZI,DESCENDENTE,2400,BUENO,SECA,1,0,COLISION CON DOS O MAS VEHICULOS,1,2,0,0,2025
23/11/2025,16,AU 25 DE MAYO,ASCENDENTE,9000,BUENO,SECA,0,0,COLISION CON DOS O MAS VEHICULOS,0,1,0,0,2025
23/11/2025,21,AU 25 DE MAYO,DESCENDENTE,6400,BUENO,SECA,1,0,COLISION CON DOS O MAS VEHICULOS,0,1,0,1,2025
23/11/2025,23,AU 25 DE MAYO,DESCENDENTE,0,BUENO,SECA,0,0,COLISION CON OBSTACULO FIJO,0,1,0,0,2025
25/11/2025,8,AU DELLEPIANE,ASCENDENTE,2300,BUENO,SECA,1,0,COLISION CON DOS O MAS VEHICULOS,1,1,0,3,2025
25/11/2025,10,AU DELLEPIANE,ASCENDENTE,1500,BUENO,SECA,0,0,COLISION CON DOS O MAS VEHICULOS,1,0,1,0,2025
25/11/2025,16,AU 25 DE MAYO,DESCENDENTE,1000,BUENO,SECA,0,0,COLISION CON DOS O MAS VEHICULOS,2,0,0,0,2025
25/11/2025,18,AU PERITO MORENO,DESCENDENTE,800,BUENO,SECA,2,0,COLISION CON DOS O MAS VEHICULOS,1,1,0,0,2025
26/11/2025,6,AV. LUGONES,DESCENDENTE,4300,BUENO,SECA,0,0,COLISION CON DOS O MAS VEHICULOS,0,1,0,1,2025
26/11/2025,11,AV. LUGONES,DESCENDENTE,10000,BUENO,SECA,0,0,COLISION CON DOS O MAS VEHICULOS,0,4,0,0,2025
26/11/2025,15,AU FRONDIZI,DESCENDENTE,2100,BUENO,SECA,1,0,SINIESTRO DE UN SOLO VEHICULO / SIN COLISION,1,0,0,0,2025
26/11/2025,18,AU PERITO MORENO,DESCENDENTE,4400,BUENO,SECA,0,0,COLISION CON DOS O MAS VEHICULOS,1,1,0,0,2025
27/11/2025,8,AU FRONDIZI,DESCENDENTE,1600,BUENO,SECA,1,0,COLISION CON OBSTACULO FIJO,0,1,0,0,2025
27/11/2025,12,AU PERITO MORENO,DESCENDENTE,100,BUENO,SECA,0,0,COLISION CON DOS O MAS VEHICULOS,0,1,1,0,2025
27/11/2025,17,DIST. 9 DE JULIO,RAMAL 6,-,BUENO,SECA,0,0,COLISION CON DOS O MAS VEHICULOS,0,2,0,1,2025
28/11/2025,6,AU 25 DE MAYO,DESCENDENTE,7600,BUENO,SECA,0,0,COLISION CON DOS O MAS VEHICULOS,0,0,0,2,2025
28/11/2025,8,AV. CANTILO,ASCENDENTE,7400,BUENO,SECA,0,0,COLISION CON DOS O MAS VEHICULOS,0,2,0,0,2025
28/11/2025,8,AU 25 DE MAYO,ASCENDENTE,9100,BUENO,SECA,1,0,COLISION CON DOS O MAS VEHICULOS,0,1,0,0,2025
28/11/2025,10,AV. CANTILO,ASCENDENTE,10300,BUENO,SECA,0,0,COLISION CON DOS O MAS VEHICULOS,0,1,0,1,2025
28/11/2025,20,AU DELLEPIANE,ASCENDENTE,1600,BUENO,SECA,0,0,COLISION CON DOS O MAS VEHICULOS,0,1,0,0,2025
28/11/2025,20,AU DELLEPIANE,DESCENDENTE,1700,BUENO,SECA,0,0,COLISION CON DOS O MAS VEHICULOS,0,1,0,1,2025
29/11/2025,3,PASEO DEL BAJO,DESCENDENTE,6200,BUENO,SECA,2,0,COLISION CON OBSTACULO FIJO,0,1,0,0,2025
29/11/2025,13,AU ILLIA,ASCENDENTE,6800,LLUVIOSO,MOJADA/HUMEDA,0,0,COLISION CON DOS O MAS VEHICULOS,0,1,0,1,2025
29/11/2025,14,AU DELLEPIANE,ASCENDENTE,4300,LLUVIOSO,SECA,0,0,COLISION CON OBSTACULO FIJO,0,1,0,0,2025
29/11/2025,18,AV. LUGONES,DESCENDENTE,8500,LLUVIOSO,MOJADA/HUMEDA,1,0,COLISION CON DOS O MAS VEHICULOS,1,1,0,0,2025
30/11/2025,6,AU 25 DE MAYO,DESCENDENTE,2200,BUENO,SECA,1,0,COLISION CON OBSTACULO FIJO,0,2,0,0,2025
1/12/2025,3,PASEO DEL BAJO,DESCENDENTE,3500,LLUVIOSO,MOJADA/HUMEDA,0,0,COLISION CON DOS O MAS VEHICULOS,0,1,0,1,2025
1/12/2025,8,AU CAMPORA,ASCENDENTE,600,BUENO,SECA,1,0,COLISION CON DOS O MAS VEHICULOS,0,2,0,1,2025
1/12/2025,11,AU FRONDIZI,DESCENDENTE,1600,BUENO,SECA,0,0,COLISION CON DOS O MAS VEHICULOS,0,1,1,0,2025
1/12/2025,13,AU FRONDIZI,ASCENDENTE,2700,BUENO,SECA,1,0,COLISION CON DOS O MAS VEHICULOS,1,1,0,0,2025
1/12/2025,13,AU PERITO MORENO,ASCENDENTE,6100,BUENO,SECA,0,0,COLISION CON OBSTACULO FIJO,0,1,0,0,2025
1/12/2025,17,AU 25 DE MAYO,DESCENDENTE,2800,BUENO,SECA,0,0,OBSTACULO NO FIJO,0,1,0,1,2025
1/12/2025,20,AU FRONDIZI,DESCENDENTE,1500,BUENO,SECA,1,0,COLISION CON DOS O MAS VEHICULOS,2,0,0,1,2025
2/12/2025,6,DIST. 9 DE JULIO,RAMAL 3,-,BUENO,SECA,0,0,COLISION CON DOS O MAS VEHICULOS,0,3,0,0,2025
2/12/2025,12,AU 25 DE MAYO,DESCENDENTE,0,BUENO,SECA,0,0,SINIESTRO DE UN SOLO VEHICULO / SIN COLISION,1,0,0,0,2025
2/12/2025,17,AU 25 DE MAYO,DESCENDENTE,4200,BUENO,SECA,0,0,COLISION CON DOS O MAS VEHICULOS,1,2,0,0,2025
2/12/2025,17,AU 25 DE MAYO,DESCENDENTE,4200,BUENO,SECA,0,0,COLISION CON DOS O MAS VEHICULOS,0,1,0,1,2025
3/12/2025,12,AU PERITO MORENO,ASCENDENTE,400,BUENO,SECA,1,0,COLISION CON DOS O MAS VEHICULOS,1,0,0,0,2025
3/12/2025,15,AU FRONDIZI,ASCENDENTE,2100,BUENO,SECA,1,0,COLISION CON DOS O MAS VEHICULOS,1,1,0,0,2025
4/12/2025,18,AU ILLIA,DESCENDENTE,0,BUENO,SECA,0,0,COLISION CON DOS O MAS VEHICULOS,0,1,0,0,2025
4/12/2025,22,AV. LUGONES,DESCENDENTE,4500,BUENO,SECA,1,0,COLISION CON DOS O MAS VEHICULOS,0,2,0,0,2025
5/12/2025,1,DIST. 9 DE JULIO,RAMAL 3,-,BUENO,SECA,1,0,SINIESTRO DE UN SOLO VEHICULO / SIN COLISION,1,0,0,0,2025
5/12/2025,15,PASEO DEL BAJO,DESCENDENTE,1200,BUENO,SECA,1,0,COLISION CON DOS O MAS VEHICULOS,1,1,0,1,2025
5/12/2025,16,AU FRONDIZI,DESCENDENTE,700,BUENO,SECA,1,0,COLISION CON DOS O MAS VEHICULOS,0,3,0,0,2025
5/12/2025,23,AV. LUGONES,DESCENDENTE,6500,BUENO,SECA,0,0,COLISION CON DOS O MAS VEHICULOS,0,2,0,0,2025
6/12/2025,5,AV. LUGONES,DESCENDENTE,9200,BUENO,SECA,0,0,COLISION CON DOS O MAS VEHICULOS,1,0,0,0,2025
7/12/2025,1,AU 25 DE MAYO,ASCENDENTE,9100,BUENO,SECA,0,0,COLISION CON DOS O MAS VEHICULOS,0,2,0,0,2025
7/12/2025,3,AU 25 DE MAYO,DESCENDENTE,6400,BUENO,SECA,0,0,COLISION CON DOS O MAS VEHICULOS,0,3,0,0,2025
7/12/2025,6,AU DELLEPIANE,DESCENDENTE,3100,BUENO,SECA,1,0,COLISION CON DOS O MAS VEHICULOS,0,3,0,0,2025
7/12/2025,8,AU FRONDIZI,DESCENDENTE,2000,BUENO,SECA,0,0,COLISION CON OBSTACULO FIJO,0,1,0,0,2025
7/12/2025,14,AU DELLEPIANE,DESCENDENTE,3200,BUENO,SECA,3,0,COLISION CON DOS O MAS VEHICULOS,0,3,0,0,2025
9/12/2025,11,AV. LUGONES,DESCENDENTE,7100,LLUVIOSO,MOJADA/HUMEDA,1,0,COLISION CON DOS O MAS VEHICULOS,0,2,0,0,2025
9/12/2025,13,AU 25 DE MAYO,DESCENDENTE,7700,LLUVIOSO,MOJADA/HUMEDA,0,0,COLISION CON DOS O MAS VEHICULOS,1,0,0,1,2025
10/12/2025,0,AU DELLEPIANE,DESCENDENTE,4600,BUENO,SECA,1,0,COLISION CON OBSTACULO FIJO,0,1,0,0,2025
10/12/2025,1,AU FRONDIZI,DESCENDENTE,3000,BUENO,SECA,1,0,COLISION CON DOS O MAS VEHICULOS,1,1,0,0,2025
10/12/2025,1,PASEO DEL BAJO,DESCENDENTE,4200,BUENO,SECA,0,0,OBSTACULO NO FIJO,0,0,0,1,2025
10/12/2025,18,AU 25 DE MAYO,ASCENDENTE,9000,BUENO,SECA,0,0,COLISION CON DOS O MAS VEHICULOS,0,2,0,0,2025
10/12/2025,22,AU FRONDIZI,ASCENDENTE,2100,BUENO,SECA,0,0,COLISION CON DOS O MAS VEHICULOS,0,2,0,0,2025
11/12/2025,8,AU FRONDIZI,ASCENDENTE,1000,BUENO,SECA,1,0,COLISION CON DOS O MAS VEHICULOS,1,1,0,0,2025
11/12/2025,12,AU 25 DE MAYO,DESCENDENTE,2500,BUENO,SECA,0,0,COLISION CON DOS O MAS VEHICULOS,0,4,0,1,2025
11/12/2025,15,AV. CANTILO,ASCENDENTE,9000,BUENO,SECA,0,0,COLISION CON DOS O MAS VEHICULOS,0,1,0,1,2025
11/12/2025,21,AU DELLEPIANE,DESCENDENTE,3900,BUENO,SECA,0,0,COLISION CON OBSTACULO FIJO,0,1,0,0,2025
12/12/2025,12,AU 25 DE MAYO,ASCENDENTE,2600,BUENO,SECA,3,0,COLISION CON OBSTACULO FIJO,0,1,0,0,2025
12/12/2025,16,AU FRONDIZI,ASCENDENTE,2200,BUENO,SECA,0,0,SINIESTRO DE UN SOLO VEHICULO / SIN COLISION,1,0,0,0,2025
12/12/2025,20,AU 25 DE MAYO,ASCENDENTE,8200,BUENO,SECA,1,0,COLISION CON OBSTACULO FIJO,1,0,0,0,2025
12/12/2025,20,AU PERITO MORENO,DESCENDENTE,400,BUENO,SECA,1,0,COLISION CON DOS O MAS VEHICULOS,1,1,0,0,2025
13/12/2025,7,AU PERITO MORENO,ASCENDENTE,600,BUENO,SECA,1,0,COLISION CON DOS O MAS VEHICULOS,1,0,0,1,2025
13/12/2025,16,AU PERITO MORENO,DESCENDENTE,1000,BUENO,SECA,0,0,COLISION CON DOS O MAS VEHICULOS,1,1,0,0,2025
13/12/2025,17,AV. LUGONES,DESCENDENTE,10100,BUENO,SECA,1,0,SINIESTRO DE UN SOLO VEHICULO / SIN COLISION,1,0,0,0,2025
14/12/2025,3,DIST. DELLEPIANE,RAMAL 5,-,BUENO,SECA,0,0,COLISION CON OBSTACULO FIJO,0,1,0,0,2025
15/12/2025,7,AU DELLEPIANE,ASCENDENTE,100,BUENO,SECA,1,0,COLISION CON OBSTACULO FIJO,1,1,0,0,2025
16/12/2025,0,AU PERITO MORENO,DESCENDENTE,5400,BUENO,SECA,1,0,COLISION CON OBSTACULO FIJO,0,1,0,0,2025
16/12/2025,13,AV. LUGONES,DESCENDENTE,7000,BUENO,SECA,0,0,OBSTACULO NO FIJO,0,2,0,0,2025
16/12/2025,17,AU 25 DE MAYO,DESCENDENTE,1700,BUENO,SECA,0,0,COLISION CON DOS O MAS VEHICULOS,0,3,0,0,2025
17/12/2025,11,TRANSICION RAMAL 3,RAMAL DE ENLACE,-,BUENO,SECA,0,0,COLISION CON DOS O MAS VEHICULOS,0,2,0,0,2025
17/12/2025,12,AU PERITO MORENO,ASCENDENTE,3500,BUENO,SECA,0,0,COLISION CON DOS O MAS VEHICULOS,0,5,0,0,2025
17/12/2025,12,PASEO DEL BAJO,DESCENDENTE,4900,BUENO,SECA,0,0,COLISION CON DOS O MAS VEHICULOS,0,0,0,2,2025
17/12/2025,13,AU FRONDIZI,DESCENDENTE,2100,BUENO,SECA,1,0,SINIESTRO DE UN SOLO VEHICULO / SIN COLISION,1,0,0,0,2025
17/12/2025,17,AU 25 DE MAYO,DESCENDENTE,4800,BUENO,SECA,1,0,COLISION CON DOS O MAS VEHICULOS,1,1,0,0,2025
17/12/2025,19,AU PERITO MORENO,DESCENDENTE,3600,BUENO,SECA,1,0,COLISION CON DOS O MAS VEHICULOS,1,0,1,0,2025
18/12/2025,7,AV. LUGONES,DESCENDENTE,9800,BUENO,SECA,0,0,OBSTACULO NO FIJO,1,0,0,0,2025
18/12/2025,9,AU DELLEPIANE,ASCENDENTE,4300,BUENO,SECA,1,0,COLISION CON DOS O MAS VEHICULOS,1,1,0,0,2025
18/12/2025,9,AU PERITO MORENO,ASCENDENTE,300,BUENO,SECA,0,0,COLISION CON DOS O MAS VEHICULOS,1,1,0,0,2025
18/12/2025,13,AU DELLEPIANE,ASCENDENTE,700,BUENO,SECA,1,0,SINIESTRO DE UN SOLO VEHICULO / SIN COLISION,1,0,0,0,2025
18/12/2025,20,AV. LUGONES,DESCENDENTE,10300,BUENO,SECA,0,0,COLISION CON DOS O MAS VEHICULOS,1,1,0,0,2025
19/12/2025,11,AU 25 DE MAYO,DESCENDENTE,2400,BUENO,SECA,1,0,COLISION CON DOS O MAS VEHICULOS,1,1,0,0,2025
19/12/2025,14,AU DELLEPIANE,ASCENDENTE,2500,BUENO,SECA,0,0,COLISION CON OBSTACULO FIJO,0,1,0,0,2025
19/12/2025,17,AU 25 DE MAYO,DESCENDENTE,4400,BUENO,SECA,0,0,COLISION CON DOS O MAS VEHICULOS,0,3,0,0,2025
19/12/2025,21,AV. CANTILO,ASCENDENTE,10200,BUENO,SECA,0,0,COLISION CON DOS O MAS VEHICULOS,0,0,0,2,2025
20/12/2025,0,AU 25 DE MAYO,DESCENDENTE,5600,BUENO,SECA,0,0,COLISION CON DOS O MAS VEHICULOS,1,1,0,0,2025
20/12/2025,0,AU PERITO MORENO,DESCENDENTE,4500,BUENO,SECA,1,0,COLISION CON DOS O MAS VEHICULOS,1,1,0,0,2025
20/12/2025,4,PASEO DEL BAJO,DESCENDENTE,3000,BUENO,SECA,0,0,COLISION CON DOS O MAS VEHICULOS,0,1,0,0,2025
20/12/2025,5,AU PERITO MORENO,DESCENDENTE,2700,BUENO,SECA,0,0,COLISION CON OBSTACULO FIJO,1,0,0,0,2025
21/12/2025,21,AU PERITO MORENO,DESCENDENTE,4600,BUENO,SECA,2,0,COLISION CON DOS O MAS VEHICULOS,1,1,0,0,2025
22/12/2025,8,AU DELLEPIANE,ASCENDENTE,500,BUENO,SECA,1,0,SINIESTRO DE UN SOLO VEHICULO / SIN COLISION,1,0,0,0,2025
22/12/2025,18,AV. CANTILO,ASCENDENTE,8000,BUENO,SECA,0,0,COLISION CON DOS O MAS VEHICULOS,0,1,0,1,2025
23/12/2025,0,AU FRONDIZI,DESCENDENTE,1900,BUENO,SECA,1,0,SINIESTRO DE UN SOLO VEHICULO / SIN COLISION,1,0,0,0,2025
23/12/2025,17,AU 25 DE MAYO,ASCENDENTE,8000,BUENO,SECA,1,0,COLISION CON DOS O MAS VEHICULOS,0,3,0,0,2025
23/12/2025,18,AU DELLEPIANE,DESCENDENTE,4100,BUENO,SECA,1,0,COLISION CON DOS O MAS VEHICULOS,1,0,0,0,2025
25/12/2025,21,AU FRONDIZI,ASCENDENTE,3400,BUENO,SECA,0,0,COLISION CON DOS O MAS VEHICULOS,0,2,0,0,2025
26/12/2025,1,AU FRONDIZI,DESCENDENTE,2800,BUENO,SECA,0,0,COLISION CON DOS O MAS VEHICULOS,0,2,0,0,2025
27/12/2025,1,AU PERITO MORENO,DESCENDENTE,5100,BUENO,SECA,2,0,SINIESTRO DE UN SOLO VEHICULO / SIN COLISION,1,0,0,0,2025
27/12/2025,19,AU 25 DE MAYO,DESCENDENTE,1500,BUENO,SECA,2,0,SINIESTRO DE UN SOLO VEHICULO / SIN COLISION,1,0,0,0,2025
28/12/2025,4,AU 25 DE MAYO,DESCENDENTE,4500,BUENO,SECA,1,0,COLISION CON OBSTACULO FIJO,1,0,0,0,2025
28/12/2025,17,AU DELLEPIANE,DESCENDENTE,3000,BUENO,SECA,0,0,COLISION CON OBSTACULO FIJO,0,1,0,0,2025
28/12/2025,18,AU PERITO MORENO,ASCENDENTE,3100,BUENO,SECA,2,0,COLISION CON OBSTACULO FIJO,0,1,0,0,2025
28/12/2025,18,AU PERITO MORENO,ASCENDENTE,1900,BUENO,SECA,0,0,COLISION CON DOS O MAS VEHICULOS,0,2,0,0,2025
29/12/2025,6,AU ILLIA,ASCENDENTE,6900,BUENO,SECA,1,0,SINIESTRO DE UN SOLO VEHICULO / SIN COLISION,1,0,0,0,2025
29/12/2025,7,AV. LUGONES,DESCENDENTE,8700,BUENO,SECA,0,0,COLISION CON DOS O MAS VEHICULOS,1,1,0,0,2025
29/12/2025,15,AU DELLEPIANE,DESCENDENTE,1000,BUENO,SECA,0,0,COLISION CON DOS O MAS VEHICULOS,0,1,0,1,2025
30/12/2025,16,AU ILLIA,DESCENDENTE,2400,BUENO,SECA,0,0,COLISION CON OBSTACULO FIJO,0,1,0,0,2025
31/12/2025,5,AU PERITO MORENO,DESCENDENTE,5400,BUENO,SECA,0,0,COLISION CON OBSTACULO FIJO,0,0,0,1,2025
31/12/2025,6,AU DELLEPIANE,ASCENDENTE,4000,BUENO,SECA,0,0,COLISION CON OBSTACULO FIJO,0,1,0,0,2025
31/12/2025,9,AU 25 DE MAYO,ASCENDENTE,500,BUENO,SECA,0,0,COLISION CON OBSTACULO FIJO,0,1,0,0,2025
31/12/2025,13,AU 25 DE MAYO,ASCENDENTE,1700,BUENO,SECA,0,0,COLISION CON DOS O MAS VEHICULOS,0,2,0,0,2025
31/12/2025,14,AU 25 DE MAYO,ASCENDENTE,4900,BUENO,SECA,0,0,COLISION CON OBSTACULO FIJO,0,1,0,0,2025
