fecha_conteo,ubicacion_conteo,longitud_conteo,latitud_conteo,comuna_conteo,especificacion_via_conteos,sentido_circulacion_conteo,conteo_vehiculos
2024-01-03,ALVAREZ THOMAS AV. 1294,-58.459831,-34.578312,Comuna 13,calle_avenida,oeste,26667.0
2024-01-10,ALVAREZ THOMAS AV. 1294,-58.459831,-34.578312,Comuna 13,calle_avenida,oeste,27674.0
2024-01-17,ALVAREZ THOMAS AV. 1294,-58.459831,-34.578312,Comuna 13,calle_avenida,oeste,26007.0
2024-01-24,ALVAREZ THOMAS AV. 1294,-58.459831,-34.578312,Comuna 13,calle_avenida,oeste,25205.0
2024-01-31,ALVAREZ THOMAS AV. 1294,-58.459831,-34.578312,Comuna 13,calle_avenida,oeste,29462.0
2024-02-07,ALVAREZ THOMAS AV. 1294,-58.459831,-34.578312,Comuna 13,calle_avenida,oeste,32620.0
2024-02-14,ALVAREZ THOMAS AV. 1294,-58.459831,-34.578312,Comuna 13,calle_avenida,oeste,31230.0
2024-02-21,ALVAREZ THOMAS AV. 1294,-58.459831,-34.578312,Comuna 13,calle_avenida,oeste,28277.0
2024-02-28,ALVAREZ THOMAS AV. 1294,-58.459831,-34.578312,Comuna 13,calle_avenida,oeste,28257.0
2024-03-06,ALVAREZ THOMAS AV. 1294,-58.459831,-34.578312,Comuna 13,calle_avenida,oeste,29773.0
2024-03-13,ALVAREZ THOMAS AV. 1294,-58.459831,-34.578312,Comuna 13,calle_avenida,oeste,30469.0
2024-03-20,ALVAREZ THOMAS AV. 1294,-58.459831,-34.578312,Comuna 13,calle_avenida,oeste,28081.0
2024-03-27,ALVAREZ THOMAS AV. 1294,-58.459831,-34.578312,Comuna 13,calle_avenida,oeste,32124.0
2024-04-03,ALVAREZ THOMAS AV. 1294,-58.459831,-34.578312,Comuna 13,calle_avenida,oeste,30424.0
2024-04-10,ALVAREZ THOMAS AV. 1294,-58.459831,-34.578312,Comuna 13,calle_avenida,oeste,24960.0
2024-04-17,ALVAREZ THOMAS AV. 1294,-58.459831,-34.578312,Comuna 13,calle_avenida,oeste,28947.0
2024-04-24,ALVAREZ THOMAS AV. 1294,-58.459831,-34.578312,Comuna 13,calle_avenida,oeste,28850.0
2024-05-01,ALVAREZ THOMAS AV. 1294,-58.459831,-34.578312,Comuna 13,calle_avenida,oeste,23161.0
2024-05-08,ALVAREZ THOMAS AV. 1294,-58.459831,-34.578312,Comuna 13,calle_avenida,oeste,27685.0
2024-05-15,ALVAREZ THOMAS AV. 1294,-58.459831,-34.578312,Comuna 13,calle_avenida,oeste,27052.0
2024-05-22,ALVAREZ THOMAS AV. 1294,-58.459831,-34.578312,Comuna 13,calle_avenida,oeste,26032.0
2024-05-29,ALVAREZ THOMAS AV. 1294,-58.459831,-34.578312,Comuna 13,calle_avenida,oeste,26680.0
2024-06-05,ALVAREZ THOMAS AV. 1294,-58.459831,-34.578312,Comuna 13,calle_avenida,oeste,32868.0
2024-06-12,ALVAREZ THOMAS AV. 1294,-58.459831,-34.578312,Comuna 13,calle_avenida,oeste,33539.0
2024-06-19,ALVAREZ THOMAS AV. 1294,-58.459831,-34.578312,Comuna 13,calle_avenida,oeste,31559.0
2024-06-26,ALVAREZ THOMAS AV. 1294,-58.459831,-34.578312,Comuna 13,calle_avenida,oeste,31793.0
2024-07-03,ALVAREZ THOMAS AV. 1294,-58.459831,-34.578312,Comuna 13,calle_avenida,oeste,30940.0
2024-07-10,ALVAREZ THOMAS AV. 1294,-58.459831,-34.578312,Comuna 13,calle_avenida,oeste,29883.0
2024-07-17,ALVAREZ THOMAS AV. 1294,-58.459831,-34.578312,Comuna 13,calle_avenida,oeste,29103.0
2024-07-24,ALVAREZ THOMAS AV. 1294,-58.459831,-34.578312,Comuna 13,calle_avenida,oeste,28970.0
2024-07-31,ALVAREZ THOMAS AV. 1294,-58.459831,-34.578312,Comuna 13,calle_avenida,oeste,30481.0
2024-01-03,CABILDO AV. 1716,-58.453855,-34.565367,Comuna 13,calle_avenida,sur,9185.0
2024-01-10,CABILDO AV. 1716,-58.453855,-34.565367,Comuna 13,calle_avenida,sur,9121.0
2024-01-17,CABILDO AV. 1716,-58.453855,-34.565367,Comuna 13,calle_avenida,sur,8461.0
2024-01-24,CABILDO AV. 1716,-58.453855,-34.565367,Comuna 13,calle_avenida,sur,8008.0
2024-01-31,CABILDO AV. 1716,-58.453855,-34.565367,Comuna 13,calle_avenida,sur,10731.0
2024-02-07,CABILDO AV. 1716,-58.453855,-34.565367,Comuna 13,calle_avenida,sur,11890.0
2024-02-14,CABILDO AV. 1716,-58.453855,-34.565367,Comuna 13,calle_avenida,sur,9865.0
2024-02-21,CABILDO AV. 1716,-58.453855,-34.565367,Comuna 13,calle_avenida,sur,10228.0
2024-02-28,CABILDO AV. 1716,-58.453855,-34.565367,Comuna 13,calle_avenida,sur,10061.0
2024-03-06,CABILDO AV. 1716,-58.453855,-34.565367,Comuna 13,calle_avenida,sur,10755.0
2024-03-13,CABILDO AV. 1716,-58.453855,-34.565367,Comuna 13,calle_avenida,sur,8806.0
2024-03-20,CABILDO AV. 1716,-58.453855,-34.565367,Comuna 13,calle_avenida,sur,7569.0
2024-03-27,CABILDO AV. 1716,-58.453855,-34.565367,Comuna 13,calle_avenida,sur,11778.0
2024-04-03,CABILDO AV. 1716,-58.453855,-34.565367,Comuna 13,calle_avenida,sur,11438.0
2024-04-10,CABILDO AV. 1716,-58.453855,-34.565367,Comuna 13,calle_avenida,sur,12476.0
2024-04-17,CABILDO AV. 1716,-58.453855,-34.565367,Comuna 13,calle_avenida,sur,11470.0
2024-04-24,CABILDO AV. 1716,-58.453855,-34.565367,Comuna 13,calle_avenida,sur,10780.0
2024-05-01,CABILDO AV. 1716,-58.453855,-34.565367,Comuna 13,calle_avenida,sur,9486.0
2024-05-08,CABILDO AV. 1716,-58.453855,-34.565367,Comuna 13,calle_avenida,sur,11012.0
2024-05-15,CABILDO AV. 1716,-58.453855,-34.565367,Comuna 13,calle_avenida,sur,11140.0
2024-05-22,CABILDO AV. 1716,-58.453855,-34.565367,Comuna 13,calle_avenida,sur,11825.0
2024-05-29,CABILDO AV. 1716,-58.453855,-34.565367,Comuna 13,calle_avenida,sur,11176.0
2024-06-05,CABILDO AV. 1716,-58.453855,-34.565367,Comuna 13,calle_avenida,sur,12696.0
2024-06-12,CABILDO AV. 1716,-58.453855,-34.565367,Comuna 13,calle_avenida,sur,12933.0
2024-06-19,CABILDO AV. 1716,-58.453855,-34.565367,Comuna 13,calle_avenida,sur,13934.0
2024-06-26,CABILDO AV. 1716,-58.453855,-34.565367,Comuna 13,calle_avenida,sur,14057.0
2024-07-03,CABILDO AV. 1716,-58.453855,-34.565367,Comuna 13,calle_avenida,sur,13811.0
2024-07-10,CABILDO AV. 1716,-58.453855,-34.565367,Comuna 13,calle_avenida,sur,13541.0
2024-07-17,CABILDO AV. 1716,-58.453855,-34.565367,Comuna 13,calle_avenida,sur,13541.0
2024-07-24,CABILDO AV. 1716,-58.453855,-34.565367,Comuna 13,calle_avenida,sur,13493.0
2024-07-31,CABILDO AV. 1716,-58.453855,-34.565367,Comuna 13,calle_avenida,sur,13753.0
2024-01-03,ENTRE RIOS AV. 926,-58.391557,-34.619431,Comuna 1,Carriles Exclusivos,norte,5442.0
2024-01-10,ENTRE RIOS AV. 926,-58.391557,-34.619431,Comuna 1,Carriles Exclusivos,norte,5180.0
2024-01-17,ENTRE RIOS AV. 926,-58.391557,-34.619431,Comuna 1,Carriles Exclusivos,norte,5313.0
2024-01-24,ENTRE RIOS AV. 926,-58.391557,-34.619431,Comuna 1,Carriles Exclusivos,norte,4388.0
2024-01-31,ENTRE RIOS AV. 926,-58.391557,-34.619431,Comuna 1,Carriles Exclusivos,norte,4730.0
2024-02-07,ENTRE RIOS AV. 926,-58.391557,-34.619431,Comuna 1,Carriles Exclusivos,norte,5445.0
2024-02-14,ENTRE RIOS AV. 926,-58.391557,-34.619431,Comuna 1,Carriles Exclusivos,norte,5782.0
2024-02-21,ENTRE RIOS AV. 926,-58.391557,-34.619431,Comuna 1,Carriles Exclusivos,norte,6053.0
2024-02-28,ENTRE RIOS AV. 926,-58.391557,-34.619431,Comuna 1,Carriles Exclusivos,norte,5790.0
2024-03-06,ENTRE RIOS AV. 926,-58.391557,-34.619431,Comuna 1,Carriles Exclusivos,norte,5925.0
2024-03-13,ENTRE RIOS AV. 926,-58.391557,-34.619431,Comuna 1,Carriles Exclusivos,norte,4979.0
2024-03-20,ENTRE RIOS AV. 926,-58.391557,-34.619431,Comuna 1,Carriles Exclusivos,norte,4342.0
2024-03-27,ENTRE RIOS AV. 926,-58.391557,-34.619431,Comuna 1,Carriles Exclusivos,norte,5683.0
2024-04-03,ENTRE RIOS AV. 926,-58.391557,-34.619431,Comuna 1,Carriles Exclusivos,norte,5055.0
2024-04-10,ENTRE RIOS AV. 926,-58.391557,-34.619431,Comuna 1,Carriles Exclusivos,norte,5986.0
2024-04-17,ENTRE RIOS AV. 926,-58.391557,-34.619431,Comuna 1,Carriles Exclusivos,norte,5629.0
2024-04-24,ENTRE RIOS AV. 926,-58.391557,-34.619431,Comuna 1,Carriles Exclusivos,norte,5336.0
2024-05-01,ENTRE RIOS AV. 926,-58.391557,-34.619431,Comuna 1,Carriles Exclusivos,norte,3890.0
2024-05-08,ENTRE RIOS AV. 926,-58.391557,-34.619431,Comuna 1,Carriles Exclusivos,norte,5471.0
2024-05-15,ENTRE RIOS AV. 926,-58.391557,-34.619431,Comuna 1,Carriles Exclusivos,norte,5476.0
2024-05-22,ENTRE RIOS AV. 926,-58.391557,-34.619431,Comuna 1,Carriles Exclusivos,norte,5218.0
2024-05-29,ENTRE RIOS AV. 926,-58.391557,-34.619431,Comuna 1,Carriles Exclusivos,norte,5038.0
2024-06-05,ENTRE RIOS AV. 926,-58.391557,-34.619431,Comuna 1,Carriles Exclusivos,norte,4947.0
2024-06-12,ENTRE RIOS AV. 926,-58.391557,-34.619431,Comuna 1,Carriles Exclusivos,norte,3474.0
2024-06-19,ENTRE RIOS AV. 926,-58.391557,-34.619431,Comuna 1,Carriles Exclusivos,norte,5292.0
2024-06-26,ENTRE RIOS AV. 926,-58.391557,-34.619431,Comuna 1,Carriles Exclusivos,norte,5254.0
2024-07-03,ENTRE RIOS AV. 926,-58.391557,-34.619431,Comuna 1,Carriles Exclusivos,norte,5096.0
2024-07-10,ENTRE RIOS AV. 926,-58.391557,-34.619431,Comuna 1,Carriles Exclusivos,norte,4889.0
2024-07-17,ENTRE RIOS AV. 926,-58.391557,-34.619431,Comuna 1,Carriles Exclusivos,norte,4896.0
2024-07-24,ENTRE RIOS AV. 926,-58.391557,-34.619431,Comuna 1,Carriles Exclusivos,norte,4549.0
2024-01-03,ENTRE RIOS AV. 182,-58.391718,-34.611145,Comuna 1,Carriles Exclusivos,norte,6109.0
2024-01-10,ENTRE RIOS AV. 182,-58.391718,-34.611145,Comuna 1,Carriles Exclusivos,norte,6182.0
2024-01-17,ENTRE RIOS AV. 182,-58.391718,-34.611145,Comuna 1,Carriles Exclusivos,norte,6440.0
2024-01-24,ENTRE RIOS AV. 182,-58.391718,-34.611145,Comuna 1,Carriles Exclusivos,norte,3329.0
2024-01-31,ENTRE RIOS AV. 182,-58.391718,-34.611145,Comuna 1,Carriles Exclusivos,norte,5466.0
2024-02-07,ENTRE RIOS AV. 182,-58.391718,-34.611145,Comuna 1,Carriles Exclusivos,norte,7310.0
2024-02-21,ENTRE RIOS AV. 182,-58.391718,-34.611145,Comuna 1,Carriles Exclusivos,norte,7765.0
2024-02-28,ENTRE RIOS AV. 182,-58.391718,-34.611145,Comuna 1,Carriles Exclusivos,norte,7003.0
2024-03-06,ENTRE RIOS AV. 182,-58.391718,-34.611145,Comuna 1,Carriles Exclusivos,norte,7292.0
2024-03-27,ENTRE RIOS AV. 182,-58.391718,-34.611145,Comuna 1,Carriles Exclusivos,norte,6884.0
2024-04-03,ENTRE RIOS AV. 182,-58.391718,-34.611145,Comuna 1,Carriles Exclusivos,norte,6314.0
2024-04-10,ENTRE RIOS AV. 182,-58.391718,-34.611145,Comuna 1,Carriles Exclusivos,norte,7434.0
2024-04-17,ENTRE RIOS AV. 182,-58.391718,-34.611145,Comuna 1,Carriles Exclusivos,norte,7120.0
2024-04-24,ENTRE RIOS AV. 182,-58.391718,-34.611145,Comuna 1,Carriles Exclusivos,norte,6931.0
2024-05-01,ENTRE RIOS AV. 182,-58.391718,-34.611145,Comuna 1,Carriles Exclusivos,norte,4063.0
2024-05-08,ENTRE RIOS AV. 182,-58.391718,-34.611145,Comuna 1,Carriles Exclusivos,norte,6893.0
2024-05-15,ENTRE RIOS AV. 182,-58.391718,-34.611145,Comuna 1,Carriles Exclusivos,norte,6730.0
2024-05-22,ENTRE RIOS AV. 182,-58.391718,-34.611145,Comuna 1,Carriles Exclusivos,norte,6413.0
2024-05-29,ENTRE RIOS AV. 182,-58.391718,-34.611145,Comuna 1,Carriles Exclusivos,norte,6522.0
2024-06-05,ENTRE RIOS AV. 182,-58.391718,-34.611145,Comuna 1,Carriles Exclusivos,norte,6986.0
2024-06-12,ENTRE RIOS AV. 182,-58.391718,-34.611145,Comuna 1,Carriles Exclusivos,norte,2669.0
2024-06-19,ENTRE RIOS AV. 182,-58.391718,-34.611145,Comuna 1,Carriles Exclusivos,norte,7993.0
2024-06-26,ENTRE RIOS AV. 182,-58.391718,-34.611145,Comuna 1,Carriles Exclusivos,norte,7475.0
2024-07-03,ENTRE RIOS AV. 182,-58.391718,-34.611145,Comuna 1,Carriles Exclusivos,norte,7093.0
2024-07-10,ENTRE RIOS AV. 182,-58.391718,-34.611145,Comuna 1,Carriles Exclusivos,norte,7061.0
2024-07-17,ENTRE RIOS AV. 182,-58.391718,-34.611145,Comuna 1,Carriles Exclusivos,norte,7062.0
2024-07-24,ENTRE RIOS AV. 182,-58.391718,-34.611145,Comuna 1,Carriles Exclusivos,norte,6739.0
2024-07-31,ENTRE RIOS AV. 182,-58.391718,-34.611145,Comuna 1,Carriles Exclusivos,norte,6573.0
2024-01-03,CORDOBA AV. 1147,-58.383217,-34.599039,Comuna 1,Carriles Exclusivos,oeste,3680.0
2024-01-10,CORDOBA AV. 1147,-58.383217,-34.599039,Comuna 1,Carriles Exclusivos,oeste,3025.0
2024-01-17,CORDOBA AV. 1147,-58.383217,-34.599039,Comuna 1,Carriles Exclusivos,oeste,75.0
2024-01-24,CORDOBA AV. 1147,-58.383217,-34.599039,Comuna 1,Carriles Exclusivos,oeste,2965.0
2024-01-31,CORDOBA AV. 1147,-58.383217,-34.599039,Comuna 1,Carriles Exclusivos,oeste,3230.0
2024-02-07,CORDOBA AV. 1147,-58.383217,-34.599039,Comuna 1,Carriles Exclusivos,oeste,2725.0
2024-02-14,CORDOBA AV. 1147,-58.383217,-34.599039,Comuna 1,Carriles Exclusivos,oeste,2797.0
2024-02-21,CORDOBA AV. 1147,-58.383217,-34.599039,Comuna 1,Carriles Exclusivos,oeste,3017.0
2024-02-28,CORDOBA AV. 1147,-58.383217,-34.599039,Comuna 1,Carriles Exclusivos,oeste,3226.0
2024-03-06,CORDOBA AV. 1147,-58.383217,-34.599039,Comuna 1,Carriles Exclusivos,oeste,3246.0
2024-03-13,CORDOBA AV. 1147,-58.383217,-34.599039,Comuna 1,Carriles Exclusivos,oeste,2607.0
2024-03-20,CORDOBA AV. 1147,-58.383217,-34.599039,Comuna 1,Carriles Exclusivos,oeste,2258.0
2024-03-27,CORDOBA AV. 1147,-58.383217,-34.599039,Comuna 1,Carriles Exclusivos,oeste,3112.0
2024-04-03,CORDOBA AV. 1147,-58.383217,-34.599039,Comuna 1,Carriles Exclusivos,oeste,2919.0
2024-04-10,CORDOBA AV. 1147,-58.383217,-34.599039,Comuna 1,Carriles Exclusivos,oeste,2938.0
2024-04-17,CORDOBA AV. 1147,-58.383217,-34.599039,Comuna 1,Carriles Exclusivos,oeste,3247.0
2024-04-24,CORDOBA AV. 1147,-58.383217,-34.599039,Comuna 1,Carriles Exclusivos,oeste,3228.0
2024-05-01,CORDOBA AV. 1147,-58.383217,-34.599039,Comuna 1,Carriles Exclusivos,oeste,1653.0
2024-05-08,CORDOBA AV. 1147,-58.383217,-34.599039,Comuna 1,Carriles Exclusivos,oeste,3236.0
2024-05-15,CORDOBA AV. 1147,-58.383217,-34.599039,Comuna 1,Carriles Exclusivos,oeste,3221.0
2024-05-22,CORDOBA AV. 1147,-58.383217,-34.599039,Comuna 1,Carriles Exclusivos,oeste,3226.0
2024-05-29,CORDOBA AV. 1147,-58.383217,-34.599039,Comuna 1,Carriles Exclusivos,oeste,2570.0
2024-06-05,CORDOBA AV. 1147,-58.383217,-34.599039,Comuna 1,Carriles Exclusivos,oeste,2927.0
2024-06-12,CORDOBA AV. 1147,-58.383217,-34.599039,Comuna 1,Carriles Exclusivos,oeste,3142.0
2024-06-19,CORDOBA AV. 1147,-58.383217,-34.599039,Comuna 1,Carriles Exclusivos,oeste,3017.0
2024-06-26,CORDOBA AV. 1147,-58.383217,-34.599039,Comuna 1,Carriles Exclusivos,oeste,2913.0
2024-07-03,CORDOBA AV. 1147,-58.383217,-34.599039,Comuna 1,Carriles Exclusivos,oeste,2507.0
2024-07-10,CORDOBA AV. 1147,-58.383217,-34.599039,Comuna 1,Carriles Exclusivos,oeste,2411.0
2024-07-17,CORDOBA AV. 1147,-58.383217,-34.599039,Comuna 1,Carriles Exclusivos,oeste,2659.0
2024-07-24,CORDOBA AV. 1147,-58.383217,-34.599039,Comuna 1,Carriles Exclusivos,oeste,2933.0
2024-07-31,CORDOBA AV. 1147,-58.383217,-34.599039,Comuna 1,Carriles Exclusivos,oeste,2820.0
2024-01-03,CORDOBA AV. 1749,-58.392148,-34.599512,Comuna 2,Carriles Exclusivos,oeste,5321.0
2024-01-10,CORDOBA AV. 1749,-58.392148,-34.599512,Comuna 2,Carriles Exclusivos,oeste,4508.0
2024-01-17,CORDOBA AV. 1749,-58.392148,-34.599512,Comuna 2,Carriles Exclusivos,oeste,4721.0
2024-01-24,CORDOBA AV. 1749,-58.392148,-34.599512,Comuna 2,Carriles Exclusivos,oeste,3775.0
2024-01-31,CORDOBA AV. 1749,-58.392148,-34.599512,Comuna 2,Carriles Exclusivos,oeste,4858.0
2024-02-07,CORDOBA AV. 1749,-58.392148,-34.599512,Comuna 2,Carriles Exclusivos,oeste,5032.0
2024-02-14,CORDOBA AV. 1749,-58.392148,-34.599512,Comuna 2,Carriles Exclusivos,oeste,4062.0
2024-02-21,CORDOBA AV. 1749,-58.392148,-34.599512,Comuna 2,Carriles Exclusivos,oeste,4529.0
2024-02-28,CORDOBA AV. 1749,-58.392148,-34.599512,Comuna 2,Carriles Exclusivos,oeste,3953.0
2024-03-06,CORDOBA AV. 1749,-58.392148,-34.599512,Comuna 2,Carriles Exclusivos,oeste,4549.0
2024-03-13,CORDOBA AV. 1749,-58.392148,-34.599512,Comuna 2,Carriles Exclusivos,oeste,2958.0
2024-03-20,CORDOBA AV. 1749,-58.392148,-34.599512,Comuna 2,Carriles Exclusivos,oeste,988.0
2024-03-27,CORDOBA AV. 1749,-58.392148,-34.599512,Comuna 2,Carriles Exclusivos,oeste,4381.0
2024-04-03,CORDOBA AV. 1749,-58.392148,-34.599512,Comuna 2,Carriles Exclusivos,oeste,3974.0
2024-04-10,CORDOBA AV. 1749,-58.392148,-34.599512,Comuna 2,Carriles Exclusivos,oeste,4348.0
2024-04-17,CORDOBA AV. 1749,-58.392148,-34.599512,Comuna 2,Carriles Exclusivos,oeste,3983.0
2024-04-24,CORDOBA AV. 1749,-58.392148,-34.599512,Comuna 2,Carriles Exclusivos,oeste,4822.0
2024-05-01,CORDOBA AV. 1749,-58.392148,-34.599512,Comuna 2,Carriles Exclusivos,oeste,2239.0
2024-05-08,CORDOBA AV. 1749,-58.392148,-34.599512,Comuna 2,Carriles Exclusivos,oeste,4790.0
2024-05-15,CORDOBA AV. 1749,-58.392148,-34.599512,Comuna 2,Carriles Exclusivos,oeste,4676.0
2024-05-22,CORDOBA AV. 1749,-58.392148,-34.599512,Comuna 2,Carriles Exclusivos,oeste,4792.0
2024-05-29,CORDOBA AV. 1749,-58.392148,-34.599512,Comuna 2,Carriles Exclusivos,oeste,4191.0
2024-06-05,CORDOBA AV. 1749,-58.392148,-34.599512,Comuna 2,Carriles Exclusivos,oeste,4094.0
2024-06-12,CORDOBA AV. 1749,-58.392148,-34.599512,Comuna 2,Carriles Exclusivos,oeste,4386.0
2024-06-19,CORDOBA AV. 1749,-58.392148,-34.599512,Comuna 2,Carriles Exclusivos,oeste,4387.0
2024-06-26,CORDOBA AV. 1749,-58.392148,-34.599512,Comuna 2,Carriles Exclusivos,oeste,4463.0
2024-07-03,CORDOBA AV. 1749,-58.392148,-34.599512,Comuna 2,Carriles Exclusivos,oeste,4704.0
2024-07-10,CORDOBA AV. 1749,-58.392148,-34.599512,Comuna 2,Carriles Exclusivos,oeste,4463.0
2024-07-17,CORDOBA AV. 1749,-58.392148,-34.599512,Comuna 2,Carriles Exclusivos,oeste,4700.0
2024-07-24,CORDOBA AV. 1749,-58.392148,-34.599512,Comuna 2,Carriles Exclusivos,oeste,3237.0
2024-07-31,CORDOBA AV. 1749,-58.392148,-34.599512,Comuna 2,Carriles Exclusivos,oeste,3989.0
2024-01-03,CORDOBA AV. 2523,-58.402911,-34.59879,Comuna 2,Carriles Exclusivos,oeste,5721.0
2024-01-10,CORDOBA AV. 2523,-58.402911,-34.59879,Comuna 2,Carriles Exclusivos,oeste,5791.0
2024-01-17,CORDOBA AV. 2523,-58.402911,-34.59879,Comuna 2,Carriles Exclusivos,oeste,5024.0
2024-01-24,CORDOBA AV. 2523,-58.402911,-34.59879,Comuna 2,Carriles Exclusivos,oeste,4525.0
2024-01-31,CORDOBA AV. 2523,-58.402911,-34.59879,Comuna 2,Carriles Exclusivos,oeste,5667.0
2024-02-07,CORDOBA AV. 2523,-58.402911,-34.59879,Comuna 2,Carriles Exclusivos,oeste,7098.0
2024-02-14,CORDOBA AV. 2523,-58.402911,-34.59879,Comuna 2,Carriles Exclusivos,oeste,6589.0
2024-02-21,CORDOBA AV. 2523,-58.402911,-34.59879,Comuna 2,Carriles Exclusivos,oeste,5069.0
2024-02-28,CORDOBA AV. 2523,-58.402911,-34.59879,Comuna 2,Carriles Exclusivos,oeste,6037.0
2024-03-06,CORDOBA AV. 2523,-58.402911,-34.59879,Comuna 2,Carriles Exclusivos,oeste,5585.0
2024-03-13,CORDOBA AV. 2523,-58.402911,-34.59879,Comuna 2,Carriles Exclusivos,oeste,4582.0
2024-03-20,CORDOBA AV. 2523,-58.402911,-34.59879,Comuna 2,Carriles Exclusivos,oeste,2654.0
2024-03-27,CORDOBA AV. 2523,-58.402911,-34.59879,Comuna 2,Carriles Exclusivos,oeste,5553.0
2024-04-03,CORDOBA AV. 2523,-58.402911,-34.59879,Comuna 2,Carriles Exclusivos,oeste,4820.0
2024-04-10,CORDOBA AV. 2523,-58.402911,-34.59879,Comuna 2,Carriles Exclusivos,oeste,5879.0
2024-04-17,CORDOBA AV. 2523,-58.402911,-34.59879,Comuna 2,Carriles Exclusivos,oeste,5144.0
2024-04-24,CORDOBA AV. 2523,-58.402911,-34.59879,Comuna 2,Carriles Exclusivos,oeste,4633.0
2024-05-01,CORDOBA AV. 2523,-58.402911,-34.59879,Comuna 2,Carriles Exclusivos,oeste,2496.0
2024-05-08,CORDOBA AV. 2523,-58.402911,-34.59879,Comuna 2,Carriles Exclusivos,oeste,5664.0
2024-05-15,CORDOBA AV. 2523,-58.402911,-34.59879,Comuna 2,Carriles Exclusivos,oeste,5058.0
2024-05-22,CORDOBA AV. 2523,-58.402911,-34.59879,Comuna 2,Carriles Exclusivos,oeste,5073.0
2024-05-29,CORDOBA AV. 2523,-58.402911,-34.59879,Comuna 2,Carriles Exclusivos,oeste,4862.0
2024-06-05,CORDOBA AV. 2523,-58.402911,-34.59879,Comuna 2,Carriles Exclusivos,oeste,4849.0
2024-06-12,CORDOBA AV. 2523,-58.402911,-34.59879,Comuna 2,Carriles Exclusivos,oeste,5185.0
2024-06-19,CORDOBA AV. 2523,-58.402911,-34.59879,Comuna 2,Carriles Exclusivos,oeste,4545.0
2024-06-26,CORDOBA AV. 2523,-58.402911,-34.59879,Comuna 2,Carriles Exclusivos,oeste,4947.0
2024-07-03,CORDOBA AV. 2523,-58.402911,-34.59879,Comuna 2,Carriles Exclusivos,oeste,5011.0
2024-07-10,CORDOBA AV. 2523,-58.402911,-34.59879,Comuna 2,Carriles Exclusivos,oeste,4920.0
2024-07-17,CORDOBA AV. 2523,-58.402911,-34.59879,Comuna 2,Carriles Exclusivos,oeste,4911.0
2024-07-24,CORDOBA AV. 2523,-58.402911,-34.59879,Comuna 2,Carriles Exclusivos,oeste,4758.0
2024-07-31,CORDOBA AV. 2523,-58.402911,-34.59879,Comuna 2,Carriles Exclusivos,oeste,4722.0
2024-01-03,CORDOBA AV. 3143,-58.410998,-34.597969,Comuna 2,Carriles Exclusivos,oeste,3636.0
2024-01-10,CORDOBA AV. 3143,-58.410998,-34.597969,Comuna 2,Carriles Exclusivos,oeste,3220.0
2024-01-17,CORDOBA AV. 3143,-58.410998,-34.597969,Comuna 2,Carriles Exclusivos,oeste,3068.0
2024-01-24,CORDOBA AV. 3143,-58.410998,-34.597969,Comuna 2,Carriles Exclusivos,oeste,2922.0
2024-01-31,CORDOBA AV. 3143,-58.410998,-34.597969,Comuna 2,Carriles Exclusivos,oeste,2834.0
2024-02-07,CORDOBA AV. 3143,-58.410998,-34.597969,Comuna 2,Carriles Exclusivos,oeste,2945.0
2024-02-21,CORDOBA AV. 3143,-58.410998,-34.597969,Comuna 2,Carriles Exclusivos,oeste,3432.0
2024-02-28,CORDOBA AV. 3143,-58.410998,-34.597969,Comuna 2,Carriles Exclusivos,oeste,3012.0
2024-03-06,CORDOBA AV. 3143,-58.410998,-34.597969,Comuna 2,Carriles Exclusivos,oeste,3611.0
2024-03-20,CORDOBA AV. 3143,-58.410998,-34.597969,Comuna 2,Carriles Exclusivos,oeste,2770.0
2024-03-27,CORDOBA AV. 3143,-58.410998,-34.597969,Comuna 2,Carriles Exclusivos,oeste,5840.0
2024-04-03,CORDOBA AV. 3143,-58.410998,-34.597969,Comuna 2,Carriles Exclusivos,oeste,5477.0
2024-04-10,CORDOBA AV. 3143,-58.410998,-34.597969,Comuna 2,Carriles Exclusivos,oeste,5701.0
2024-04-17,CORDOBA AV. 3143,-58.410998,-34.597969,Comuna 2,Carriles Exclusivos,oeste,6257.0
2024-04-24,CORDOBA AV. 3143,-58.410998,-34.597969,Comuna 2,Carriles Exclusivos,oeste,5935.0
2024-05-01,CORDOBA AV. 3143,-58.410998,-34.597969,Comuna 2,Carriles Exclusivos,oeste,3391.0
2024-05-08,CORDOBA AV. 3143,-58.410998,-34.597969,Comuna 2,Carriles Exclusivos,oeste,6107.0
2024-05-15,CORDOBA AV. 3143,-58.410998,-34.597969,Comuna 2,Carriles Exclusivos,oeste,5893.0
2024-05-22,CORDOBA AV. 3143,-58.410998,-34.597969,Comuna 2,Carriles Exclusivos,oeste,6111.0
2024-05-29,CORDOBA AV. 3143,-58.410998,-34.597969,Comuna 2,Carriles Exclusivos,oeste,4948.0
2024-06-05,CORDOBA AV. 3143,-58.410998,-34.597969,Comuna 2,Carriles Exclusivos,oeste,6070.0
2024-06-12,CORDOBA AV. 3143,-58.410998,-34.597969,Comuna 2,Carriles Exclusivos,oeste,5504.0
2024-06-19,CORDOBA AV. 3143,-58.410998,-34.597969,Comuna 2,Carriles Exclusivos,oeste,5941.0
2024-06-26,CORDOBA AV. 3143,-58.410998,-34.597969,Comuna 2,Carriles Exclusivos,oeste,4488.0
2024-07-03,CORDOBA AV. 3143,-58.410998,-34.597969,Comuna 2,Carriles Exclusivos,oeste,6232.0
2024-07-10,CORDOBA AV. 3143,-58.410998,-34.597969,Comuna 2,Carriles Exclusivos,oeste,5456.0
2024-07-17,CORDOBA AV. 3143,-58.410998,-34.597969,Comuna 2,Carriles Exclusivos,oeste,5215.0
2024-07-24,CORDOBA AV. 3143,-58.410998,-34.597969,Comuna 2,Carriles Exclusivos,oeste,5698.0
2024-07-31,CORDOBA AV. 3143,-58.410998,-34.597969,Comuna 2,Carriles Exclusivos,oeste,5749.0
2024-01-03,PUEYRREDON AV. 367,-58.40571,-34.605973,Comuna 3,Carriles Exclusivos,norte,6674.0
2024-01-10,PUEYRREDON AV. 367,-58.40571,-34.605973,Comuna 3,Carriles Exclusivos,norte,6342.0
2024-01-17,PUEYRREDON AV. 367,-58.40571,-34.605973,Comuna 3,Carriles Exclusivos,norte,6488.0
2024-01-24,PUEYRREDON AV. 367,-58.40571,-34.605973,Comuna 3,Carriles Exclusivos,norte,5778.0
2024-01-31,PUEYRREDON AV. 367,-58.40571,-34.605973,Comuna 3,Carriles Exclusivos,norte,6630.0
2024-02-07,PUEYRREDON AV. 367,-58.40571,-34.605973,Comuna 3,Carriles Exclusivos,norte,6435.0
2024-02-14,PUEYRREDON AV. 367,-58.40571,-34.605973,Comuna 3,Carriles Exclusivos,norte,6732.0
2024-02-21,PUEYRREDON AV. 367,-58.40571,-34.605973,Comuna 3,Carriles Exclusivos,norte,6694.0
2024-02-28,PUEYRREDON AV. 367,-58.40571,-34.605973,Comuna 3,Carriles Exclusivos,norte,6815.0
2024-03-06,PUEYRREDON AV. 367,-58.40571,-34.605973,Comuna 3,Carriles Exclusivos,norte,7111.0
2024-03-13,PUEYRREDON AV. 367,-58.40571,-34.605973,Comuna 3,Carriles Exclusivos,norte,6828.0
2024-03-20,PUEYRREDON AV. 367,-58.40571,-34.605973,Comuna 3,Carriles Exclusivos,norte,6222.0
2024-03-27,PUEYRREDON AV. 367,-58.40571,-34.605973,Comuna 3,Carriles Exclusivos,norte,6939.0
2024-04-03,PUEYRREDON AV. 367,-58.40571,-34.605973,Comuna 3,Carriles Exclusivos,norte,6948.0
2024-04-10,PUEYRREDON AV. 367,-58.40571,-34.605973,Comuna 3,Carriles Exclusivos,norte,7128.0
2024-04-17,PUEYRREDON AV. 367,-58.40571,-34.605973,Comuna 3,Carriles Exclusivos,norte,6939.0
2024-04-24,PUEYRREDON AV. 367,-58.40571,-34.605973,Comuna 3,Carriles Exclusivos,norte,6863.0
2024-05-01,PUEYRREDON AV. 367,-58.40571,-34.605973,Comuna 3,Carriles Exclusivos,norte,4222.0
2024-05-08,PUEYRREDON AV. 367,-58.40571,-34.605973,Comuna 3,Carriles Exclusivos,norte,8004.0
2024-05-15,PUEYRREDON AV. 367,-58.40571,-34.605973,Comuna 3,Carriles Exclusivos,norte,6959.0
2024-05-22,PUEYRREDON AV. 367,-58.40571,-34.605973,Comuna 3,Carriles Exclusivos,norte,7772.0
2024-05-29,PUEYRREDON AV. 367,-58.40571,-34.605973,Comuna 3,Carriles Exclusivos,norte,6689.0
2024-06-05,PUEYRREDON AV. 367,-58.40571,-34.605973,Comuna 3,Carriles Exclusivos,norte,7531.0
2024-06-12,PUEYRREDON AV. 367,-58.40571,-34.605973,Comuna 3,Carriles Exclusivos,norte,7961.0
2024-06-19,PUEYRREDON AV. 367,-58.40571,-34.605973,Comuna 3,Carriles Exclusivos,norte,7263.0
2024-06-26,PUEYRREDON AV. 367,-58.40571,-34.605973,Comuna 3,Carriles Exclusivos,norte,6888.0
2024-07-03,PUEYRREDON AV. 367,-58.40571,-34.605973,Comuna 3,Carriles Exclusivos,norte,6899.0
2024-07-10,PUEYRREDON AV. 367,-58.40571,-34.605973,Comuna 3,Carriles Exclusivos,norte,6696.0
2024-07-17,PUEYRREDON AV. 367,-58.40571,-34.605973,Comuna 3,Carriles Exclusivos,norte,6709.0
2024-07-24,PUEYRREDON AV. 367,-58.40571,-34.605973,Comuna 3,Carriles Exclusivos,norte,6731.0
2024-07-31,PUEYRREDON AV. 367,-58.40571,-34.605973,Comuna 3,Carriles Exclusivos,norte,6783.0
2024-01-03,CORDOBA AV. 3329,-58.413685,-34.597847,Comuna 2,Carriles Exclusivos,oeste,7529.0
2024-01-10,CORDOBA AV. 3329,-58.413685,-34.597847,Comuna 2,Carriles Exclusivos,oeste,6992.0
2024-01-17,CORDOBA AV. 3329,-58.413685,-34.597847,Comuna 2,Carriles Exclusivos,oeste,7609.0
2024-01-24,CORDOBA AV. 3329,-58.413685,-34.597847,Comuna 2,Carriles Exclusivos,oeste,8088.0
2024-01-31,CORDOBA AV. 3329,-58.413685,-34.597847,Comuna 2,Carriles Exclusivos,oeste,10525.0
2024-02-07,CORDOBA AV. 3329,-58.413685,-34.597847,Comuna 2,Carriles Exclusivos,oeste,11358.0
2024-02-14,CORDOBA AV. 3329,-58.413685,-34.597847,Comuna 2,Carriles Exclusivos,oeste,11410.0
2024-02-21,CORDOBA AV. 3329,-58.413685,-34.597847,Comuna 2,Carriles Exclusivos,oeste,11427.0
2024-02-28,CORDOBA AV. 3329,-58.413685,-34.597847,Comuna 2,Carriles Exclusivos,oeste,11733.0
2024-03-06,CORDOBA AV. 3329,-58.413685,-34.597847,Comuna 2,Carriles Exclusivos,oeste,12412.0
2024-03-13,CORDOBA AV. 3329,-58.413685,-34.597847,Comuna 2,Carriles Exclusivos,oeste,11377.0
2024-03-20,CORDOBA AV. 3329,-58.413685,-34.597847,Comuna 2,Carriles Exclusivos,oeste,1475.0
2024-03-27,CORDOBA AV. 3329,-58.413685,-34.597847,Comuna 2,Carriles Exclusivos,oeste,12158.0
2024-04-03,CORDOBA AV. 3329,-58.413685,-34.597847,Comuna 2,Carriles Exclusivos,oeste,11325.0
2024-04-10,CORDOBA AV. 3329,-58.413685,-34.597847,Comuna 2,Carriles Exclusivos,oeste,11775.0
2024-04-24,CORDOBA AV. 3329,-58.413685,-34.597847,Comuna 2,Carriles Exclusivos,oeste,4647.0
2024-05-01,CORDOBA AV. 3329,-58.413685,-34.597847,Comuna 2,Carriles Exclusivos,oeste,5435.0
2024-05-08,CORDOBA AV. 3329,-58.413685,-34.597847,Comuna 2,Carriles Exclusivos,oeste,12424.0
2024-05-15,CORDOBA AV. 3329,-58.413685,-34.597847,Comuna 2,Carriles Exclusivos,oeste,11786.0
2024-05-22,CORDOBA AV. 3329,-58.413685,-34.597847,Comuna 2,Carriles Exclusivos,oeste,12256.0
2024-05-29,CORDOBA AV. 3329,-58.413685,-34.597847,Comuna 2,Carriles Exclusivos,oeste,10971.0
2024-06-05,CORDOBA AV. 3329,-58.413685,-34.597847,Comuna 2,Carriles Exclusivos,oeste,12252.0
2024-06-12,CORDOBA AV. 3329,-58.413685,-34.597847,Comuna 2,Carriles Exclusivos,oeste,11710.0
2024-06-19,CORDOBA AV. 3329,-58.413685,-34.597847,Comuna 2,Carriles Exclusivos,oeste,12374.0
2024-06-26,CORDOBA AV. 3329,-58.413685,-34.597847,Comuna 2,Carriles Exclusivos,oeste,11913.0
2024-07-03,CORDOBA AV. 3329,-58.413685,-34.597847,Comuna 2,Carriles Exclusivos,oeste,12892.0
2024-07-10,CORDOBA AV. 3329,-58.413685,-34.597847,Comuna 2,Carriles Exclusivos,oeste,7928.0
2024-07-17,CORDOBA AV. 3329,-58.413685,-34.597847,Comuna 2,Carriles Exclusivos,oeste,7756.0
2024-07-24,CORDOBA AV. 3329,-58.413685,-34.597847,Comuna 2,Carriles Exclusivos,oeste,11015.0
2024-01-03,"AU 25 DE MAYO (AU10), SENTIDO CENTRO (ASCENDENTE), PK: 6+301",-58.40283,-34.625953,Comuna 3,Autopista,este,1519.0
2024-01-10,"AU 25 DE MAYO (AU10), SENTIDO CENTRO (ASCENDENTE), PK: 6+301",-58.40283,-34.625953,Comuna 3,Autopista,este,1679.0
2024-01-17,"AU 25 DE MAYO (AU10), SENTIDO CENTRO (ASCENDENTE), PK: 6+301",-58.40283,-34.625953,Comuna 3,Autopista,este,1623.0
2024-01-24,"AU 25 DE MAYO (AU10), SENTIDO CENTRO (ASCENDENTE), PK: 6+301",-58.40283,-34.625953,Comuna 3,Autopista,este,1115.0
2024-01-31,"AU 25 DE MAYO (AU10), SENTIDO CENTRO (ASCENDENTE), PK: 6+301",-58.40283,-34.625953,Comuna 3,Autopista,este,1634.0
2024-02-07,"AU 25 DE MAYO (AU10), SENTIDO CENTRO (ASCENDENTE), PK: 6+301",-58.40283,-34.625953,Comuna 3,Autopista,este,1693.0
2024-02-14,"AU 25 DE MAYO (AU10), SENTIDO CENTRO (ASCENDENTE), PK: 6+301",-58.40283,-34.625953,Comuna 3,Autopista,este,1571.0
2024-02-21,"AU 25 DE MAYO (AU10), SENTIDO CENTRO (ASCENDENTE), PK: 6+301",-58.40283,-34.625953,Comuna 3,Autopista,este,1832.0
2024-02-28,"AU 25 DE MAYO (AU10), SENTIDO CENTRO (ASCENDENTE), PK: 6+301",-58.40283,-34.625953,Comuna 3,Autopista,este,1700.0
2024-03-06,"AU 25 DE MAYO (AU10), SENTIDO CENTRO (ASCENDENTE), PK: 6+301",-58.40283,-34.625953,Comuna 3,Autopista,este,1842.0
2024-03-13,"AU 25 DE MAYO (AU10), SENTIDO CENTRO (ASCENDENTE), PK: 6+301",-58.40283,-34.625953,Comuna 3,Autopista,este,1866.0
2024-03-20,"AU 25 DE MAYO (AU10), SENTIDO CENTRO (ASCENDENTE), PK: 6+301",-58.40283,-34.625953,Comuna 3,Autopista,este,1732.0
2024-03-27,"AU 25 DE MAYO (AU10), SENTIDO CENTRO (ASCENDENTE), PK: 6+301",-58.40283,-34.625953,Comuna 3,Autopista,este,2022.0
2024-04-03,"AU 25 DE MAYO (AU10), SENTIDO CENTRO (ASCENDENTE), PK: 6+301",-58.40283,-34.625953,Comuna 3,Autopista,este,1855.0
2024-04-10,"AU 25 DE MAYO (AU10), SENTIDO CENTRO (ASCENDENTE), PK: 6+301",-58.40283,-34.625953,Comuna 3,Autopista,este,1866.0
2024-04-17,"AU 25 DE MAYO (AU10), SENTIDO CENTRO (ASCENDENTE), PK: 6+301",-58.40283,-34.625953,Comuna 3,Autopista,este,1709.0
2024-04-24,"AU 25 DE MAYO (AU10), SENTIDO CENTRO (ASCENDENTE), PK: 6+301",-58.40283,-34.625953,Comuna 3,Autopista,este,1686.0
2024-05-08,"AU 25 DE MAYO (AU10), SENTIDO CENTRO (ASCENDENTE), PK: 6+301",-58.40283,-34.625953,Comuna 3,Autopista,este,1805.0
2024-05-15,"AU 25 DE MAYO (AU10), SENTIDO CENTRO (ASCENDENTE), PK: 6+301",-58.40283,-34.625953,Comuna 3,Autopista,este,1575.0
2024-05-22,"AU 25 DE MAYO (AU10), SENTIDO CENTRO (ASCENDENTE), PK: 6+301",-58.40283,-34.625953,Comuna 3,Autopista,este,1643.0
2024-05-29,"AU 25 DE MAYO (AU10), SENTIDO CENTRO (ASCENDENTE), PK: 6+301",-58.40283,-34.625953,Comuna 3,Autopista,este,1624.0
2024-06-05,"AU 25 DE MAYO (AU10), SENTIDO CENTRO (ASCENDENTE), PK: 6+301",-58.40283,-34.625953,Comuna 3,Autopista,este,1566.0
2024-06-12,"AU 25 DE MAYO (AU10), SENTIDO CENTRO (ASCENDENTE), PK: 6+301",-58.40283,-34.625953,Comuna 3,Autopista,este,1595.0
2024-06-19,"AU 25 DE MAYO (AU10), SENTIDO CENTRO (ASCENDENTE), PK: 6+301",-58.40283,-34.625953,Comuna 3,Autopista,este,1793.0
2024-06-26,"AU 25 DE MAYO (AU10), SENTIDO CENTRO (ASCENDENTE), PK: 6+301",-58.40283,-34.625953,Comuna 3,Autopista,este,1491.0
2024-07-03,"AU 25 DE MAYO (AU10), SENTIDO CENTRO (ASCENDENTE), PK: 6+301",-58.40283,-34.625953,Comuna 3,Autopista,este,1613.0
2024-07-10,"AU 25 DE MAYO (AU10), SENTIDO CENTRO (ASCENDENTE), PK: 6+301",-58.40283,-34.625953,Comuna 3,Autopista,este,1680.0
2024-07-17,"AU 25 DE MAYO (AU10), SENTIDO CENTRO (ASCENDENTE), PK: 6+301",-58.40283,-34.625953,Comuna 3,Autopista,este,1455.0
2024-07-24,"AU 25 DE MAYO (AU10), SENTIDO CENTRO (ASCENDENTE), PK: 6+301",-58.40283,-34.625953,Comuna 3,Autopista,este,1319.0
2024-07-31,"AU 25 DE MAYO (AU10), SENTIDO CENTRO (ASCENDENTE), PK: 6+301",-58.40283,-34.625953,Comuna 3,Autopista,este,1559.0
2024-01-03,CALLAO AV. 681,-58.392623,-34.601114,Comuna 1,Carriles Exclusivos,norte,5722.0
2024-01-10,CALLAO AV. 681,-58.392623,-34.601114,Comuna 1,Carriles Exclusivos,norte,5202.0
2024-01-17,CALLAO AV. 681,-58.392623,-34.601114,Comuna 1,Carriles Exclusivos,norte,5939.0
2024-01-24,CALLAO AV. 681,-58.392623,-34.601114,Comuna 1,Carriles Exclusivos,norte,3205.0
2024-01-31,CALLAO AV. 681,-58.392623,-34.601114,Comuna 1,Carriles Exclusivos,norte,5596.0
2024-02-07,CALLAO AV. 681,-58.392623,-34.601114,Comuna 1,Carriles Exclusivos,norte,6817.0
2024-02-14,CALLAO AV. 681,-58.392623,-34.601114,Comuna 1,Carriles Exclusivos,norte,6737.0
2024-02-21,CALLAO AV. 681,-58.392623,-34.601114,Comuna 1,Carriles Exclusivos,norte,5573.0
2024-02-28,CALLAO AV. 681,-58.392623,-34.601114,Comuna 1,Carriles Exclusivos,norte,6148.0
2024-03-06,CALLAO AV. 681,-58.392623,-34.601114,Comuna 1,Carriles Exclusivos,norte,5735.0
2024-03-13,CALLAO AV. 681,-58.392623,-34.601114,Comuna 1,Carriles Exclusivos,norte,5817.0
2024-03-20,CALLAO AV. 681,-58.392623,-34.601114,Comuna 1,Carriles Exclusivos,norte,5193.0
2024-03-27,CALLAO AV. 681,-58.392623,-34.601114,Comuna 1,Carriles Exclusivos,norte,5918.0
2024-04-03,CALLAO AV. 681,-58.392623,-34.601114,Comuna 1,Carriles Exclusivos,norte,5044.0
2024-04-10,CALLAO AV. 681,-58.392623,-34.601114,Comuna 1,Carriles Exclusivos,norte,6143.0
2024-04-17,CALLAO AV. 681,-58.392623,-34.601114,Comuna 1,Carriles Exclusivos,norte,6295.0
2024-04-24,CALLAO AV. 681,-58.392623,-34.601114,Comuna 1,Carriles Exclusivos,norte,5891.0
2024-05-01,CALLAO AV. 681,-58.392623,-34.601114,Comuna 1,Carriles Exclusivos,norte,3251.0
2024-05-08,CALLAO AV. 681,-58.392623,-34.601114,Comuna 1,Carriles Exclusivos,norte,7296.0
2024-05-15,CALLAO AV. 681,-58.392623,-34.601114,Comuna 1,Carriles Exclusivos,norte,5552.0
2024-05-22,CALLAO AV. 681,-58.392623,-34.601114,Comuna 1,Carriles Exclusivos,norte,6340.0
2024-05-29,CALLAO AV. 681,-58.392623,-34.601114,Comuna 1,Carriles Exclusivos,norte,6093.0
2024-06-05,CALLAO AV. 681,-58.392623,-34.601114,Comuna 1,Carriles Exclusivos,norte,6462.0
2024-06-12,CALLAO AV. 681,-58.392623,-34.601114,Comuna 1,Carriles Exclusivos,norte,3628.0
2024-06-19,CALLAO AV. 681,-58.392623,-34.601114,Comuna 1,Carriles Exclusivos,norte,6896.0
2024-06-26,CALLAO AV. 681,-58.392623,-34.601114,Comuna 1,Carriles Exclusivos,norte,7824.0
2024-07-03,CALLAO AV. 681,-58.392623,-34.601114,Comuna 1,Carriles Exclusivos,norte,7722.0
2024-07-10,CALLAO AV. 681,-58.392623,-34.601114,Comuna 1,Carriles Exclusivos,norte,6983.0
2024-07-17,CALLAO AV. 681,-58.392623,-34.601114,Comuna 1,Carriles Exclusivos,norte,7996.0
2024-07-24,CALLAO AV. 681,-58.392623,-34.601114,Comuna 1,Carriles Exclusivos,norte,6651.0
2024-07-31,CALLAO AV. 681,-58.392623,-34.601114,Comuna 1,Carriles Exclusivos,norte,6666.0
2024-01-03,SANTA FE AV. 3889,-58.418132,-34.583669,Comuna 14,Carriles Exclusivos,oeste,6015.0
2024-01-10,SANTA FE AV. 3889,-58.418132,-34.583669,Comuna 14,Carriles Exclusivos,oeste,6475.0
2024-01-17,SANTA FE AV. 3889,-58.418132,-34.583669,Comuna 14,Carriles Exclusivos,oeste,6662.0
2024-01-24,SANTA FE AV. 3889,-58.418132,-34.583669,Comuna 14,Carriles Exclusivos,oeste,6094.0
2024-01-31,SANTA FE AV. 3889,-58.418132,-34.583669,Comuna 14,Carriles Exclusivos,oeste,6729.0
2024-02-07,SANTA FE AV. 3889,-58.418132,-34.583669,Comuna 14,Carriles Exclusivos,oeste,7054.0
2024-02-14,SANTA FE AV. 3889,-58.418132,-34.583669,Comuna 14,Carriles Exclusivos,oeste,6852.0
2024-02-21,SANTA FE AV. 3889,-58.418132,-34.583669,Comuna 14,Carriles Exclusivos,oeste,6962.0
2024-02-28,SANTA FE AV. 3889,-58.418132,-34.583669,Comuna 14,Carriles Exclusivos,oeste,7000.0
2024-03-06,SANTA FE AV. 3889,-58.418132,-34.583669,Comuna 14,Carriles Exclusivos,oeste,7280.0
2024-03-13,SANTA FE AV. 3889,-58.418132,-34.583669,Comuna 14,Carriles Exclusivos,oeste,6583.0
2024-03-20,SANTA FE AV. 3889,-58.418132,-34.583669,Comuna 14,Carriles Exclusivos,oeste,2033.0
2024-03-27,SANTA FE AV. 3889,-58.418132,-34.583669,Comuna 14,Carriles Exclusivos,oeste,6921.0
2024-04-03,SANTA FE AV. 3889,-58.418132,-34.583669,Comuna 14,Carriles Exclusivos,oeste,6523.0
2024-04-10,SANTA FE AV. 3889,-58.418132,-34.583669,Comuna 14,Carriles Exclusivos,oeste,6848.0
2024-04-17,SANTA FE AV. 3889,-58.418132,-34.583669,Comuna 14,Carriles Exclusivos,oeste,6630.0
2024-04-24,SANTA FE AV. 3889,-58.418132,-34.583669,Comuna 14,Carriles Exclusivos,oeste,7106.0
2024-05-01,SANTA FE AV. 3889,-58.418132,-34.583669,Comuna 14,Carriles Exclusivos,oeste,7269.0
2024-05-08,SANTA FE AV. 3889,-58.418132,-34.583669,Comuna 14,Carriles Exclusivos,oeste,7488.0
2024-05-15,SANTA FE AV. 3889,-58.418132,-34.583669,Comuna 14,Carriles Exclusivos,oeste,6969.0
2024-05-22,SANTA FE AV. 3889,-58.418132,-34.583669,Comuna 14,Carriles Exclusivos,oeste,7091.0
2024-05-29,SANTA FE AV. 3889,-58.418132,-34.583669,Comuna 14,Carriles Exclusivos,oeste,6645.0
2024-06-05,SANTA FE AV. 3889,-58.418132,-34.583669,Comuna 14,Carriles Exclusivos,oeste,7181.0
2024-06-12,SANTA FE AV. 3889,-58.418132,-34.583669,Comuna 14,Carriles Exclusivos,oeste,7280.0
2024-06-19,SANTA FE AV. 3889,-58.418132,-34.583669,Comuna 14,Carriles Exclusivos,oeste,7258.0
2024-06-26,SANTA FE AV. 3889,-58.418132,-34.583669,Comuna 14,Carriles Exclusivos,oeste,7053.0
2024-07-03,SANTA FE AV. 3889,-58.418132,-34.583669,Comuna 14,Carriles Exclusivos,oeste,7144.0
2024-07-10,SANTA FE AV. 3889,-58.418132,-34.583669,Comuna 14,Carriles Exclusivos,oeste,7057.0
2024-07-17,SANTA FE AV. 3889,-58.418132,-34.583669,Comuna 14,Carriles Exclusivos,oeste,7191.0
2024-07-24,SANTA FE AV. 3889,-58.418132,-34.583669,Comuna 14,Carriles Exclusivos,oeste,7121.0
2024-07-31,SANTA FE AV. 3889,-58.418132,-34.583669,Comuna 14,Carriles Exclusivos,oeste,6927.0
2024-01-03,SANTA FE AV. 1483,-58.388215,-34.595676,Comuna 2,Carriles Exclusivos,oeste,4465.0
2024-01-10,SANTA FE AV. 1483,-58.388215,-34.595676,Comuna 2,Carriles Exclusivos,oeste,3969.0
2024-01-17,SANTA FE AV. 1483,-58.388215,-34.595676,Comuna 2,Carriles Exclusivos,oeste,4118.0
2024-01-24,SANTA FE AV. 1483,-58.388215,-34.595676,Comuna 2,Carriles Exclusivos,oeste,3354.0
2024-01-31,SANTA FE AV. 1483,-58.388215,-34.595676,Comuna 2,Carriles Exclusivos,oeste,3926.0
2024-02-07,SANTA FE AV. 1483,-58.388215,-34.595676,Comuna 2,Carriles Exclusivos,oeste,4604.0
2024-02-14,SANTA FE AV. 1483,-58.388215,-34.595676,Comuna 2,Carriles Exclusivos,oeste,4746.0
2024-02-21,SANTA FE AV. 1483,-58.388215,-34.595676,Comuna 2,Carriles Exclusivos,oeste,4937.0
2024-02-28,SANTA FE AV. 1483,-58.388215,-34.595676,Comuna 2,Carriles Exclusivos,oeste,4886.0
2024-03-06,SANTA FE AV. 1483,-58.388215,-34.595676,Comuna 2,Carriles Exclusivos,oeste,5084.0
2024-03-13,SANTA FE AV. 1483,-58.388215,-34.595676,Comuna 2,Carriles Exclusivos,oeste,4428.0
2024-03-20,SANTA FE AV. 1483,-58.388215,-34.595676,Comuna 2,Carriles Exclusivos,oeste,2193.0
2024-03-27,SANTA FE AV. 1483,-58.388215,-34.595676,Comuna 2,Carriles Exclusivos,oeste,5212.0
2024-04-03,SANTA FE AV. 1483,-58.388215,-34.595676,Comuna 2,Carriles Exclusivos,oeste,4767.0
2024-04-10,SANTA FE AV. 1483,-58.388215,-34.595676,Comuna 2,Carriles Exclusivos,oeste,5268.0
2024-04-17,SANTA FE AV. 1483,-58.388215,-34.595676,Comuna 2,Carriles Exclusivos,oeste,5257.0
2024-04-24,SANTA FE AV. 1483,-58.388215,-34.595676,Comuna 2,Carriles Exclusivos,oeste,5167.0
2024-05-01,SANTA FE AV. 1483,-58.388215,-34.595676,Comuna 2,Carriles Exclusivos,oeste,2243.0
2024-05-08,SANTA FE AV. 1483,-58.388215,-34.595676,Comuna 2,Carriles Exclusivos,oeste,4758.0
2024-05-15,SANTA FE AV. 1483,-58.388215,-34.595676,Comuna 2,Carriles Exclusivos,oeste,4810.0
2024-05-22,SANTA FE AV. 1483,-58.388215,-34.595676,Comuna 2,Carriles Exclusivos,oeste,5112.0
2024-05-29,SANTA FE AV. 1483,-58.388215,-34.595676,Comuna 2,Carriles Exclusivos,oeste,4302.0
2024-06-05,SANTA FE AV. 1483,-58.388215,-34.595676,Comuna 2,Carriles Exclusivos,oeste,4543.0
2024-06-12,SANTA FE AV. 1483,-58.388215,-34.595676,Comuna 2,Carriles Exclusivos,oeste,4702.0
2024-06-19,SANTA FE AV. 1483,-58.388215,-34.595676,Comuna 2,Carriles Exclusivos,oeste,4541.0
2024-06-26,SANTA FE AV. 1483,-58.388215,-34.595676,Comuna 2,Carriles Exclusivos,oeste,4530.0
2024-07-03,SANTA FE AV. 1483,-58.388215,-34.595676,Comuna 2,Carriles Exclusivos,oeste,4385.0
2024-07-10,SANTA FE AV. 1483,-58.388215,-34.595676,Comuna 2,Carriles Exclusivos,oeste,4250.0
2024-07-17,SANTA FE AV. 1483,-58.388215,-34.595676,Comuna 2,Carriles Exclusivos,oeste,4262.0
2024-07-24,SANTA FE AV. 1483,-58.388215,-34.595676,Comuna 2,Carriles Exclusivos,oeste,4135.0
2024-07-31,SANTA FE AV. 1483,-58.388215,-34.595676,Comuna 2,Carriles Exclusivos,oeste,4937.0
2024-01-03,LAS HERAS GENERAL AV. 1870,-58.392633,-34.591284,Comuna 2,Carriles Exclusivos,este,5127.0
2024-01-10,LAS HERAS GENERAL AV. 1870,-58.392633,-34.591284,Comuna 2,Carriles Exclusivos,este,4943.0
2024-01-17,LAS HERAS GENERAL AV. 1870,-58.392633,-34.591284,Comuna 2,Carriles Exclusivos,este,4946.0
2024-01-24,LAS HERAS GENERAL AV. 1870,-58.392633,-34.591284,Comuna 2,Carriles Exclusivos,este,3960.0
2024-01-31,LAS HERAS GENERAL AV. 1870,-58.392633,-34.591284,Comuna 2,Carriles Exclusivos,este,4746.0
2024-02-07,LAS HERAS GENERAL AV. 1870,-58.392633,-34.591284,Comuna 2,Carriles Exclusivos,este,5324.0
2024-02-14,LAS HERAS GENERAL AV. 1870,-58.392633,-34.591284,Comuna 2,Carriles Exclusivos,este,4646.0
2024-02-21,LAS HERAS GENERAL AV. 1870,-58.392633,-34.591284,Comuna 2,Carriles Exclusivos,este,5030.0
2024-02-28,LAS HERAS GENERAL AV. 1870,-58.392633,-34.591284,Comuna 2,Carriles Exclusivos,este,5009.0
2024-03-06,LAS HERAS GENERAL AV. 1870,-58.392633,-34.591284,Comuna 2,Carriles Exclusivos,este,5449.0
2024-03-13,LAS HERAS GENERAL AV. 1870,-58.392633,-34.591284,Comuna 2,Carriles Exclusivos,este,3593.0
2024-03-20,LAS HERAS GENERAL AV. 1870,-58.392633,-34.591284,Comuna 2,Carriles Exclusivos,este,4548.0
2024-03-27,LAS HERAS GENERAL AV. 1870,-58.392633,-34.591284,Comuna 2,Carriles Exclusivos,este,5065.0
2024-04-03,LAS HERAS GENERAL AV. 1870,-58.392633,-34.591284,Comuna 2,Carriles Exclusivos,este,4752.0
2024-04-10,LAS HERAS GENERAL AV. 1870,-58.392633,-34.591284,Comuna 2,Carriles Exclusivos,este,5072.0
2024-04-17,LAS HERAS GENERAL AV. 1870,-58.392633,-34.591284,Comuna 2,Carriles Exclusivos,este,5418.0
2024-04-24,LAS HERAS GENERAL AV. 1870,-58.392633,-34.591284,Comuna 2,Carriles Exclusivos,este,5160.0
2024-05-01,LAS HERAS GENERAL AV. 1870,-58.392633,-34.591284,Comuna 2,Carriles Exclusivos,este,3562.0
2024-05-08,LAS HERAS GENERAL AV. 1870,-58.392633,-34.591284,Comuna 2,Carriles Exclusivos,este,1180.0
2024-05-15,LAS HERAS GENERAL AV. 1870,-58.392633,-34.591284,Comuna 2,Carriles Exclusivos,este,5130.0
2024-05-22,LAS HERAS GENERAL AV. 1870,-58.392633,-34.591284,Comuna 2,Carriles Exclusivos,este,5212.0
2024-05-29,LAS HERAS GENERAL AV. 1870,-58.392633,-34.591284,Comuna 2,Carriles Exclusivos,este,4780.0
2024-06-05,LAS HERAS GENERAL AV. 1870,-58.392633,-34.591284,Comuna 2,Carriles Exclusivos,este,5115.0
2024-06-12,LAS HERAS GENERAL AV. 1870,-58.392633,-34.591284,Comuna 2,Carriles Exclusivos,este,4907.0
2024-06-19,LAS HERAS GENERAL AV. 1870,-58.392633,-34.591284,Comuna 2,Carriles Exclusivos,este,5031.0
2024-06-26,LAS HERAS GENERAL AV. 1870,-58.392633,-34.591284,Comuna 2,Carriles Exclusivos,este,5038.0
2024-07-03,LAS HERAS GENERAL AV. 1870,-58.392633,-34.591284,Comuna 2,Carriles Exclusivos,este,5326.0
2024-07-10,LAS HERAS GENERAL AV. 1870,-58.392633,-34.591284,Comuna 2,Carriles Exclusivos,este,5049.0
2024-07-17,LAS HERAS GENERAL AV. 1870,-58.392633,-34.591284,Comuna 2,Carriles Exclusivos,este,4865.0
2024-07-24,LAS HERAS GENERAL AV. 1870,-58.392633,-34.591284,Comuna 2,Carriles Exclusivos,este,4360.0
2024-07-31,LAS HERAS GENERAL AV. 1870,-58.392633,-34.591284,Comuna 2,Carriles Exclusivos,este,5096.0
2024-01-03,LAS HERAS GENERAL AV. 2252,-58.396535,-34.588012,Comuna 2,Carriles Exclusivos,este,3298.0
2024-01-10,LAS HERAS GENERAL AV. 2252,-58.396535,-34.588012,Comuna 2,Carriles Exclusivos,este,2935.0
2024-01-17,LAS HERAS GENERAL AV. 2252,-58.396535,-34.588012,Comuna 2,Carriles Exclusivos,este,3119.0
2024-01-24,LAS HERAS GENERAL AV. 2252,-58.396535,-34.588012,Comuna 2,Carriles Exclusivos,este,2527.0
2024-01-31,LAS HERAS GENERAL AV. 2252,-58.396535,-34.588012,Comuna 2,Carriles Exclusivos,este,3164.0
2024-02-07,LAS HERAS GENERAL AV. 2252,-58.396535,-34.588012,Comuna 2,Carriles Exclusivos,este,4332.0
2024-02-14,LAS HERAS GENERAL AV. 2252,-58.396535,-34.588012,Comuna 2,Carriles Exclusivos,este,3453.0
2024-02-21,LAS HERAS GENERAL AV. 2252,-58.396535,-34.588012,Comuna 2,Carriles Exclusivos,este,3868.0
2024-02-28,LAS HERAS GENERAL AV. 2252,-58.396535,-34.588012,Comuna 2,Carriles Exclusivos,este,3878.0
2024-03-06,LAS HERAS GENERAL AV. 2252,-58.396535,-34.588012,Comuna 2,Carriles Exclusivos,este,4173.0
2024-03-13,LAS HERAS GENERAL AV. 2252,-58.396535,-34.588012,Comuna 2,Carriles Exclusivos,este,3075.0
2024-03-20,LAS HERAS GENERAL AV. 2252,-58.396535,-34.588012,Comuna 2,Carriles Exclusivos,este,2530.0
2024-03-27,LAS HERAS GENERAL AV. 2252,-58.396535,-34.588012,Comuna 2,Carriles Exclusivos,este,3600.0
2024-04-03,LAS HERAS GENERAL AV. 2252,-58.396535,-34.588012,Comuna 2,Carriles Exclusivos,este,3010.0
2024-04-10,LAS HERAS GENERAL AV. 2252,-58.396535,-34.588012,Comuna 2,Carriles Exclusivos,este,3598.0
2024-04-17,LAS HERAS GENERAL AV. 2252,-58.396535,-34.588012,Comuna 2,Carriles Exclusivos,este,3619.0
2024-04-24,LAS HERAS GENERAL AV. 2252,-58.396535,-34.588012,Comuna 2,Carriles Exclusivos,este,3625.0
2024-05-01,LAS HERAS GENERAL AV. 2252,-58.396535,-34.588012,Comuna 2,Carriles Exclusivos,este,1940.0
2024-05-08,LAS HERAS GENERAL AV. 2252,-58.396535,-34.588012,Comuna 2,Carriles Exclusivos,este,3957.0
2024-05-15,LAS HERAS GENERAL AV. 2252,-58.396535,-34.588012,Comuna 2,Carriles Exclusivos,este,3900.0
2024-05-22,LAS HERAS GENERAL AV. 2252,-58.396535,-34.588012,Comuna 2,Carriles Exclusivos,este,3782.0
2024-05-29,LAS HERAS GENERAL AV. 2252,-58.396535,-34.588012,Comuna 2,Carriles Exclusivos,este,3422.0
2024-06-05,LAS HERAS GENERAL AV. 2252,-58.396535,-34.588012,Comuna 2,Carriles Exclusivos,este,3381.0
2024-06-12,LAS HERAS GENERAL AV. 2252,-58.396535,-34.588012,Comuna 2,Carriles Exclusivos,este,3409.0
2024-06-19,LAS HERAS GENERAL AV. 2252,-58.396535,-34.588012,Comuna 2,Carriles Exclusivos,este,3470.0
2024-06-26,LAS HERAS GENERAL AV. 2252,-58.396535,-34.588012,Comuna 2,Carriles Exclusivos,este,3497.0
2024-07-03,LAS HERAS GENERAL AV. 2252,-58.396535,-34.588012,Comuna 2,Carriles Exclusivos,este,3648.0
2024-07-10,LAS HERAS GENERAL AV. 2252,-58.396535,-34.588012,Comuna 2,Carriles Exclusivos,este,3401.0
2024-07-17,LAS HERAS GENERAL AV. 2252,-58.396535,-34.588012,Comuna 2,Carriles Exclusivos,este,3420.0
2024-07-24,LAS HERAS GENERAL AV. 2252,-58.396535,-34.588012,Comuna 2,Carriles Exclusivos,este,2883.0
2024-07-31,LAS HERAS GENERAL AV. 2252,-58.396535,-34.588012,Comuna 2,Carriles Exclusivos,este,3586.0
2024-01-03,PUEYRREDON AV. 350,-58.405942,-34.606096,Comuna 3,Carriles Exclusivos,sur,4162.0
2024-01-10,PUEYRREDON AV. 350,-58.405942,-34.606096,Comuna 3,Carriles Exclusivos,sur,3498.0
2024-01-17,PUEYRREDON AV. 350,-58.405942,-34.606096,Comuna 3,Carriles Exclusivos,sur,3939.0
2024-01-24,PUEYRREDON AV. 350,-58.405942,-34.606096,Comuna 3,Carriles Exclusivos,sur,3589.0
2024-01-31,PUEYRREDON AV. 350,-58.405942,-34.606096,Comuna 3,Carriles Exclusivos,sur,3775.0
2024-02-07,PUEYRREDON AV. 350,-58.405942,-34.606096,Comuna 3,Carriles Exclusivos,sur,6802.0
2024-02-14,PUEYRREDON AV. 350,-58.405942,-34.606096,Comuna 3,Carriles Exclusivos,sur,4906.0
2024-02-21,PUEYRREDON AV. 350,-58.405942,-34.606096,Comuna 3,Carriles Exclusivos,sur,9.0
2024-03-06,PUEYRREDON AV. 350,-58.405942,-34.606096,Comuna 3,Carriles Exclusivos,sur,9339.0
2024-03-13,PUEYRREDON AV. 350,-58.405942,-34.606096,Comuna 3,Carriles Exclusivos,sur,9265.0
2024-03-20,PUEYRREDON AV. 350,-58.405942,-34.606096,Comuna 3,Carriles Exclusivos,sur,7673.0
2024-03-27,PUEYRREDON AV. 350,-58.405942,-34.606096,Comuna 3,Carriles Exclusivos,sur,10102.0
2024-04-03,PUEYRREDON AV. 350,-58.405942,-34.606096,Comuna 3,Carriles Exclusivos,sur,8511.0
2024-04-10,PUEYRREDON AV. 350,-58.405942,-34.606096,Comuna 3,Carriles Exclusivos,sur,10369.0
2024-04-17,PUEYRREDON AV. 350,-58.405942,-34.606096,Comuna 3,Carriles Exclusivos,sur,9303.0
2024-04-24,PUEYRREDON AV. 350,-58.405942,-34.606096,Comuna 3,Carriles Exclusivos,sur,9608.0
2024-05-01,PUEYRREDON AV. 350,-58.405942,-34.606096,Comuna 3,Carriles Exclusivos,sur,7588.0
2024-05-08,PUEYRREDON AV. 350,-58.405942,-34.606096,Comuna 3,Carriles Exclusivos,sur,9806.0
2024-05-15,PUEYRREDON AV. 350,-58.405942,-34.606096,Comuna 3,Carriles Exclusivos,sur,9603.0
2024-05-22,PUEYRREDON AV. 350,-58.405942,-34.606096,Comuna 3,Carriles Exclusivos,sur,9100.0
2024-05-29,PUEYRREDON AV. 350,-58.405942,-34.606096,Comuna 3,Carriles Exclusivos,sur,8790.0
2024-06-05,PUEYRREDON AV. 350,-58.405942,-34.606096,Comuna 3,Carriles Exclusivos,sur,8758.0
2024-06-12,PUEYRREDON AV. 350,-58.405942,-34.606096,Comuna 3,Carriles Exclusivos,sur,8720.0
2024-06-19,PUEYRREDON AV. 350,-58.405942,-34.606096,Comuna 3,Carriles Exclusivos,sur,9481.0
2024-06-26,PUEYRREDON AV. 350,-58.405942,-34.606096,Comuna 3,Carriles Exclusivos,sur,8909.0
2024-07-03,PUEYRREDON AV. 350,-58.405942,-34.606096,Comuna 3,Carriles Exclusivos,sur,8597.0
2024-07-10,PUEYRREDON AV. 350,-58.405942,-34.606096,Comuna 3,Carriles Exclusivos,sur,8523.0
2024-07-17,PUEYRREDON AV. 350,-58.405942,-34.606096,Comuna 3,Carriles Exclusivos,sur,8699.0
2024-07-24,PUEYRREDON AV. 350,-58.405942,-34.606096,Comuna 3,Carriles Exclusivos,sur,8081.0
2024-07-31,PUEYRREDON AV. 350,-58.405942,-34.606096,Comuna 3,Carriles Exclusivos,sur,8449.0
2024-01-03,CORDOBA AV. 3647,-58.417813,-34.597727,Comuna 14,Carriles Exclusivos,oeste,7910.0
2024-01-10,CORDOBA AV. 3647,-58.417813,-34.597727,Comuna 14,Carriles Exclusivos,oeste,7685.0
2024-01-17,CORDOBA AV. 3647,-58.417813,-34.597727,Comuna 14,Carriles Exclusivos,oeste,7399.0
2024-01-24,CORDOBA AV. 3647,-58.417813,-34.597727,Comuna 14,Carriles Exclusivos,oeste,3781.0
2024-01-31,CORDOBA AV. 3647,-58.417813,-34.597727,Comuna 14,Carriles Exclusivos,oeste,8816.0
2024-02-07,CORDOBA AV. 3647,-58.417813,-34.597727,Comuna 14,Carriles Exclusivos,oeste,9660.0
2024-02-14,CORDOBA AV. 3647,-58.417813,-34.597727,Comuna 14,Carriles Exclusivos,oeste,9258.0
2024-02-21,CORDOBA AV. 3647,-58.417813,-34.597727,Comuna 14,Carriles Exclusivos,oeste,9140.0
2024-02-28,CORDOBA AV. 3647,-58.417813,-34.597727,Comuna 14,Carriles Exclusivos,oeste,9493.0
2024-03-06,CORDOBA AV. 3647,-58.417813,-34.597727,Comuna 14,Carriles Exclusivos,oeste,9821.0
2024-03-13,CORDOBA AV. 3647,-58.417813,-34.597727,Comuna 14,Carriles Exclusivos,oeste,8947.0
2024-03-20,CORDOBA AV. 3647,-58.417813,-34.597727,Comuna 14,Carriles Exclusivos,oeste,7608.0
2024-03-27,CORDOBA AV. 3647,-58.417813,-34.597727,Comuna 14,Carriles Exclusivos,oeste,9535.0
2024-04-03,CORDOBA AV. 3647,-58.417813,-34.597727,Comuna 14,Carriles Exclusivos,oeste,8959.0
2024-04-10,CORDOBA AV. 3647,-58.417813,-34.597727,Comuna 14,Carriles Exclusivos,oeste,9512.0
2024-04-17,CORDOBA AV. 3647,-58.417813,-34.597727,Comuna 14,Carriles Exclusivos,oeste,5116.0
2024-04-24,CORDOBA AV. 3647,-58.417813,-34.597727,Comuna 14,Carriles Exclusivos,oeste,4282.0
2024-05-01,CORDOBA AV. 3647,-58.417813,-34.597727,Comuna 14,Carriles Exclusivos,oeste,3742.0
2024-05-08,CORDOBA AV. 3647,-58.417813,-34.597727,Comuna 14,Carriles Exclusivos,oeste,9766.0
2024-05-15,CORDOBA AV. 3647,-58.417813,-34.597727,Comuna 14,Carriles Exclusivos,oeste,9075.0
2024-05-22,CORDOBA AV. 3647,-58.417813,-34.597727,Comuna 14,Carriles Exclusivos,oeste,9271.0
2024-05-29,CORDOBA AV. 3647,-58.417813,-34.597727,Comuna 14,Carriles Exclusivos,oeste,8731.0
2024-06-05,CORDOBA AV. 3647,-58.417813,-34.597727,Comuna 14,Carriles Exclusivos,oeste,9572.0
2024-06-12,CORDOBA AV. 3647,-58.417813,-34.597727,Comuna 14,Carriles Exclusivos,oeste,9282.0
2024-06-19,CORDOBA AV. 3647,-58.417813,-34.597727,Comuna 14,Carriles Exclusivos,oeste,9745.0
2024-06-26,CORDOBA AV. 3647,-58.417813,-34.597727,Comuna 14,Carriles Exclusivos,oeste,9725.0
2024-07-03,CORDOBA AV. 3647,-58.417813,-34.597727,Comuna 14,Carriles Exclusivos,oeste,10252.0
2024-07-10,CORDOBA AV. 3647,-58.417813,-34.597727,Comuna 14,Carriles Exclusivos,oeste,9197.0
2024-07-17,CORDOBA AV. 3647,-58.417813,-34.597727,Comuna 14,Carriles Exclusivos,oeste,9379.0
2024-07-24,CORDOBA AV. 3647,-58.417813,-34.597727,Comuna 14,Carriles Exclusivos,oeste,9939.0
2024-07-31,CORDOBA AV. 3647,-58.417813,-34.597727,Comuna 14,Carriles Exclusivos,oeste,10313.0
2024-01-03,CALLAO AV. 337,-58.392133,-34.605181,Comuna 1,Carriles Exclusivos,norte,8658.0
2024-01-10,CALLAO AV. 337,-58.392133,-34.605181,Comuna 1,Carriles Exclusivos,norte,8867.0
2024-01-17,CALLAO AV. 337,-58.392133,-34.605181,Comuna 1,Carriles Exclusivos,norte,8784.0
2024-01-24,CALLAO AV. 337,-58.392133,-34.605181,Comuna 1,Carriles Exclusivos,norte,4346.0
2024-01-31,CALLAO AV. 337,-58.392133,-34.605181,Comuna 1,Carriles Exclusivos,norte,6962.0
2024-02-07,CALLAO AV. 337,-58.392133,-34.605181,Comuna 1,Carriles Exclusivos,norte,8716.0
2024-02-14,CALLAO AV. 337,-58.392133,-34.605181,Comuna 1,Carriles Exclusivos,norte,9194.0
2024-02-21,CALLAO AV. 337,-58.392133,-34.605181,Comuna 1,Carriles Exclusivos,norte,8957.0
2024-02-28,CALLAO AV. 337,-58.392133,-34.605181,Comuna 1,Carriles Exclusivos,norte,9356.0
2024-03-06,CALLAO AV. 337,-58.392133,-34.605181,Comuna 1,Carriles Exclusivos,norte,8816.0
2024-03-13,CALLAO AV. 337,-58.392133,-34.605181,Comuna 1,Carriles Exclusivos,norte,8465.0
2024-03-20,CALLAO AV. 337,-58.392133,-34.605181,Comuna 1,Carriles Exclusivos,norte,7294.0
2024-03-27,CALLAO AV. 337,-58.392133,-34.605181,Comuna 1,Carriles Exclusivos,norte,8013.0
2024-04-03,CALLAO AV. 337,-58.392133,-34.605181,Comuna 1,Carriles Exclusivos,norte,4212.0
2024-04-10,CALLAO AV. 337,-58.392133,-34.605181,Comuna 1,Carriles Exclusivos,norte,8516.0
2024-04-17,CALLAO AV. 337,-58.392133,-34.605181,Comuna 1,Carriles Exclusivos,norte,8586.0
2024-04-24,CALLAO AV. 337,-58.392133,-34.605181,Comuna 1,Carriles Exclusivos,norte,8330.0
2024-05-01,CALLAO AV. 337,-58.392133,-34.605181,Comuna 1,Carriles Exclusivos,norte,5224.0
2024-05-08,CALLAO AV. 337,-58.392133,-34.605181,Comuna 1,Carriles Exclusivos,norte,9683.0
2024-05-15,CALLAO AV. 337,-58.392133,-34.605181,Comuna 1,Carriles Exclusivos,norte,9320.0
2024-05-22,CALLAO AV. 337,-58.392133,-34.605181,Comuna 1,Carriles Exclusivos,norte,8925.0
2024-05-29,CALLAO AV. 337,-58.392133,-34.605181,Comuna 1,Carriles Exclusivos,norte,8248.0
2024-06-05,CALLAO AV. 337,-58.392133,-34.605181,Comuna 1,Carriles Exclusivos,norte,8851.0
2024-06-12,CALLAO AV. 337,-58.392133,-34.605181,Comuna 1,Carriles Exclusivos,norte,4128.0
2024-06-19,CALLAO AV. 337,-58.392133,-34.605181,Comuna 1,Carriles Exclusivos,norte,9289.0
2024-06-26,CALLAO AV. 337,-58.392133,-34.605181,Comuna 1,Carriles Exclusivos,norte,8817.0
2024-07-03,CALLAO AV. 337,-58.392133,-34.605181,Comuna 1,Carriles Exclusivos,norte,8884.0
2024-07-10,CALLAO AV. 337,-58.392133,-34.605181,Comuna 1,Carriles Exclusivos,norte,8669.0
2024-07-17,CALLAO AV. 337,-58.392133,-34.605181,Comuna 1,Carriles Exclusivos,norte,9237.0
2024-07-24,CALLAO AV. 337,-58.392133,-34.605181,Comuna 1,Carriles Exclusivos,norte,9007.0
2024-07-31,CALLAO AV. 337,-58.392133,-34.605181,Comuna 1,Carriles Exclusivos,norte,8850.0
2024-01-03,PUEYRREDON AV. 768,-58.404705,-34.601207,Comuna 3,Carriles Exclusivos,sur,4868.0
2024-01-10,PUEYRREDON AV. 768,-58.404705,-34.601207,Comuna 3,Carriles Exclusivos,sur,6473.0
2024-01-17,PUEYRREDON AV. 768,-58.404705,-34.601207,Comuna 3,Carriles Exclusivos,sur,5509.0
2024-01-24,PUEYRREDON AV. 768,-58.404705,-34.601207,Comuna 3,Carriles Exclusivos,sur,5698.0
2024-01-31,PUEYRREDON AV. 768,-58.404705,-34.601207,Comuna 3,Carriles Exclusivos,sur,5959.0
2024-02-07,PUEYRREDON AV. 768,-58.404705,-34.601207,Comuna 3,Carriles Exclusivos,sur,6967.0
2024-02-14,PUEYRREDON AV. 768,-58.404705,-34.601207,Comuna 3,Carriles Exclusivos,sur,7076.0
2024-02-21,PUEYRREDON AV. 768,-58.404705,-34.601207,Comuna 3,Carriles Exclusivos,sur,7122.0
2024-02-28,PUEYRREDON AV. 768,-58.404705,-34.601207,Comuna 3,Carriles Exclusivos,sur,6857.0
2024-03-06,PUEYRREDON AV. 768,-58.404705,-34.601207,Comuna 3,Carriles Exclusivos,sur,6449.0
2024-03-13,PUEYRREDON AV. 768,-58.404705,-34.601207,Comuna 3,Carriles Exclusivos,sur,6713.0
2024-03-20,PUEYRREDON AV. 768,-58.404705,-34.601207,Comuna 3,Carriles Exclusivos,sur,5738.0
2024-03-27,PUEYRREDON AV. 768,-58.404705,-34.601207,Comuna 3,Carriles Exclusivos,sur,7074.0
2024-04-03,PUEYRREDON AV. 768,-58.404705,-34.601207,Comuna 3,Carriles Exclusivos,sur,6372.0
2024-04-10,PUEYRREDON AV. 768,-58.404705,-34.601207,Comuna 3,Carriles Exclusivos,sur,6602.0
2024-05-22,PUEYRREDON AV. 768,-58.404705,-34.601207,Comuna 3,Carriles Exclusivos,sur,6941.0
2024-05-29,PUEYRREDON AV. 768,-58.404705,-34.601207,Comuna 3,Carriles Exclusivos,sur,6533.0
2024-06-05,PUEYRREDON AV. 768,-58.404705,-34.601207,Comuna 3,Carriles Exclusivos,sur,6625.0
2024-06-12,PUEYRREDON AV. 768,-58.404705,-34.601207,Comuna 3,Carriles Exclusivos,sur,6068.0
2024-06-19,PUEYRREDON AV. 768,-58.404705,-34.601207,Comuna 3,Carriles Exclusivos,sur,7153.0
2024-06-26,PUEYRREDON AV. 768,-58.404705,-34.601207,Comuna 3,Carriles Exclusivos,sur,6823.0
2024-07-03,PUEYRREDON AV. 768,-58.404705,-34.601207,Comuna 3,Carriles Exclusivos,sur,2877.0
2024-07-10,PUEYRREDON AV. 768,-58.404705,-34.601207,Comuna 3,Carriles Exclusivos,sur,2807.0
2024-07-17,PUEYRREDON AV. 768,-58.404705,-34.601207,Comuna 3,Carriles Exclusivos,sur,3130.0
2024-07-24,PUEYRREDON AV. 768,-58.404705,-34.601207,Comuna 3,Carriles Exclusivos,sur,4918.0
2024-07-31,PUEYRREDON AV. 768,-58.404705,-34.601207,Comuna 3,Carriles Exclusivos,sur,5737.0
2024-01-03,PUEYRREDON AV. 870,-58.404389,-34.600218,Comuna 3,Carriles Exclusivos,sur,5316.0
2024-01-10,PUEYRREDON AV. 870,-58.404389,-34.600218,Comuna 3,Carriles Exclusivos,sur,5677.0
2024-01-17,PUEYRREDON AV. 870,-58.404389,-34.600218,Comuna 3,Carriles Exclusivos,sur,5401.0
2024-01-24,PUEYRREDON AV. 870,-58.404389,-34.600218,Comuna 3,Carriles Exclusivos,sur,5495.0
2024-01-31,PUEYRREDON AV. 870,-58.404389,-34.600218,Comuna 3,Carriles Exclusivos,sur,5294.0
2024-02-07,PUEYRREDON AV. 870,-58.404389,-34.600218,Comuna 3,Carriles Exclusivos,sur,5686.0
2024-02-21,PUEYRREDON AV. 870,-58.404389,-34.600218,Comuna 3,Carriles Exclusivos,sur,5838.0
2024-02-28,PUEYRREDON AV. 870,-58.404389,-34.600218,Comuna 3,Carriles Exclusivos,sur,5217.0
2024-03-06,PUEYRREDON AV. 870,-58.404389,-34.600218,Comuna 3,Carriles Exclusivos,sur,4766.0
2024-03-13,PUEYRREDON AV. 870,-58.404389,-34.600218,Comuna 3,Carriles Exclusivos,sur,5279.0
2024-03-20,PUEYRREDON AV. 870,-58.404389,-34.600218,Comuna 3,Carriles Exclusivos,sur,4735.0
2024-03-27,PUEYRREDON AV. 870,-58.404389,-34.600218,Comuna 3,Carriles Exclusivos,sur,5243.0
2024-04-03,PUEYRREDON AV. 870,-58.404389,-34.600218,Comuna 3,Carriles Exclusivos,sur,4848.0
2024-04-10,PUEYRREDON AV. 870,-58.404389,-34.600218,Comuna 3,Carriles Exclusivos,sur,5251.0
2024-04-17,PUEYRREDON AV. 870,-58.404389,-34.600218,Comuna 3,Carriles Exclusivos,sur,5594.0
2024-04-24,PUEYRREDON AV. 870,-58.404389,-34.600218,Comuna 3,Carriles Exclusivos,sur,5228.0
2024-05-01,PUEYRREDON AV. 870,-58.404389,-34.600218,Comuna 3,Carriles Exclusivos,sur,5306.0
2024-05-08,PUEYRREDON AV. 870,-58.404389,-34.600218,Comuna 3,Carriles Exclusivos,sur,5687.0
2024-05-15,PUEYRREDON AV. 870,-58.404389,-34.600218,Comuna 3,Carriles Exclusivos,sur,5497.0
2024-05-22,PUEYRREDON AV. 870,-58.404389,-34.600218,Comuna 3,Carriles Exclusivos,sur,5110.0
2024-05-29,PUEYRREDON AV. 870,-58.404389,-34.600218,Comuna 3,Carriles Exclusivos,sur,4614.0
2024-06-05,PUEYRREDON AV. 870,-58.404389,-34.600218,Comuna 3,Carriles Exclusivos,sur,5175.0
2024-06-12,PUEYRREDON AV. 870,-58.404389,-34.600218,Comuna 3,Carriles Exclusivos,sur,4720.0
2024-06-19,PUEYRREDON AV. 870,-58.404389,-34.600218,Comuna 3,Carriles Exclusivos,sur,5604.0
2024-06-26,PUEYRREDON AV. 870,-58.404389,-34.600218,Comuna 3,Carriles Exclusivos,sur,5529.0
2024-07-03,PUEYRREDON AV. 870,-58.404389,-34.600218,Comuna 3,Carriles Exclusivos,sur,5352.0
2024-07-10,PUEYRREDON AV. 870,-58.404389,-34.600218,Comuna 3,Carriles Exclusivos,sur,5228.0
2024-07-17,PUEYRREDON AV. 870,-58.404389,-34.600218,Comuna 3,Carriles Exclusivos,sur,5434.0
2024-07-24,PUEYRREDON AV. 870,-58.404389,-34.600218,Comuna 3,Carriles Exclusivos,sur,5493.0
2024-07-31,PUEYRREDON AV. 870,-58.404389,-34.600218,Comuna 3,Carriles Exclusivos,sur,5558.0
2024-01-03,ROSARIO 21,-58.429075,-34.618311,Comuna 6,calle_avenida,este,10139.0
2024-01-10,ROSARIO 21,-58.429075,-34.618311,Comuna 6,calle_avenida,este,10560.0
2024-01-17,ROSARIO 21,-58.429075,-34.618311,Comuna 6,calle_avenida,este,9312.0
2024-01-24,ROSARIO 21,-58.429075,-34.618311,Comuna 6,calle_avenida,este,7499.0
2024-01-31,ROSARIO 21,-58.429075,-34.618311,Comuna 6,calle_avenida,este,9554.0
2024-02-07,ROSARIO 21,-58.429075,-34.618311,Comuna 6,calle_avenida,este,11845.0
2024-02-14,ROSARIO 21,-58.429075,-34.618311,Comuna 6,calle_avenida,este,10707.0
2024-02-21,ROSARIO 21,-58.429075,-34.618311,Comuna 6,calle_avenida,este,10434.0
2024-02-28,ROSARIO 21,-58.429075,-34.618311,Comuna 6,calle_avenida,este,11241.0
2024-03-06,ROSARIO 21,-58.429075,-34.618311,Comuna 6,calle_avenida,este,10670.0
2024-03-13,ROSARIO 21,-58.429075,-34.618311,Comuna 6,calle_avenida,este,13152.0
2024-03-20,ROSARIO 21,-58.429075,-34.618311,Comuna 6,calle_avenida,este,180.0
2024-03-27,ROSARIO 21,-58.429075,-34.618311,Comuna 6,calle_avenida,este,5347.0
2024-04-03,ROSARIO 21,-58.429075,-34.618311,Comuna 6,calle_avenida,este,4873.0
2024-04-10,ROSARIO 21,-58.429075,-34.618311,Comuna 6,calle_avenida,este,4612.0
2024-04-17,ROSARIO 21,-58.429075,-34.618311,Comuna 6,calle_avenida,este,4463.0
2024-04-24,ROSARIO 21,-58.429075,-34.618311,Comuna 6,calle_avenida,este,4252.0
2024-05-01,ROSARIO 21,-58.429075,-34.618311,Comuna 6,calle_avenida,este,3245.0
2024-05-08,ROSARIO 21,-58.429075,-34.618311,Comuna 6,calle_avenida,este,6118.0
2024-05-15,ROSARIO 21,-58.429075,-34.618311,Comuna 6,calle_avenida,este,6246.0
2024-05-22,ROSARIO 21,-58.429075,-34.618311,Comuna 6,calle_avenida,este,5965.0
2024-05-29,ROSARIO 21,-58.429075,-34.618311,Comuna 6,calle_avenida,este,5955.0
2024-06-05,ROSARIO 21,-58.429075,-34.618311,Comuna 6,calle_avenida,este,5250.0
2024-06-12,ROSARIO 21,-58.429075,-34.618311,Comuna 6,calle_avenida,este,6372.0
2024-06-19,ROSARIO 21,-58.429075,-34.618311,Comuna 6,calle_avenida,este,6986.0
2024-06-26,ROSARIO 21,-58.429075,-34.618311,Comuna 6,calle_avenida,este,6701.0
2024-07-03,ROSARIO 21,-58.429075,-34.618311,Comuna 6,calle_avenida,este,7130.0
2024-07-10,ROSARIO 21,-58.429075,-34.618311,Comuna 6,calle_avenida,este,7188.0
2024-07-17,ROSARIO 21,-58.429075,-34.618311,Comuna 6,calle_avenida,este,7368.0
2024-07-24,ROSARIO 21,-58.429075,-34.618311,Comuna 6,calle_avenida,este,6603.0
2024-07-31,ROSARIO 21,-58.429075,-34.618311,Comuna 6,calle_avenida,este,7008.0
2024-01-03,CORDOBA AV. 2149,-58.398175,-34.599668,Comuna 2,Carriles Exclusivos,oeste,9887.0
2024-01-10,CORDOBA AV. 2149,-58.398175,-34.599668,Comuna 2,Carriles Exclusivos,oeste,8932.0
2024-01-17,CORDOBA AV. 2149,-58.398175,-34.599668,Comuna 2,Carriles Exclusivos,oeste,8796.0
2024-01-24,CORDOBA AV. 2149,-58.398175,-34.599668,Comuna 2,Carriles Exclusivos,oeste,6939.0
2024-01-31,CORDOBA AV. 2149,-58.398175,-34.599668,Comuna 2,Carriles Exclusivos,oeste,9211.0
2024-02-07,CORDOBA AV. 2149,-58.398175,-34.599668,Comuna 2,Carriles Exclusivos,oeste,10233.0
2024-02-14,CORDOBA AV. 2149,-58.398175,-34.599668,Comuna 2,Carriles Exclusivos,oeste,10443.0
2024-02-21,CORDOBA AV. 2149,-58.398175,-34.599668,Comuna 2,Carriles Exclusivos,oeste,9610.0
2024-02-28,CORDOBA AV. 2149,-58.398175,-34.599668,Comuna 2,Carriles Exclusivos,oeste,9736.0
2024-03-06,CORDOBA AV. 2149,-58.398175,-34.599668,Comuna 2,Carriles Exclusivos,oeste,10081.0
2024-03-13,CORDOBA AV. 2149,-58.398175,-34.599668,Comuna 2,Carriles Exclusivos,oeste,9525.0
2024-03-20,CORDOBA AV. 2149,-58.398175,-34.599668,Comuna 2,Carriles Exclusivos,oeste,7728.0
2024-03-27,CORDOBA AV. 2149,-58.398175,-34.599668,Comuna 2,Carriles Exclusivos,oeste,9686.0
2024-04-03,CORDOBA AV. 2149,-58.398175,-34.599668,Comuna 2,Carriles Exclusivos,oeste,9130.0
2024-04-10,CORDOBA AV. 2149,-58.398175,-34.599668,Comuna 2,Carriles Exclusivos,oeste,9201.0
2024-04-17,CORDOBA AV. 2149,-58.398175,-34.599668,Comuna 2,Carriles Exclusivos,oeste,9838.0
2024-04-24,CORDOBA AV. 2149,-58.398175,-34.599668,Comuna 2,Carriles Exclusivos,oeste,10236.0
2024-05-01,CORDOBA AV. 2149,-58.398175,-34.599668,Comuna 2,Carriles Exclusivos,oeste,4649.0
2024-05-08,CORDOBA AV. 2149,-58.398175,-34.599668,Comuna 2,Carriles Exclusivos,oeste,10801.0
2024-05-15,CORDOBA AV. 2149,-58.398175,-34.599668,Comuna 2,Carriles Exclusivos,oeste,9473.0
2024-05-22,CORDOBA AV. 2149,-58.398175,-34.599668,Comuna 2,Carriles Exclusivos,oeste,9883.0
2024-05-29,CORDOBA AV. 2149,-58.398175,-34.599668,Comuna 2,Carriles Exclusivos,oeste,9047.0
2024-06-05,CORDOBA AV. 2149,-58.398175,-34.599668,Comuna 2,Carriles Exclusivos,oeste,9629.0
2024-06-12,CORDOBA AV. 2149,-58.398175,-34.599668,Comuna 2,Carriles Exclusivos,oeste,9257.0
2024-06-19,CORDOBA AV. 2149,-58.398175,-34.599668,Comuna 2,Carriles Exclusivos,oeste,9903.0
2024-06-26,CORDOBA AV. 2149,-58.398175,-34.599668,Comuna 2,Carriles Exclusivos,oeste,9802.0
2024-07-03,CORDOBA AV. 2149,-58.398175,-34.599668,Comuna 2,Carriles Exclusivos,oeste,9897.0
2024-07-10,CORDOBA AV. 2149,-58.398175,-34.599668,Comuna 2,Carriles Exclusivos,oeste,9907.0
2024-07-17,CORDOBA AV. 2149,-58.398175,-34.599668,Comuna 2,Carriles Exclusivos,oeste,11711.0
2024-07-24,CORDOBA AV. 2149,-58.398175,-34.599668,Comuna 2,Carriles Exclusivos,oeste,9298.0
2024-07-31,CORDOBA AV. 2149,-58.398175,-34.599668,Comuna 2,Carriles Exclusivos,oeste,9669.0
2024-01-03,AU. 25 DE MAYO - SENTIDO PROVINCIA - PK 2+701,-58.439777,-34.631321,Comuna 7,Autopista,oeste,29247.0
2024-01-10,AU. 25 DE MAYO - SENTIDO PROVINCIA - PK 2+701,-58.439777,-34.631321,Comuna 7,Autopista,oeste,20657.0
2024-01-17,AU. 25 DE MAYO - SENTIDO PROVINCIA - PK 2+701,-58.439777,-34.631321,Comuna 7,Autopista,oeste,26411.0
2024-01-24,AU. 25 DE MAYO - SENTIDO PROVINCIA - PK 2+701,-58.439777,-34.631321,Comuna 7,Autopista,oeste,24878.0
2024-01-31,AU. 25 DE MAYO - SENTIDO PROVINCIA - PK 2+701,-58.439777,-34.631321,Comuna 7,Autopista,oeste,31445.0
2024-02-07,AU. 25 DE MAYO - SENTIDO PROVINCIA - PK 2+701,-58.439777,-34.631321,Comuna 7,Autopista,oeste,28510.0
2024-02-14,AU. 25 DE MAYO - SENTIDO PROVINCIA - PK 2+701,-58.439777,-34.631321,Comuna 7,Autopista,oeste,24488.0
2024-02-21,AU. 25 DE MAYO - SENTIDO PROVINCIA - PK 2+701,-58.439777,-34.631321,Comuna 7,Autopista,oeste,32891.0
2024-02-28,AU. 25 DE MAYO - SENTIDO PROVINCIA - PK 2+701,-58.439777,-34.631321,Comuna 7,Autopista,oeste,31086.0
2024-03-06,AU. 25 DE MAYO - SENTIDO PROVINCIA - PK 2+701,-58.439777,-34.631321,Comuna 7,Autopista,oeste,30284.0
2024-03-13,AU. 25 DE MAYO - SENTIDO PROVINCIA - PK 2+701,-58.439777,-34.631321,Comuna 7,Autopista,oeste,29263.0
2024-03-20,AU. 25 DE MAYO - SENTIDO PROVINCIA - PK 2+701,-58.439777,-34.631321,Comuna 7,Autopista,oeste,26773.0
2024-03-27,AU. 25 DE MAYO - SENTIDO PROVINCIA - PK 2+701,-58.439777,-34.631321,Comuna 7,Autopista,oeste,31677.0
2024-04-03,AU. 25 DE MAYO - SENTIDO PROVINCIA - PK 2+701,-58.439777,-34.631321,Comuna 7,Autopista,oeste,34506.0
2024-04-10,AU. 25 DE MAYO - SENTIDO PROVINCIA - PK 2+701,-58.439777,-34.631321,Comuna 7,Autopista,oeste,30552.0
2024-04-17,AU. 25 DE MAYO - SENTIDO PROVINCIA - PK 2+701,-58.439777,-34.631321,Comuna 7,Autopista,oeste,27829.0
2024-04-24,AU. 25 DE MAYO - SENTIDO PROVINCIA - PK 2+701,-58.439777,-34.631321,Comuna 7,Autopista,oeste,27210.0
2024-05-01,AU. 25 DE MAYO - SENTIDO PROVINCIA - PK 2+701,-58.439777,-34.631321,Comuna 7,Autopista,oeste,18027.0
2024-05-08,AU. 25 DE MAYO - SENTIDO PROVINCIA - PK 2+701,-58.439777,-34.631321,Comuna 7,Autopista,oeste,2194.0
2024-05-15,AU. 25 DE MAYO - SENTIDO PROVINCIA - PK 2+701,-58.439777,-34.631321,Comuna 7,Autopista,oeste,21009.0
2024-05-22,AU. 25 DE MAYO - SENTIDO PROVINCIA - PK 2+701,-58.439777,-34.631321,Comuna 7,Autopista,oeste,33752.0
2024-05-29,AU. 25 DE MAYO - SENTIDO PROVINCIA - PK 2+701,-58.439777,-34.631321,Comuna 7,Autopista,oeste,34112.0
2024-06-05,AU. 25 DE MAYO - SENTIDO PROVINCIA - PK 2+701,-58.439777,-34.631321,Comuna 7,Autopista,oeste,32979.0
2024-06-12,AU. 25 DE MAYO - SENTIDO PROVINCIA - PK 2+701,-58.439777,-34.631321,Comuna 7,Autopista,oeste,33601.0
2024-06-19,AU. 25 DE MAYO - SENTIDO PROVINCIA - PK 2+701,-58.439777,-34.631321,Comuna 7,Autopista,oeste,35386.0
2024-06-26,AU. 25 DE MAYO - SENTIDO PROVINCIA - PK 2+701,-58.439777,-34.631321,Comuna 7,Autopista,oeste,31406.0
2024-07-03,AU. 25 DE MAYO - SENTIDO PROVINCIA - PK 2+701,-58.439777,-34.631321,Comuna 7,Autopista,oeste,32326.0
2024-07-10,AU. 25 DE MAYO - SENTIDO PROVINCIA - PK 2+701,-58.439777,-34.631321,Comuna 7,Autopista,oeste,20588.0
2024-07-17,AU. 25 DE MAYO - SENTIDO PROVINCIA - PK 2+701,-58.439777,-34.631321,Comuna 7,Autopista,oeste,31335.0
2024-07-24,AU. 25 DE MAYO - SENTIDO PROVINCIA - PK 2+701,-58.439777,-34.631321,Comuna 7,Autopista,oeste,32582.0
2024-07-31,AU. 25 DE MAYO - SENTIDO PROVINCIA - PK 2+701,-58.439777,-34.631321,Comuna 7,Autopista,oeste,33901.0
2024-01-03,PUEYRREDON AV. 459,-58.405495,-34.60505,Comuna 3,Carriles Exclusivos,norte,6177.0
2024-01-10,PUEYRREDON AV. 459,-58.405495,-34.60505,Comuna 3,Carriles Exclusivos,norte,5929.0
2024-01-17,PUEYRREDON AV. 459,-58.405495,-34.60505,Comuna 3,Carriles Exclusivos,norte,6101.0
2024-01-24,PUEYRREDON AV. 459,-58.405495,-34.60505,Comuna 3,Carriles Exclusivos,norte,5530.0
2024-01-31,PUEYRREDON AV. 459,-58.405495,-34.60505,Comuna 3,Carriles Exclusivos,norte,6207.0
2024-02-07,PUEYRREDON AV. 459,-58.405495,-34.60505,Comuna 3,Carriles Exclusivos,norte,6111.0
2024-02-14,PUEYRREDON AV. 459,-58.405495,-34.60505,Comuna 3,Carriles Exclusivos,norte,6307.0
2024-02-21,PUEYRREDON AV. 459,-58.405495,-34.60505,Comuna 3,Carriles Exclusivos,norte,6401.0
2024-02-28,PUEYRREDON AV. 459,-58.405495,-34.60505,Comuna 3,Carriles Exclusivos,norte,6457.0
2024-03-06,PUEYRREDON AV. 459,-58.405495,-34.60505,Comuna 3,Carriles Exclusivos,norte,6822.0
2024-03-13,PUEYRREDON AV. 459,-58.405495,-34.60505,Comuna 3,Carriles Exclusivos,norte,6286.0
2024-03-20,PUEYRREDON AV. 459,-58.405495,-34.60505,Comuna 3,Carriles Exclusivos,norte,5520.0
2024-03-27,PUEYRREDON AV. 459,-58.405495,-34.60505,Comuna 3,Carriles Exclusivos,norte,6615.0
2024-04-03,PUEYRREDON AV. 459,-58.405495,-34.60505,Comuna 3,Carriles Exclusivos,norte,6356.0
2024-04-10,PUEYRREDON AV. 459,-58.405495,-34.60505,Comuna 3,Carriles Exclusivos,norte,6780.0
2024-04-17,PUEYRREDON AV. 459,-58.405495,-34.60505,Comuna 3,Carriles Exclusivos,norte,6781.0
2024-04-24,PUEYRREDON AV. 459,-58.405495,-34.60505,Comuna 3,Carriles Exclusivos,norte,6698.0
2024-05-01,PUEYRREDON AV. 459,-58.405495,-34.60505,Comuna 3,Carriles Exclusivos,norte,3862.0
2024-05-08,PUEYRREDON AV. 459,-58.405495,-34.60505,Comuna 3,Carriles Exclusivos,norte,7042.0
2024-05-15,PUEYRREDON AV. 459,-58.405495,-34.60505,Comuna 3,Carriles Exclusivos,norte,6612.0
2024-05-22,PUEYRREDON AV. 459,-58.405495,-34.60505,Comuna 3,Carriles Exclusivos,norte,6794.0
2024-05-29,PUEYRREDON AV. 459,-58.405495,-34.60505,Comuna 3,Carriles Exclusivos,norte,6293.0
2024-06-05,PUEYRREDON AV. 459,-58.405495,-34.60505,Comuna 3,Carriles Exclusivos,norte,6506.0
2024-06-12,PUEYRREDON AV. 459,-58.405495,-34.60505,Comuna 3,Carriles Exclusivos,norte,7174.0
2024-06-19,PUEYRREDON AV. 459,-58.405495,-34.60505,Comuna 3,Carriles Exclusivos,norte,6779.0
2024-06-26,PUEYRREDON AV. 459,-58.405495,-34.60505,Comuna 3,Carriles Exclusivos,norte,6409.0
2024-07-03,PUEYRREDON AV. 459,-58.405495,-34.60505,Comuna 3,Carriles Exclusivos,norte,6323.0
2024-07-10,PUEYRREDON AV. 459,-58.405495,-34.60505,Comuna 3,Carriles Exclusivos,norte,6405.0
2024-07-17,PUEYRREDON AV. 459,-58.405495,-34.60505,Comuna 3,Carriles Exclusivos,norte,5910.0
2024-07-24,PUEYRREDON AV. 459,-58.405495,-34.60505,Comuna 3,Carriles Exclusivos,norte,6118.0
2024-07-31,PUEYRREDON AV. 459,-58.405495,-34.60505,Comuna 3,Carriles Exclusivos,norte,6263.0
2024-01-03,CORDOBA AV. 1431,-58.387335,-34.599232,Comuna 2,Carriles Exclusivos,oeste,6073.0
2024-01-10,CORDOBA AV. 1431,-58.387335,-34.599232,Comuna 2,Carriles Exclusivos,oeste,5698.0
2024-01-17,CORDOBA AV. 1431,-58.387335,-34.599232,Comuna 2,Carriles Exclusivos,oeste,5690.0
2024-01-24,CORDOBA AV. 1431,-58.387335,-34.599232,Comuna 2,Carriles Exclusivos,oeste,4729.0
2024-01-31,CORDOBA AV. 1431,-58.387335,-34.599232,Comuna 2,Carriles Exclusivos,oeste,6170.0
2024-02-07,CORDOBA AV. 1431,-58.387335,-34.599232,Comuna 2,Carriles Exclusivos,oeste,7271.0
2024-02-14,CORDOBA AV. 1431,-58.387335,-34.599232,Comuna 2,Carriles Exclusivos,oeste,5939.0
2024-02-21,CORDOBA AV. 1431,-58.387335,-34.599232,Comuna 2,Carriles Exclusivos,oeste,6858.0
2024-02-28,CORDOBA AV. 1431,-58.387335,-34.599232,Comuna 2,Carriles Exclusivos,oeste,6358.0
2024-03-06,CORDOBA AV. 1431,-58.387335,-34.599232,Comuna 2,Carriles Exclusivos,oeste,6702.0
2024-03-13,CORDOBA AV. 1431,-58.387335,-34.599232,Comuna 2,Carriles Exclusivos,oeste,6710.0
2024-03-20,CORDOBA AV. 1431,-58.387335,-34.599232,Comuna 2,Carriles Exclusivos,oeste,5269.0
2024-03-27,CORDOBA AV. 1431,-58.387335,-34.599232,Comuna 2,Carriles Exclusivos,oeste,6826.0
2024-04-03,CORDOBA AV. 1431,-58.387335,-34.599232,Comuna 2,Carriles Exclusivos,oeste,6989.0
2024-04-10,CORDOBA AV. 1431,-58.387335,-34.599232,Comuna 2,Carriles Exclusivos,oeste,6505.0
2024-04-17,CORDOBA AV. 1431,-58.387335,-34.599232,Comuna 2,Carriles Exclusivos,oeste,6861.0
2024-04-24,CORDOBA AV. 1431,-58.387335,-34.599232,Comuna 2,Carriles Exclusivos,oeste,6906.0
2024-05-01,CORDOBA AV. 1431,-58.387335,-34.599232,Comuna 2,Carriles Exclusivos,oeste,2982.0
2024-05-08,CORDOBA AV. 1431,-58.387335,-34.599232,Comuna 2,Carriles Exclusivos,oeste,6881.0
2024-05-15,CORDOBA AV. 1431,-58.387335,-34.599232,Comuna 2,Carriles Exclusivos,oeste,6364.0
2024-05-22,CORDOBA AV. 1431,-58.387335,-34.599232,Comuna 2,Carriles Exclusivos,oeste,6802.0
2024-05-29,CORDOBA AV. 1431,-58.387335,-34.599232,Comuna 2,Carriles Exclusivos,oeste,5834.0
2024-06-05,CORDOBA AV. 1431,-58.387335,-34.599232,Comuna 2,Carriles Exclusivos,oeste,6773.0
2024-06-12,CORDOBA AV. 1431,-58.387335,-34.599232,Comuna 2,Carriles Exclusivos,oeste,6965.0
2024-06-19,CORDOBA AV. 1431,-58.387335,-34.599232,Comuna 2,Carriles Exclusivos,oeste,6457.0
2024-06-26,CORDOBA AV. 1431,-58.387335,-34.599232,Comuna 2,Carriles Exclusivos,oeste,6699.0
2024-07-03,CORDOBA AV. 1431,-58.387335,-34.599232,Comuna 2,Carriles Exclusivos,oeste,6426.0
2024-07-10,CORDOBA AV. 1431,-58.387335,-34.599232,Comuna 2,Carriles Exclusivos,oeste,5929.0
2024-07-17,CORDOBA AV. 1431,-58.387335,-34.599232,Comuna 2,Carriles Exclusivos,oeste,6129.0
2024-07-24,CORDOBA AV. 1431,-58.387335,-34.599232,Comuna 2,Carriles Exclusivos,oeste,6337.0
2024-07-31,CORDOBA AV. 1431,-58.387335,-34.599232,Comuna 2,Carriles Exclusivos,oeste,6568.0
2024-01-03,ENTRE RIOS AV. 678,-58.391572,-34.616551,Comuna 1,Carriles Exclusivos,norte,3197.0
2024-01-10,ENTRE RIOS AV. 678,-58.391572,-34.616551,Comuna 1,Carriles Exclusivos,norte,3037.0
2024-01-17,ENTRE RIOS AV. 678,-58.391572,-34.616551,Comuna 1,Carriles Exclusivos,norte,3256.0
2024-01-24,ENTRE RIOS AV. 678,-58.391572,-34.616551,Comuna 1,Carriles Exclusivos,norte,2190.0
2024-01-31,ENTRE RIOS AV. 678,-58.391572,-34.616551,Comuna 1,Carriles Exclusivos,norte,2875.0
2024-02-07,ENTRE RIOS AV. 678,-58.391572,-34.616551,Comuna 1,Carriles Exclusivos,norte,3188.0
2024-02-14,ENTRE RIOS AV. 678,-58.391572,-34.616551,Comuna 1,Carriles Exclusivos,norte,3083.0
2024-02-21,ENTRE RIOS AV. 678,-58.391572,-34.616551,Comuna 1,Carriles Exclusivos,norte,3344.0
2024-02-28,ENTRE RIOS AV. 678,-58.391572,-34.616551,Comuna 1,Carriles Exclusivos,norte,3013.0
2024-03-06,ENTRE RIOS AV. 678,-58.391572,-34.616551,Comuna 1,Carriles Exclusivos,norte,3309.0
2024-03-13,ENTRE RIOS AV. 678,-58.391572,-34.616551,Comuna 1,Carriles Exclusivos,norte,2689.0
2024-03-20,ENTRE RIOS AV. 678,-58.391572,-34.616551,Comuna 1,Carriles Exclusivos,norte,2614.0
2024-03-27,ENTRE RIOS AV. 678,-58.391572,-34.616551,Comuna 1,Carriles Exclusivos,norte,2954.0
2024-04-03,ENTRE RIOS AV. 678,-58.391572,-34.616551,Comuna 1,Carriles Exclusivos,norte,2839.0
2024-04-10,ENTRE RIOS AV. 678,-58.391572,-34.616551,Comuna 1,Carriles Exclusivos,norte,3127.0
2024-04-17,ENTRE RIOS AV. 678,-58.391572,-34.616551,Comuna 1,Carriles Exclusivos,norte,2957.0
2024-04-24,ENTRE RIOS AV. 678,-58.391572,-34.616551,Comuna 1,Carriles Exclusivos,norte,3060.0
2024-05-01,ENTRE RIOS AV. 678,-58.391572,-34.616551,Comuna 1,Carriles Exclusivos,norte,1649.0
2024-05-08,ENTRE RIOS AV. 678,-58.391572,-34.616551,Comuna 1,Carriles Exclusivos,norte,2973.0
2024-05-15,ENTRE RIOS AV. 678,-58.391572,-34.616551,Comuna 1,Carriles Exclusivos,norte,3152.0
2024-05-22,ENTRE RIOS AV. 678,-58.391572,-34.616551,Comuna 1,Carriles Exclusivos,norte,3101.0
2024-05-29,ENTRE RIOS AV. 678,-58.391572,-34.616551,Comuna 1,Carriles Exclusivos,norte,2807.0
2024-06-05,ENTRE RIOS AV. 678,-58.391572,-34.616551,Comuna 1,Carriles Exclusivos,norte,3458.0
2024-06-12,ENTRE RIOS AV. 678,-58.391572,-34.616551,Comuna 1,Carriles Exclusivos,norte,1727.0
2024-06-19,ENTRE RIOS AV. 678,-58.391572,-34.616551,Comuna 1,Carriles Exclusivos,norte,3481.0
2024-06-26,ENTRE RIOS AV. 678,-58.391572,-34.616551,Comuna 1,Carriles Exclusivos,norte,3418.0
2024-07-03,ENTRE RIOS AV. 678,-58.391572,-34.616551,Comuna 1,Carriles Exclusivos,norte,3436.0
2024-07-10,ENTRE RIOS AV. 678,-58.391572,-34.616551,Comuna 1,Carriles Exclusivos,norte,3153.0
2024-07-17,ENTRE RIOS AV. 678,-58.391572,-34.616551,Comuna 1,Carriles Exclusivos,norte,3192.0
2024-07-24,ENTRE RIOS AV. 678,-58.391572,-34.616551,Comuna 1,Carriles Exclusivos,norte,3057.0
2024-07-31,ENTRE RIOS AV. 678,-58.391572,-34.616551,Comuna 1,Carriles Exclusivos,norte,3370.0
2024-01-03,CORDOBA AV. 2801,-58.407164,-34.597965,Comuna 2,Carriles Exclusivos,oeste,9723.0
2024-01-10,CORDOBA AV. 2801,-58.407164,-34.597965,Comuna 2,Carriles Exclusivos,oeste,9431.0
2024-01-17,CORDOBA AV. 2801,-58.407164,-34.597965,Comuna 2,Carriles Exclusivos,oeste,8678.0
2024-01-24,CORDOBA AV. 2801,-58.407164,-34.597965,Comuna 2,Carriles Exclusivos,oeste,6967.0
2024-01-31,CORDOBA AV. 2801,-58.407164,-34.597965,Comuna 2,Carriles Exclusivos,oeste,9119.0
2024-02-07,CORDOBA AV. 2801,-58.407164,-34.597965,Comuna 2,Carriles Exclusivos,oeste,10574.0
2024-02-14,CORDOBA AV. 2801,-58.407164,-34.597965,Comuna 2,Carriles Exclusivos,oeste,10129.0
2024-02-21,CORDOBA AV. 2801,-58.407164,-34.597965,Comuna 2,Carriles Exclusivos,oeste,9274.0
2024-02-28,CORDOBA AV. 2801,-58.407164,-34.597965,Comuna 2,Carriles Exclusivos,oeste,9626.0
2024-03-06,CORDOBA AV. 2801,-58.407164,-34.597965,Comuna 2,Carriles Exclusivos,oeste,10070.0
2024-03-13,CORDOBA AV. 2801,-58.407164,-34.597965,Comuna 2,Carriles Exclusivos,oeste,9138.0
2024-03-20,CORDOBA AV. 2801,-58.407164,-34.597965,Comuna 2,Carriles Exclusivos,oeste,7863.0
2024-03-27,CORDOBA AV. 2801,-58.407164,-34.597965,Comuna 2,Carriles Exclusivos,oeste,9441.0
2024-04-03,CORDOBA AV. 2801,-58.407164,-34.597965,Comuna 2,Carriles Exclusivos,oeste,9491.0
2024-04-10,CORDOBA AV. 2801,-58.407164,-34.597965,Comuna 2,Carriles Exclusivos,oeste,9849.0
2024-04-17,CORDOBA AV. 2801,-58.407164,-34.597965,Comuna 2,Carriles Exclusivos,oeste,9541.0
2024-04-24,CORDOBA AV. 2801,-58.407164,-34.597965,Comuna 2,Carriles Exclusivos,oeste,10161.0
2024-05-01,CORDOBA AV. 2801,-58.407164,-34.597965,Comuna 2,Carriles Exclusivos,oeste,4301.0
2024-05-08,CORDOBA AV. 2801,-58.407164,-34.597965,Comuna 2,Carriles Exclusivos,oeste,10095.0
2024-05-15,CORDOBA AV. 2801,-58.407164,-34.597965,Comuna 2,Carriles Exclusivos,oeste,9669.0
2024-05-22,CORDOBA AV. 2801,-58.407164,-34.597965,Comuna 2,Carriles Exclusivos,oeste,9926.0
2024-05-29,CORDOBA AV. 2801,-58.407164,-34.597965,Comuna 2,Carriles Exclusivos,oeste,8937.0
2024-06-05,CORDOBA AV. 2801,-58.407164,-34.597965,Comuna 2,Carriles Exclusivos,oeste,9553.0
2024-06-12,CORDOBA AV. 2801,-58.407164,-34.597965,Comuna 2,Carriles Exclusivos,oeste,9278.0
2024-06-19,CORDOBA AV. 2801,-58.407164,-34.597965,Comuna 2,Carriles Exclusivos,oeste,9646.0
2024-06-26,CORDOBA AV. 2801,-58.407164,-34.597965,Comuna 2,Carriles Exclusivos,oeste,9676.0
2024-07-03,CORDOBA AV. 2801,-58.407164,-34.597965,Comuna 2,Carriles Exclusivos,oeste,9775.0
2024-07-10,CORDOBA AV. 2801,-58.407164,-34.597965,Comuna 2,Carriles Exclusivos,oeste,9260.0
2024-07-17,CORDOBA AV. 2801,-58.407164,-34.597965,Comuna 2,Carriles Exclusivos,oeste,8543.0
2024-07-24,CORDOBA AV. 2801,-58.407164,-34.597965,Comuna 2,Carriles Exclusivos,oeste,8970.0
2024-07-31,CORDOBA AV. 2801,-58.407164,-34.597965,Comuna 2,Carriles Exclusivos,oeste,9455.0
2024-01-03,AU. 25 DE MAYO - SENTIDO PROVINCIA - PK 1+261,-58.454008,-34.637039,Comuna 7,Autopista,oeste,30376.0
2024-01-10,AU. 25 DE MAYO - SENTIDO PROVINCIA - PK 1+261,-58.454008,-34.637039,Comuna 7,Autopista,oeste,35621.0
2024-01-17,AU. 25 DE MAYO - SENTIDO PROVINCIA - PK 1+261,-58.454008,-34.637039,Comuna 7,Autopista,oeste,25765.0
2024-01-24,AU. 25 DE MAYO - SENTIDO PROVINCIA - PK 1+261,-58.454008,-34.637039,Comuna 7,Autopista,oeste,23503.0
2024-01-31,AU. 25 DE MAYO - SENTIDO PROVINCIA - PK 1+261,-58.454008,-34.637039,Comuna 7,Autopista,oeste,32919.0
2024-02-07,AU. 25 DE MAYO - SENTIDO PROVINCIA - PK 1+261,-58.454008,-34.637039,Comuna 7,Autopista,oeste,35714.0
2024-02-14,AU. 25 DE MAYO - SENTIDO PROVINCIA - PK 1+261,-58.454008,-34.637039,Comuna 7,Autopista,oeste,37412.0
2024-02-21,AU. 25 DE MAYO - SENTIDO PROVINCIA - PK 1+261,-58.454008,-34.637039,Comuna 7,Autopista,oeste,30800.0
2024-02-28,AU. 25 DE MAYO - SENTIDO PROVINCIA - PK 1+261,-58.454008,-34.637039,Comuna 7,Autopista,oeste,31816.0
2024-03-06,AU. 25 DE MAYO - SENTIDO PROVINCIA - PK 1+261,-58.454008,-34.637039,Comuna 7,Autopista,oeste,30429.0
2024-03-13,AU. 25 DE MAYO - SENTIDO PROVINCIA - PK 1+261,-58.454008,-34.637039,Comuna 7,Autopista,oeste,31538.0
2024-03-20,AU. 25 DE MAYO - SENTIDO PROVINCIA - PK 1+261,-58.454008,-34.637039,Comuna 7,Autopista,oeste,25195.0
2024-03-27,AU. 25 DE MAYO - SENTIDO PROVINCIA - PK 1+261,-58.454008,-34.637039,Comuna 7,Autopista,oeste,34338.0
2024-04-03,AU. 25 DE MAYO - SENTIDO PROVINCIA - PK 1+261,-58.454008,-34.637039,Comuna 7,Autopista,oeste,33589.0
2024-04-10,AU. 25 DE MAYO - SENTIDO PROVINCIA - PK 1+261,-58.454008,-34.637039,Comuna 7,Autopista,oeste,30885.0
2024-04-17,AU. 25 DE MAYO - SENTIDO PROVINCIA - PK 1+261,-58.454008,-34.637039,Comuna 7,Autopista,oeste,26027.0
2024-04-24,AU. 25 DE MAYO - SENTIDO PROVINCIA - PK 1+261,-58.454008,-34.637039,Comuna 7,Autopista,oeste,26575.0
2024-05-01,AU. 25 DE MAYO - SENTIDO PROVINCIA - PK 1+261,-58.454008,-34.637039,Comuna 7,Autopista,oeste,18914.0
2024-05-08,AU. 25 DE MAYO - SENTIDO PROVINCIA - PK 1+261,-58.454008,-34.637039,Comuna 7,Autopista,oeste,32596.0
2024-05-15,AU. 25 DE MAYO - SENTIDO PROVINCIA - PK 1+261,-58.454008,-34.637039,Comuna 7,Autopista,oeste,26358.0
2024-05-22,AU. 25 DE MAYO - SENTIDO PROVINCIA - PK 1+261,-58.454008,-34.637039,Comuna 7,Autopista,oeste,33248.0
2024-05-29,AU. 25 DE MAYO - SENTIDO PROVINCIA - PK 1+261,-58.454008,-34.637039,Comuna 7,Autopista,oeste,31983.0
2024-06-05,AU. 25 DE MAYO - SENTIDO PROVINCIA - PK 1+261,-58.454008,-34.637039,Comuna 7,Autopista,oeste,31306.0
2024-06-12,AU. 25 DE MAYO - SENTIDO PROVINCIA - PK 1+261,-58.454008,-34.637039,Comuna 7,Autopista,oeste,33870.0
2024-06-19,AU. 25 DE MAYO - SENTIDO PROVINCIA - PK 1+261,-58.454008,-34.637039,Comuna 7,Autopista,oeste,29912.0
2024-06-26,AU. 25 DE MAYO - SENTIDO PROVINCIA - PK 1+261,-58.454008,-34.637039,Comuna 7,Autopista,oeste,27764.0
2024-07-03,AU. 25 DE MAYO - SENTIDO PROVINCIA - PK 1+261,-58.454008,-34.637039,Comuna 7,Autopista,oeste,28608.0
2024-07-10,AU. 25 DE MAYO - SENTIDO PROVINCIA - PK 1+261,-58.454008,-34.637039,Comuna 7,Autopista,oeste,26850.0
2024-07-17,AU. 25 DE MAYO - SENTIDO PROVINCIA - PK 1+261,-58.454008,-34.637039,Comuna 7,Autopista,oeste,25200.0
2024-07-24,AU. 25 DE MAYO - SENTIDO PROVINCIA - PK 1+261,-58.454008,-34.637039,Comuna 7,Autopista,oeste,31281.0
2024-07-31,AU. 25 DE MAYO - SENTIDO PROVINCIA - PK 1+261,-58.454008,-34.637039,Comuna 7,Autopista,oeste,29894.0
2024-01-03,AU. PERITO MORENO - SENTIDO PROVINCIA - PK 0+701,-58.522022,-34.636805,Comuna 9,Autopista,oeste,16783.0
2024-01-10,AU. PERITO MORENO - SENTIDO PROVINCIA - PK 0+701,-58.522022,-34.636805,Comuna 9,Autopista,oeste,15932.0
2024-01-17,AU. PERITO MORENO - SENTIDO PROVINCIA - PK 0+701,-58.522022,-34.636805,Comuna 9,Autopista,oeste,8719.0
2024-01-24,AU. PERITO MORENO - SENTIDO PROVINCIA - PK 0+701,-58.522022,-34.636805,Comuna 9,Autopista,oeste,8044.0
2024-01-31,AU. PERITO MORENO - SENTIDO PROVINCIA - PK 0+701,-58.522022,-34.636805,Comuna 9,Autopista,oeste,12100.0
2024-02-07,AU. PERITO MORENO - SENTIDO PROVINCIA - PK 0+701,-58.522022,-34.636805,Comuna 9,Autopista,oeste,14938.0
2024-02-14,AU. PERITO MORENO - SENTIDO PROVINCIA - PK 0+701,-58.522022,-34.636805,Comuna 9,Autopista,oeste,11228.0
2024-02-21,AU. PERITO MORENO - SENTIDO PROVINCIA - PK 0+701,-58.522022,-34.636805,Comuna 9,Autopista,oeste,12653.0
2024-02-28,AU. PERITO MORENO - SENTIDO PROVINCIA - PK 0+701,-58.522022,-34.636805,Comuna 9,Autopista,oeste,11145.0
2024-03-06,AU. PERITO MORENO - SENTIDO PROVINCIA - PK 0+701,-58.522022,-34.636805,Comuna 9,Autopista,oeste,10811.0
2024-03-13,AU. PERITO MORENO - SENTIDO PROVINCIA - PK 0+701,-58.522022,-34.636805,Comuna 9,Autopista,oeste,10242.0
2024-03-20,AU. PERITO MORENO - SENTIDO PROVINCIA - PK 0+701,-58.522022,-34.636805,Comuna 9,Autopista,oeste,7381.0
2024-03-27,AU. PERITO MORENO - SENTIDO PROVINCIA - PK 0+701,-58.522022,-34.636805,Comuna 9,Autopista,oeste,14044.0
2024-04-03,AU. PERITO MORENO - SENTIDO PROVINCIA - PK 0+701,-58.522022,-34.636805,Comuna 9,Autopista,oeste,11542.0
2024-04-10,AU. PERITO MORENO - SENTIDO PROVINCIA - PK 0+701,-58.522022,-34.636805,Comuna 9,Autopista,oeste,12352.0
2024-04-17,AU. PERITO MORENO - SENTIDO PROVINCIA - PK 0+701,-58.522022,-34.636805,Comuna 9,Autopista,oeste,10928.0
2024-04-24,AU. PERITO MORENO - SENTIDO PROVINCIA - PK 0+701,-58.522022,-34.636805,Comuna 9,Autopista,oeste,11049.0
2024-05-01,AU. PERITO MORENO - SENTIDO PROVINCIA - PK 0+701,-58.522022,-34.636805,Comuna 9,Autopista,oeste,7234.0
2024-05-08,AU. PERITO MORENO - SENTIDO PROVINCIA - PK 0+701,-58.522022,-34.636805,Comuna 9,Autopista,oeste,12721.0
2024-05-15,AU. PERITO MORENO - SENTIDO PROVINCIA - PK 0+701,-58.522022,-34.636805,Comuna 9,Autopista,oeste,7737.0
2024-05-22,AU. PERITO MORENO - SENTIDO PROVINCIA - PK 0+701,-58.522022,-34.636805,Comuna 9,Autopista,oeste,11634.0
2024-05-29,AU. PERITO MORENO - SENTIDO PROVINCIA - PK 0+701,-58.522022,-34.636805,Comuna 9,Autopista,oeste,12911.0
2024-06-05,AU. PERITO MORENO - SENTIDO PROVINCIA - PK 0+701,-58.522022,-34.636805,Comuna 9,Autopista,oeste,10779.0
2024-06-12,AU. PERITO MORENO - SENTIDO PROVINCIA - PK 0+701,-58.522022,-34.636805,Comuna 9,Autopista,oeste,13523.0
2024-06-19,AU. PERITO MORENO - SENTIDO PROVINCIA - PK 0+701,-58.522022,-34.636805,Comuna 9,Autopista,oeste,12926.0
2024-06-26,AU. PERITO MORENO - SENTIDO PROVINCIA - PK 0+701,-58.522022,-34.636805,Comuna 9,Autopista,oeste,12326.0
2024-07-10,AU. PERITO MORENO - SENTIDO PROVINCIA - PK 0+701,-58.522022,-34.636805,Comuna 9,Autopista,oeste,9100.0
2024-07-17,AU. PERITO MORENO - SENTIDO PROVINCIA - PK 0+701,-58.522022,-34.636805,Comuna 9,Autopista,oeste,11172.0
2024-07-24,AU. PERITO MORENO - SENTIDO PROVINCIA - PK 0+701,-58.522022,-34.636805,Comuna 9,Autopista,oeste,11867.0
2024-07-31,AU. PERITO MORENO - SENTIDO PROVINCIA - PK 0+701,-58.522022,-34.636805,Comuna 9,Autopista,oeste,11382.0
2024-01-03,"BEIRO, FRANCISCO AV. 2875",-58.494038,-34.594803,Comuna 15,calle_avenida,oeste,7959.0
2024-01-10,"BEIRO, FRANCISCO AV. 2875",-58.494038,-34.594803,Comuna 15,calle_avenida,oeste,7733.0
2024-01-17,"BEIRO, FRANCISCO AV. 2875",-58.494038,-34.594803,Comuna 15,calle_avenida,oeste,6802.0
2024-01-24,"BEIRO, FRANCISCO AV. 2875",-58.494038,-34.594803,Comuna 15,calle_avenida,oeste,6010.0
2024-01-31,"BEIRO, FRANCISCO AV. 2875",-58.494038,-34.594803,Comuna 15,calle_avenida,oeste,7973.0
2024-02-07,"BEIRO, FRANCISCO AV. 2875",-58.494038,-34.594803,Comuna 15,calle_avenida,oeste,7517.0
2024-02-14,"BEIRO, FRANCISCO AV. 2875",-58.494038,-34.594803,Comuna 15,calle_avenida,oeste,6870.0
2024-02-21,"BEIRO, FRANCISCO AV. 2875",-58.494038,-34.594803,Comuna 15,calle_avenida,oeste,6930.0
2024-02-28,"BEIRO, FRANCISCO AV. 2875",-58.494038,-34.594803,Comuna 15,calle_avenida,oeste,7093.0
2024-03-06,"BEIRO, FRANCISCO AV. 2875",-58.494038,-34.594803,Comuna 15,calle_avenida,oeste,7197.0
2024-03-13,"BEIRO, FRANCISCO AV. 2875",-58.494038,-34.594803,Comuna 15,calle_avenida,oeste,8509.0
2024-03-20,"BEIRO, FRANCISCO AV. 2875",-58.494038,-34.594803,Comuna 15,calle_avenida,oeste,6999.0
2024-03-27,"BEIRO, FRANCISCO AV. 2875",-58.494038,-34.594803,Comuna 15,calle_avenida,oeste,7624.0
2024-04-03,"BEIRO, FRANCISCO AV. 2875",-58.494038,-34.594803,Comuna 15,calle_avenida,oeste,7345.0
2024-04-10,"BEIRO, FRANCISCO AV. 2875",-58.494038,-34.594803,Comuna 15,calle_avenida,oeste,7976.0
2024-04-17,"BEIRO, FRANCISCO AV. 2875",-58.494038,-34.594803,Comuna 15,calle_avenida,oeste,6605.0
2024-04-24,"BEIRO, FRANCISCO AV. 2875",-58.494038,-34.594803,Comuna 15,calle_avenida,oeste,6907.0
2024-05-01,"BEIRO, FRANCISCO AV. 2875",-58.494038,-34.594803,Comuna 15,calle_avenida,oeste,5066.0
2024-05-08,"BEIRO, FRANCISCO AV. 2875",-58.494038,-34.594803,Comuna 15,calle_avenida,oeste,7484.0
2024-05-15,"BEIRO, FRANCISCO AV. 2875",-58.494038,-34.594803,Comuna 15,calle_avenida,oeste,7126.0
2024-05-22,"BEIRO, FRANCISCO AV. 2875",-58.494038,-34.594803,Comuna 15,calle_avenida,oeste,7822.0
2024-05-29,"BEIRO, FRANCISCO AV. 2875",-58.494038,-34.594803,Comuna 15,calle_avenida,oeste,7349.0
2024-06-05,"BEIRO, FRANCISCO AV. 2875",-58.494038,-34.594803,Comuna 15,calle_avenida,oeste,7555.0
2024-06-12,"BEIRO, FRANCISCO AV. 2875",-58.494038,-34.594803,Comuna 15,calle_avenida,oeste,7054.0
2024-06-19,"BEIRO, FRANCISCO AV. 2875",-58.494038,-34.594803,Comuna 15,calle_avenida,oeste,7106.0
2024-06-26,"BEIRO, FRANCISCO AV. 2875",-58.494038,-34.594803,Comuna 15,calle_avenida,oeste,7155.0
2024-07-03,"BEIRO, FRANCISCO AV. 2875",-58.494038,-34.594803,Comuna 15,calle_avenida,oeste,6904.0
2024-07-10,"BEIRO, FRANCISCO AV. 2875",-58.494038,-34.594803,Comuna 15,calle_avenida,oeste,6928.0
2024-07-17,"BEIRO, FRANCISCO AV. 2875",-58.494038,-34.594803,Comuna 15,calle_avenida,oeste,6742.0
2024-07-24,"BEIRO, FRANCISCO AV. 2875",-58.494038,-34.594803,Comuna 15,calle_avenida,oeste,6266.0
2024-07-31,"BEIRO, FRANCISCO AV. 2875",-58.494038,-34.594803,Comuna 15,calle_avenida,oeste,7419.0
2024-01-03,CASEROS AV. 3020,-58.406358,-34.637334,Comuna 4,calle_avenida,este,3823.0
2024-01-10,CASEROS AV. 3020,-58.406358,-34.637334,Comuna 4,calle_avenida,este,38.0
2024-01-17,CASEROS AV. 3020,-58.406358,-34.637334,Comuna 4,calle_avenida,este,3142.0
2024-01-31,CASEROS AV. 3020,-58.406358,-34.637334,Comuna 4,calle_avenida,este,2326.0
2024-02-07,CASEROS AV. 3020,-58.406358,-34.637334,Comuna 4,calle_avenida,este,3059.0
2024-02-14,CASEROS AV. 3020,-58.406358,-34.637334,Comuna 4,calle_avenida,este,595.0
2024-02-21,CASEROS AV. 3020,-58.406358,-34.637334,Comuna 4,calle_avenida,este,3870.0
2024-02-28,CASEROS AV. 3020,-58.406358,-34.637334,Comuna 4,calle_avenida,este,3989.0
2024-03-06,CASEROS AV. 3020,-58.406358,-34.637334,Comuna 4,calle_avenida,este,3940.0
2024-03-13,CASEROS AV. 3020,-58.406358,-34.637334,Comuna 4,calle_avenida,este,5033.0
2024-03-20,CASEROS AV. 3020,-58.406358,-34.637334,Comuna 4,calle_avenida,este,3458.0
2024-03-27,CASEROS AV. 3020,-58.406358,-34.637334,Comuna 4,calle_avenida,este,5448.0
2024-04-03,CASEROS AV. 3020,-58.406358,-34.637334,Comuna 4,calle_avenida,este,5309.0
2024-04-10,CASEROS AV. 3020,-58.406358,-34.637334,Comuna 4,calle_avenida,este,5000.0
2024-04-17,CASEROS AV. 3020,-58.406358,-34.637334,Comuna 4,calle_avenida,este,4412.0
2024-04-24,CASEROS AV. 3020,-58.406358,-34.637334,Comuna 4,calle_avenida,este,4143.0
2024-05-01,CASEROS AV. 3020,-58.406358,-34.637334,Comuna 4,calle_avenida,este,2474.0
2024-05-08,CASEROS AV. 3020,-58.406358,-34.637334,Comuna 4,calle_avenida,este,4766.0
2024-05-15,CASEROS AV. 3020,-58.406358,-34.637334,Comuna 4,calle_avenida,este,4557.0
2024-05-22,CASEROS AV. 3020,-58.406358,-34.637334,Comuna 4,calle_avenida,este,4724.0
2024-05-29,CASEROS AV. 3020,-58.406358,-34.637334,Comuna 4,calle_avenida,este,4725.0
2024-06-05,CASEROS AV. 3020,-58.406358,-34.637334,Comuna 4,calle_avenida,este,4790.0
2024-06-12,CASEROS AV. 3020,-58.406358,-34.637334,Comuna 4,calle_avenida,este,4860.0
2024-06-19,CASEROS AV. 3020,-58.406358,-34.637334,Comuna 4,calle_avenida,este,4716.0
2024-06-26,CASEROS AV. 3020,-58.406358,-34.637334,Comuna 4,calle_avenida,este,4437.0
2024-07-03,CASEROS AV. 3020,-58.406358,-34.637334,Comuna 4,calle_avenida,este,4549.0
2024-07-10,CASEROS AV. 3020,-58.406358,-34.637334,Comuna 4,calle_avenida,este,4298.0
2024-07-17,CASEROS AV. 3020,-58.406358,-34.637334,Comuna 4,calle_avenida,este,3600.0
2024-07-24,CASEROS AV. 3020,-58.406358,-34.637334,Comuna 4,calle_avenida,este,4258.0
2024-07-31,CASEROS AV. 3020,-58.406358,-34.637334,Comuna 4,calle_avenida,este,4920.0
2024-01-03,GAONA AV. 2300,-58.459429,-34.613877,Comuna 6,calle_avenida,oeste,30659.0
2024-01-10,GAONA AV. 2300,-58.459429,-34.613877,Comuna 6,calle_avenida,oeste,31958.0
2024-01-17,GAONA AV. 2300,-58.459429,-34.613877,Comuna 6,calle_avenida,oeste,31066.0
2024-01-24,GAONA AV. 2300,-58.459429,-34.613877,Comuna 6,calle_avenida,oeste,29924.0
2024-01-31,GAONA AV. 2300,-58.459429,-34.613877,Comuna 6,calle_avenida,oeste,30467.0
2024-02-07,GAONA AV. 2300,-58.459429,-34.613877,Comuna 6,calle_avenida,oeste,33052.0
2024-02-14,GAONA AV. 2300,-58.459429,-34.613877,Comuna 6,calle_avenida,oeste,33422.0
2024-02-21,GAONA AV. 2300,-58.459429,-34.613877,Comuna 6,calle_avenida,oeste,33677.0
2024-02-28,GAONA AV. 2300,-58.459429,-34.613877,Comuna 6,calle_avenida,oeste,32286.0
2024-03-06,GAONA AV. 2300,-58.459429,-34.613877,Comuna 6,calle_avenida,oeste,33953.0
2024-03-13,GAONA AV. 2300,-58.459429,-34.613877,Comuna 6,calle_avenida,oeste,32323.0
2024-03-20,GAONA AV. 2300,-58.459429,-34.613877,Comuna 6,calle_avenida,oeste,29496.0
2024-03-27,GAONA AV. 2300,-58.459429,-34.613877,Comuna 6,calle_avenida,oeste,32617.0
2024-04-03,GAONA AV. 2300,-58.459429,-34.613877,Comuna 6,calle_avenida,oeste,31618.0
2024-04-10,GAONA AV. 2300,-58.459429,-34.613877,Comuna 6,calle_avenida,oeste,34009.0
2024-04-17,GAONA AV. 2300,-58.459429,-34.613877,Comuna 6,calle_avenida,oeste,32550.0
2024-04-24,GAONA AV. 2300,-58.459429,-34.613877,Comuna 6,calle_avenida,oeste,32106.0
2024-05-01,GAONA AV. 2300,-58.459429,-34.613877,Comuna 6,calle_avenida,oeste,24830.0
2024-05-08,GAONA AV. 2300,-58.459429,-34.613877,Comuna 6,calle_avenida,oeste,33186.0
2024-05-15,GAONA AV. 2300,-58.459429,-34.613877,Comuna 6,calle_avenida,oeste,33281.0
2024-05-22,GAONA AV. 2300,-58.459429,-34.613877,Comuna 6,calle_avenida,oeste,33690.0
2024-05-29,GAONA AV. 2300,-58.459429,-34.613877,Comuna 6,calle_avenida,oeste,33877.0
2024-06-05,GAONA AV. 2300,-58.459429,-34.613877,Comuna 6,calle_avenida,oeste,33169.0
2024-06-12,GAONA AV. 2300,-58.459429,-34.613877,Comuna 6,calle_avenida,oeste,32639.0
2024-06-19,GAONA AV. 2300,-58.459429,-34.613877,Comuna 6,calle_avenida,oeste,33418.0
2024-06-26,GAONA AV. 2300,-58.459429,-34.613877,Comuna 6,calle_avenida,oeste,33461.0
2024-07-03,GAONA AV. 2300,-58.459429,-34.613877,Comuna 6,calle_avenida,oeste,32957.0
2024-07-10,GAONA AV. 2300,-58.459429,-34.613877,Comuna 6,calle_avenida,oeste,33236.0
2024-07-17,GAONA AV. 2300,-58.459429,-34.613877,Comuna 6,calle_avenida,oeste,32147.0
2024-07-24,GAONA AV. 2300,-58.459429,-34.613877,Comuna 6,calle_avenida,oeste,32001.0
2024-07-31,GAONA AV. 2300,-58.459429,-34.613877,Comuna 6,calle_avenida,oeste,33345.0
2024-01-03,"DE IRIGIOYEN, BERNARDO 1026",-58.3799,-34.62006,Comuna 1,calle_avenida,norte,7920.0
2024-01-10,"DE IRIGIOYEN, BERNARDO 1026",-58.3799,-34.62006,Comuna 1,calle_avenida,norte,7959.0
2024-01-17,"DE IRIGIOYEN, BERNARDO 1026",-58.3799,-34.62006,Comuna 1,calle_avenida,norte,8021.0
2024-01-24,"DE IRIGIOYEN, BERNARDO 1026",-58.3799,-34.62006,Comuna 1,calle_avenida,norte,5320.0
2024-01-31,"DE IRIGIOYEN, BERNARDO 1026",-58.3799,-34.62006,Comuna 1,calle_avenida,norte,8175.0
2024-02-07,"DE IRIGIOYEN, BERNARDO 1026",-58.3799,-34.62006,Comuna 1,calle_avenida,norte,8213.0
2024-02-14,"DE IRIGIOYEN, BERNARDO 1026",-58.3799,-34.62006,Comuna 1,calle_avenida,norte,8634.0
2024-02-21,"DE IRIGIOYEN, BERNARDO 1026",-58.3799,-34.62006,Comuna 1,calle_avenida,norte,8454.0
2024-02-28,"DE IRIGIOYEN, BERNARDO 1026",-58.3799,-34.62006,Comuna 1,calle_avenida,norte,8079.0
2024-03-06,"DE IRIGIOYEN, BERNARDO 1026",-58.3799,-34.62006,Comuna 1,calle_avenida,norte,8239.0
2024-03-13,"DE IRIGIOYEN, BERNARDO 1026",-58.3799,-34.62006,Comuna 1,calle_avenida,norte,4558.0
2024-03-20,"DE IRIGIOYEN, BERNARDO 1026",-58.3799,-34.62006,Comuna 1,calle_avenida,norte,6147.0
2024-03-27,"DE IRIGIOYEN, BERNARDO 1026",-58.3799,-34.62006,Comuna 1,calle_avenida,norte,9575.0
2024-04-03,"DE IRIGIOYEN, BERNARDO 1026",-58.3799,-34.62006,Comuna 1,calle_avenida,norte,12119.0
2024-04-10,"DE IRIGIOYEN, BERNARDO 1026",-58.3799,-34.62006,Comuna 1,calle_avenida,norte,12902.0
2024-04-17,"DE IRIGIOYEN, BERNARDO 1026",-58.3799,-34.62006,Comuna 1,calle_avenida,norte,13316.0
2024-04-24,"DE IRIGIOYEN, BERNARDO 1026",-58.3799,-34.62006,Comuna 1,calle_avenida,norte,13107.0
2024-05-01,"DE IRIGIOYEN, BERNARDO 1026",-58.3799,-34.62006,Comuna 1,calle_avenida,norte,6806.0
2024-05-08,"DE IRIGIOYEN, BERNARDO 1026",-58.3799,-34.62006,Comuna 1,calle_avenida,norte,13911.0
2024-05-15,"DE IRIGIOYEN, BERNARDO 1026",-58.3799,-34.62006,Comuna 1,calle_avenida,norte,14328.0
2024-05-22,"DE IRIGIOYEN, BERNARDO 1026",-58.3799,-34.62006,Comuna 1,calle_avenida,norte,13026.0
2024-05-29,"DE IRIGIOYEN, BERNARDO 1026",-58.3799,-34.62006,Comuna 1,calle_avenida,norte,13775.0
2024-06-05,"DE IRIGIOYEN, BERNARDO 1026",-58.3799,-34.62006,Comuna 1,calle_avenida,norte,12556.0
2024-06-12,"DE IRIGIOYEN, BERNARDO 1026",-58.3799,-34.62006,Comuna 1,calle_avenida,norte,10850.0
2024-06-19,"DE IRIGIOYEN, BERNARDO 1026",-58.3799,-34.62006,Comuna 1,calle_avenida,norte,11707.0
2024-06-26,"DE IRIGIOYEN, BERNARDO 1026",-58.3799,-34.62006,Comuna 1,calle_avenida,norte,12873.0
2024-07-03,"DE IRIGIOYEN, BERNARDO 1026",-58.3799,-34.62006,Comuna 1,calle_avenida,norte,12109.0
2024-07-17,"DE IRIGIOYEN, BERNARDO 1026",-58.3799,-34.62006,Comuna 1,calle_avenida,norte,11873.0
2024-07-24,"DE IRIGIOYEN, BERNARDO 1026",-58.3799,-34.62006,Comuna 1,calle_avenida,norte,11310.0
2024-01-03,SAN JUAN AV. 1119,-58.381832,-34.622096,Comuna 1,calle_avenida,este,17220.0
2024-01-10,SAN JUAN AV. 1119,-58.381832,-34.622096,Comuna 1,calle_avenida,este,15094.0
2024-01-17,SAN JUAN AV. 1119,-58.381832,-34.622096,Comuna 1,calle_avenida,este,13942.0
2024-01-24,SAN JUAN AV. 1119,-58.381832,-34.622096,Comuna 1,calle_avenida,este,9672.0
2024-01-31,SAN JUAN AV. 1119,-58.381832,-34.622096,Comuna 1,calle_avenida,este,15293.0
2024-02-07,SAN JUAN AV. 1119,-58.381832,-34.622096,Comuna 1,calle_avenida,este,18931.0
2024-02-14,SAN JUAN AV. 1119,-58.381832,-34.622096,Comuna 1,calle_avenida,este,17395.0
2024-02-21,SAN JUAN AV. 1119,-58.381832,-34.622096,Comuna 1,calle_avenida,este,13561.0
2024-02-28,SAN JUAN AV. 1119,-58.381832,-34.622096,Comuna 1,calle_avenida,este,14267.0
2024-03-06,SAN JUAN AV. 1119,-58.381832,-34.622096,Comuna 1,calle_avenida,este,14995.0
2024-03-13,SAN JUAN AV. 1119,-58.381832,-34.622096,Comuna 1,calle_avenida,este,9138.0
2024-03-20,SAN JUAN AV. 1119,-58.381832,-34.622096,Comuna 1,calle_avenida,este,9409.0
2024-03-27,SAN JUAN AV. 1119,-58.381832,-34.622096,Comuna 1,calle_avenida,este,18993.0
2024-04-03,SAN JUAN AV. 1119,-58.381832,-34.622096,Comuna 1,calle_avenida,este,
2024-04-10,SAN JUAN AV. 1119,-58.381832,-34.622096,Comuna 1,calle_avenida,este,19269.0
2024-04-17,SAN JUAN AV. 1119,-58.381832,-34.622096,Comuna 1,calle_avenida,este,17922.0
2024-04-24,SAN JUAN AV. 1119,-58.381832,-34.622096,Comuna 1,calle_avenida,este,16373.0
2024-05-01,SAN JUAN AV. 1119,-58.381832,-34.622096,Comuna 1,calle_avenida,este,9970.0
2024-05-08,SAN JUAN AV. 1119,-58.381832,-34.622096,Comuna 1,calle_avenida,este,18416.0
2024-05-15,SAN JUAN AV. 1119,-58.381832,-34.622096,Comuna 1,calle_avenida,este,18009.0
2024-05-22,SAN JUAN AV. 1119,-58.381832,-34.622096,Comuna 1,calle_avenida,este,17118.0
2024-05-29,SAN JUAN AV. 1119,-58.381832,-34.622096,Comuna 1,calle_avenida,este,16909.0
2024-06-05,SAN JUAN AV. 1119,-58.381832,-34.622096,Comuna 1,calle_avenida,este,14868.0
2024-06-12,SAN JUAN AV. 1119,-58.381832,-34.622096,Comuna 1,calle_avenida,este,15560.0
2024-06-19,SAN JUAN AV. 1119,-58.381832,-34.622096,Comuna 1,calle_avenida,este,17188.0
2024-06-26,SAN JUAN AV. 1119,-58.381832,-34.622096,Comuna 1,calle_avenida,este,17142.0
2024-07-03,SAN JUAN AV. 1119,-58.381832,-34.622096,Comuna 1,calle_avenida,este,18004.0
2024-07-10,SAN JUAN AV. 1119,-58.381832,-34.622096,Comuna 1,calle_avenida,este,17650.0
2024-07-17,SAN JUAN AV. 1119,-58.381832,-34.622096,Comuna 1,calle_avenida,este,17351.0
2024-07-24,SAN JUAN AV. 1119,-58.381832,-34.622096,Comuna 1,calle_avenida,este,15041.0
2024-07-31,SAN JUAN AV. 1119,-58.381832,-34.622096,Comuna 1,calle_avenida,este,16679.0
2024-01-03,"ALBERDI, JUAN BAUTISTA AV. 890",-58.440541,-34.623013,Comuna 6,calle_avenida,oeste,24426.0
2024-01-10,"ALBERDI, JUAN BAUTISTA AV. 890",-58.440541,-34.623013,Comuna 6,calle_avenida,oeste,25402.0
2024-01-17,"ALBERDI, JUAN BAUTISTA AV. 890",-58.440541,-34.623013,Comuna 6,calle_avenida,oeste,22678.0
2024-01-24,"ALBERDI, JUAN BAUTISTA AV. 890",-58.440541,-34.623013,Comuna 6,calle_avenida,oeste,17320.0
2024-01-31,"ALBERDI, JUAN BAUTISTA AV. 890",-58.440541,-34.623013,Comuna 6,calle_avenida,oeste,23523.0
2024-02-07,"ALBERDI, JUAN BAUTISTA AV. 890",-58.440541,-34.623013,Comuna 6,calle_avenida,oeste,29199.0
2024-02-14,"ALBERDI, JUAN BAUTISTA AV. 890",-58.440541,-34.623013,Comuna 6,calle_avenida,oeste,27578.0
2024-02-21,"ALBERDI, JUAN BAUTISTA AV. 890",-58.440541,-34.623013,Comuna 6,calle_avenida,oeste,24116.0
2024-02-28,"ALBERDI, JUAN BAUTISTA AV. 890",-58.440541,-34.623013,Comuna 6,calle_avenida,oeste,25056.0
2024-03-06,"ALBERDI, JUAN BAUTISTA AV. 890",-58.440541,-34.623013,Comuna 6,calle_avenida,oeste,27240.0
2024-03-13,"ALBERDI, JUAN BAUTISTA AV. 890",-58.440541,-34.623013,Comuna 6,calle_avenida,oeste,30813.0
2024-03-20,"ALBERDI, JUAN BAUTISTA AV. 890",-58.440541,-34.623013,Comuna 6,calle_avenida,oeste,26354.0
2024-03-27,"ALBERDI, JUAN BAUTISTA AV. 890",-58.440541,-34.623013,Comuna 6,calle_avenida,oeste,27065.0
2024-04-03,"ALBERDI, JUAN BAUTISTA AV. 890",-58.440541,-34.623013,Comuna 6,calle_avenida,oeste,29312.0
2024-04-10,"ALBERDI, JUAN BAUTISTA AV. 890",-58.440541,-34.623013,Comuna 6,calle_avenida,oeste,31727.0
2024-04-17,"ALBERDI, JUAN BAUTISTA AV. 890",-58.440541,-34.623013,Comuna 6,calle_avenida,oeste,28748.0
2024-04-24,"ALBERDI, JUAN BAUTISTA AV. 890",-58.440541,-34.623013,Comuna 6,calle_avenida,oeste,30086.0
2024-05-01,"ALBERDI, JUAN BAUTISTA AV. 890",-58.440541,-34.623013,Comuna 6,calle_avenida,oeste,20360.0
2024-05-08,"ALBERDI, JUAN BAUTISTA AV. 890",-58.440541,-34.623013,Comuna 6,calle_avenida,oeste,29916.0
2024-05-15,"ALBERDI, JUAN BAUTISTA AV. 890",-58.440541,-34.623013,Comuna 6,calle_avenida,oeste,30443.0
2024-05-22,"ALBERDI, JUAN BAUTISTA AV. 890",-58.440541,-34.623013,Comuna 6,calle_avenida,oeste,29276.0
2024-05-29,"ALBERDI, JUAN BAUTISTA AV. 890",-58.440541,-34.623013,Comuna 6,calle_avenida,oeste,27153.0
2024-06-05,"ALBERDI, JUAN BAUTISTA AV. 890",-58.440541,-34.623013,Comuna 6,calle_avenida,oeste,18011.0
2024-06-12,"ALBERDI, JUAN BAUTISTA AV. 890",-58.440541,-34.623013,Comuna 6,calle_avenida,oeste,29913.0
2024-06-19,"ALBERDI, JUAN BAUTISTA AV. 890",-58.440541,-34.623013,Comuna 6,calle_avenida,oeste,31490.0
2024-06-26,"ALBERDI, JUAN BAUTISTA AV. 890",-58.440541,-34.623013,Comuna 6,calle_avenida,oeste,20364.0
2024-07-03,"ALBERDI, JUAN BAUTISTA AV. 890",-58.440541,-34.623013,Comuna 6,calle_avenida,oeste,24213.0
2024-01-03,AVELLANEDA AV. 1825,-58.456423,-34.621237,Comuna 7,calle_avenida,este,21746.0
2024-01-10,AVELLANEDA AV. 1825,-58.456423,-34.621237,Comuna 7,calle_avenida,este,22917.0
2024-01-17,AVELLANEDA AV. 1825,-58.456423,-34.621237,Comuna 7,calle_avenida,este,22613.0
2024-01-24,AVELLANEDA AV. 1825,-58.456423,-34.621237,Comuna 7,calle_avenida,este,20981.0
2024-01-31,AVELLANEDA AV. 1825,-58.456423,-34.621237,Comuna 7,calle_avenida,este,23355.0
2024-02-07,AVELLANEDA AV. 1825,-58.456423,-34.621237,Comuna 7,calle_avenida,este,10997.0
2024-02-21,AVELLANEDA AV. 1825,-58.456423,-34.621237,Comuna 7,calle_avenida,este,23156.0
2024-02-28,AVELLANEDA AV. 1825,-58.456423,-34.621237,Comuna 7,calle_avenida,este,24181.0
2024-03-06,AVELLANEDA AV. 1825,-58.456423,-34.621237,Comuna 7,calle_avenida,este,24520.0
2024-03-13,AVELLANEDA AV. 1825,-58.456423,-34.621237,Comuna 7,calle_avenida,este,22703.0
2024-03-20,AVELLANEDA AV. 1825,-58.456423,-34.621237,Comuna 7,calle_avenida,este,18694.0
2024-03-27,AVELLANEDA AV. 1825,-58.456423,-34.621237,Comuna 7,calle_avenida,este,22770.0
2024-04-24,AVELLANEDA AV. 1825,-58.456423,-34.621237,Comuna 7,calle_avenida,este,20246.0
2024-05-01,AVELLANEDA AV. 1825,-58.456423,-34.621237,Comuna 7,calle_avenida,este,13702.0
2024-05-08,AVELLANEDA AV. 1825,-58.456423,-34.621237,Comuna 7,calle_avenida,este,22198.0
2024-05-15,AVELLANEDA AV. 1825,-58.456423,-34.621237,Comuna 7,calle_avenida,este,21297.0
2024-05-22,AVELLANEDA AV. 1825,-58.456423,-34.621237,Comuna 7,calle_avenida,este,21528.0
2024-05-29,AVELLANEDA AV. 1825,-58.456423,-34.621237,Comuna 7,calle_avenida,este,20373.0
2024-06-05,AVELLANEDA AV. 1825,-58.456423,-34.621237,Comuna 7,calle_avenida,este,21169.0
2024-06-12,AVELLANEDA AV. 1825,-58.456423,-34.621237,Comuna 7,calle_avenida,este,21546.0
2024-06-19,AVELLANEDA AV. 1825,-58.456423,-34.621237,Comuna 7,calle_avenida,este,21800.0
2024-06-26,AVELLANEDA AV. 1825,-58.456423,-34.621237,Comuna 7,calle_avenida,este,23356.0
2024-07-03,AVELLANEDA AV. 1825,-58.456423,-34.621237,Comuna 7,calle_avenida,este,22444.0
2024-07-10,AVELLANEDA AV. 1825,-58.456423,-34.621237,Comuna 7,calle_avenida,este,23117.0
2024-07-17,AVELLANEDA AV. 1825,-58.456423,-34.621237,Comuna 7,calle_avenida,este,20817.0
2024-07-24,AVELLANEDA AV. 1825,-58.456423,-34.621237,Comuna 7,calle_avenida,este,20730.0
2024-07-31,AVELLANEDA AV. 1825,-58.456423,-34.621237,Comuna 7,calle_avenida,este,24853.0
2024-01-03,CORRIENTES AV. 3022,-58.408125,-34.604302,Comuna 3,calle_avenida,este,22514.0
2024-01-10,CORRIENTES AV. 3022,-58.408125,-34.604302,Comuna 3,calle_avenida,este,20814.0
2024-01-17,CORRIENTES AV. 3022,-58.408125,-34.604302,Comuna 3,calle_avenida,este,20679.0
2024-01-24,CORRIENTES AV. 3022,-58.408125,-34.604302,Comuna 3,calle_avenida,este,17167.0
2024-01-31,CORRIENTES AV. 3022,-58.408125,-34.604302,Comuna 3,calle_avenida,este,22682.0
2024-02-07,CORRIENTES AV. 3022,-58.408125,-34.604302,Comuna 3,calle_avenida,este,25000.0
2024-02-14,CORRIENTES AV. 3022,-58.408125,-34.604302,Comuna 3,calle_avenida,este,16945.0
2024-02-21,CORRIENTES AV. 3022,-58.408125,-34.604302,Comuna 3,calle_avenida,este,22047.0
2024-02-28,CORRIENTES AV. 3022,-58.408125,-34.604302,Comuna 3,calle_avenida,este,21318.0
2024-03-06,CORRIENTES AV. 3022,-58.408125,-34.604302,Comuna 3,calle_avenida,este,11979.0
2024-03-13,CORRIENTES AV. 3022,-58.408125,-34.604302,Comuna 3,calle_avenida,este,11201.0
2024-03-20,CORRIENTES AV. 3022,-58.408125,-34.604302,Comuna 3,calle_avenida,este,19691.0
2024-03-27,CORRIENTES AV. 3022,-58.408125,-34.604302,Comuna 3,calle_avenida,este,21867.0
2024-04-03,CORRIENTES AV. 3022,-58.408125,-34.604302,Comuna 3,calle_avenida,este,16602.0
2024-04-10,CORRIENTES AV. 3022,-58.408125,-34.604302,Comuna 3,calle_avenida,este,22625.0
2024-04-17,CORRIENTES AV. 3022,-58.408125,-34.604302,Comuna 3,calle_avenida,este,21741.0
2024-04-24,CORRIENTES AV. 3022,-58.408125,-34.604302,Comuna 3,calle_avenida,este,20967.0
2024-05-01,CORRIENTES AV. 3022,-58.408125,-34.604302,Comuna 3,calle_avenida,este,14991.0
2024-05-08,CORRIENTES AV. 3022,-58.408125,-34.604302,Comuna 3,calle_avenida,este,20449.0
2024-05-15,CORRIENTES AV. 3022,-58.408125,-34.604302,Comuna 3,calle_avenida,este,19537.0
2024-05-22,CORRIENTES AV. 3022,-58.408125,-34.604302,Comuna 3,calle_avenida,este,20451.0
2024-05-29,CORRIENTES AV. 3022,-58.408125,-34.604302,Comuna 3,calle_avenida,este,20384.0
2024-06-05,CORRIENTES AV. 3022,-58.408125,-34.604302,Comuna 3,calle_avenida,este,22134.0
2024-06-12,CORRIENTES AV. 3022,-58.408125,-34.604302,Comuna 3,calle_avenida,este,21284.0
2024-06-19,CORRIENTES AV. 3022,-58.408125,-34.604302,Comuna 3,calle_avenida,este,21989.0
2024-06-26,CORRIENTES AV. 3022,-58.408125,-34.604302,Comuna 3,calle_avenida,este,22523.0
2024-07-03,CORRIENTES AV. 3022,-58.408125,-34.604302,Comuna 3,calle_avenida,este,21268.0
2024-07-10,CORRIENTES AV. 3022,-58.408125,-34.604302,Comuna 3,calle_avenida,este,21297.0
2024-07-17,CORRIENTES AV. 3022,-58.408125,-34.604302,Comuna 3,calle_avenida,este,17719.0
2024-07-24,CORRIENTES AV. 3022,-58.408125,-34.604302,Comuna 3,calle_avenida,este,22736.0
2024-07-31,CORRIENTES AV. 3022,-58.408125,-34.604302,Comuna 3,calle_avenida,este,22576.0
2024-01-03,BOEDO AV. 965,-58.416231,-34.624996,Comuna 5,calle_avenida,sur,11982.0
2024-01-10,BOEDO AV. 965,-58.416231,-34.624996,Comuna 5,calle_avenida,sur,11944.0
2024-01-17,BOEDO AV. 965,-58.416231,-34.624996,Comuna 5,calle_avenida,sur,11086.0
2024-01-24,BOEDO AV. 965,-58.416231,-34.624996,Comuna 5,calle_avenida,sur,10347.0
2024-01-31,BOEDO AV. 965,-58.416231,-34.624996,Comuna 5,calle_avenida,sur,12875.0
2024-02-07,BOEDO AV. 965,-58.416231,-34.624996,Comuna 5,calle_avenida,sur,14009.0
2024-02-14,BOEDO AV. 965,-58.416231,-34.624996,Comuna 5,calle_avenida,sur,9286.0
2024-02-21,BOEDO AV. 965,-58.416231,-34.624996,Comuna 5,calle_avenida,sur,9703.0
2024-02-28,BOEDO AV. 965,-58.416231,-34.624996,Comuna 5,calle_avenida,sur,10258.0
2024-03-06,BOEDO AV. 965,-58.416231,-34.624996,Comuna 5,calle_avenida,sur,10982.0
2024-03-13,BOEDO AV. 965,-58.416231,-34.624996,Comuna 5,calle_avenida,sur,11460.0
2024-03-20,BOEDO AV. 965,-58.416231,-34.624996,Comuna 5,calle_avenida,sur,13943.0
2024-03-27,BOEDO AV. 965,-58.416231,-34.624996,Comuna 5,calle_avenida,sur,17976.0
2024-04-03,BOEDO AV. 965,-58.416231,-34.624996,Comuna 5,calle_avenida,sur,16449.0
2024-04-10,BOEDO AV. 965,-58.416231,-34.624996,Comuna 5,calle_avenida,sur,17511.0
2024-04-17,BOEDO AV. 965,-58.416231,-34.624996,Comuna 5,calle_avenida,sur,17261.0
2024-04-24,BOEDO AV. 965,-58.416231,-34.624996,Comuna 5,calle_avenida,sur,16861.0
2024-05-01,BOEDO AV. 965,-58.416231,-34.624996,Comuna 5,calle_avenida,sur,11675.0
2024-05-08,BOEDO AV. 965,-58.416231,-34.624996,Comuna 5,calle_avenida,sur,17456.0
2024-05-15,BOEDO AV. 965,-58.416231,-34.624996,Comuna 5,calle_avenida,sur,16996.0
2024-05-22,BOEDO AV. 965,-58.416231,-34.624996,Comuna 5,calle_avenida,sur,17228.0
2024-05-29,BOEDO AV. 965,-58.416231,-34.624996,Comuna 5,calle_avenida,sur,15647.0
2024-06-05,BOEDO AV. 965,-58.416231,-34.624996,Comuna 5,calle_avenida,sur,15565.0
2024-06-12,BOEDO AV. 965,-58.416231,-34.624996,Comuna 5,calle_avenida,sur,15814.0
2024-06-19,BOEDO AV. 965,-58.416231,-34.624996,Comuna 5,calle_avenida,sur,16310.0
2024-06-26,BOEDO AV. 965,-58.416231,-34.624996,Comuna 5,calle_avenida,sur,15234.0
2024-07-03,BOEDO AV. 965,-58.416231,-34.624996,Comuna 5,calle_avenida,sur,15897.0
2024-07-10,BOEDO AV. 965,-58.416231,-34.624996,Comuna 5,calle_avenida,sur,15290.0
2024-07-17,BOEDO AV. 965,-58.416231,-34.624996,Comuna 5,calle_avenida,sur,14952.0
2024-07-24,BOEDO AV. 965,-58.416231,-34.624996,Comuna 5,calle_avenida,sur,14692.0
2024-07-31,BOEDO AV. 965,-58.416231,-34.624996,Comuna 5,calle_avenida,sur,15660.0
2024-01-03,CORDOBA AV. 1980,-58.395434,-34.599776,Comuna 3,calle_avenida,oeste,9344.0
2024-01-10,CORDOBA AV. 1980,-58.395434,-34.599776,Comuna 3,calle_avenida,oeste,21366.0
2024-01-17,CORDOBA AV. 1980,-58.395434,-34.599776,Comuna 3,calle_avenida,oeste,22067.0
2024-01-24,CORDOBA AV. 1980,-58.395434,-34.599776,Comuna 3,calle_avenida,oeste,18204.0
2024-01-31,CORDOBA AV. 1980,-58.395434,-34.599776,Comuna 3,calle_avenida,oeste,22893.0
2024-02-07,CORDOBA AV. 1980,-58.395434,-34.599776,Comuna 3,calle_avenida,oeste,24542.0
2024-02-14,CORDOBA AV. 1980,-58.395434,-34.599776,Comuna 3,calle_avenida,oeste,25433.0
2024-02-21,CORDOBA AV. 1980,-58.395434,-34.599776,Comuna 3,calle_avenida,oeste,22633.0
2024-02-28,CORDOBA AV. 1980,-58.395434,-34.599776,Comuna 3,calle_avenida,oeste,22136.0
2024-03-06,CORDOBA AV. 1980,-58.395434,-34.599776,Comuna 3,calle_avenida,oeste,22240.0
2024-03-13,CORDOBA AV. 1980,-58.395434,-34.599776,Comuna 3,calle_avenida,oeste,18055.0
2024-03-20,CORDOBA AV. 1980,-58.395434,-34.599776,Comuna 3,calle_avenida,oeste,16193.0
2024-03-27,CORDOBA AV. 1980,-58.395434,-34.599776,Comuna 3,calle_avenida,oeste,22838.0
2024-04-03,CORDOBA AV. 1980,-58.395434,-34.599776,Comuna 3,calle_avenida,oeste,22147.0
2024-04-10,CORDOBA AV. 1980,-58.395434,-34.599776,Comuna 3,calle_avenida,oeste,22875.0
2024-04-17,CORDOBA AV. 1980,-58.395434,-34.599776,Comuna 3,calle_avenida,oeste,24049.0
2024-04-24,CORDOBA AV. 1980,-58.395434,-34.599776,Comuna 3,calle_avenida,oeste,23922.0
2024-05-01,CORDOBA AV. 1980,-58.395434,-34.599776,Comuna 3,calle_avenida,oeste,14203.0
2024-05-08,CORDOBA AV. 1980,-58.395434,-34.599776,Comuna 3,calle_avenida,oeste,23416.0
2024-05-15,CORDOBA AV. 1980,-58.395434,-34.599776,Comuna 3,calle_avenida,oeste,23056.0
2024-05-22,CORDOBA AV. 1980,-58.395434,-34.599776,Comuna 3,calle_avenida,oeste,23637.0
2024-05-29,CORDOBA AV. 1980,-58.395434,-34.599776,Comuna 3,calle_avenida,oeste,23326.0
2024-06-05,CORDOBA AV. 1980,-58.395434,-34.599776,Comuna 3,calle_avenida,oeste,23108.0
2024-06-12,CORDOBA AV. 1980,-58.395434,-34.599776,Comuna 3,calle_avenida,oeste,23404.0
2024-06-19,CORDOBA AV. 1980,-58.395434,-34.599776,Comuna 3,calle_avenida,oeste,23180.0
2024-06-26,CORDOBA AV. 1980,-58.395434,-34.599776,Comuna 3,calle_avenida,oeste,23155.0
2024-07-03,CORDOBA AV. 1980,-58.395434,-34.599776,Comuna 3,calle_avenida,oeste,24369.0
2024-07-10,CORDOBA AV. 1980,-58.395434,-34.599776,Comuna 3,calle_avenida,oeste,23338.0
2024-07-17,CORDOBA AV. 1980,-58.395434,-34.599776,Comuna 3,calle_avenida,oeste,21107.0
2024-07-24,CORDOBA AV. 1980,-58.395434,-34.599776,Comuna 3,calle_avenida,oeste,23190.0
2024-07-31,CORDOBA AV. 1980,-58.395434,-34.599776,Comuna 3,calle_avenida,oeste,24005.0
2024-01-03,RIVADAVIA AV. 7218,-58.467187,-34.630203,Comuna 7,calle_avenida,este,12850.0
2024-01-10,RIVADAVIA AV. 7218,-58.467187,-34.630203,Comuna 7,calle_avenida,este,13031.0
2024-01-17,RIVADAVIA AV. 7218,-58.467187,-34.630203,Comuna 7,calle_avenida,este,8704.0
2024-01-24,RIVADAVIA AV. 7218,-58.467187,-34.630203,Comuna 7,calle_avenida,este,7820.0
2024-01-31,RIVADAVIA AV. 7218,-58.467187,-34.630203,Comuna 7,calle_avenida,este,11423.0
2024-02-07,RIVADAVIA AV. 7218,-58.467187,-34.630203,Comuna 7,calle_avenida,este,12319.0
2024-02-14,RIVADAVIA AV. 7218,-58.467187,-34.630203,Comuna 7,calle_avenida,este,13644.0
2024-02-21,RIVADAVIA AV. 7218,-58.467187,-34.630203,Comuna 7,calle_avenida,este,13100.0
2024-02-28,RIVADAVIA AV. 7218,-58.467187,-34.630203,Comuna 7,calle_avenida,este,13154.0
2024-03-06,RIVADAVIA AV. 7218,-58.467187,-34.630203,Comuna 7,calle_avenida,este,12635.0
2024-03-13,RIVADAVIA AV. 7218,-58.467187,-34.630203,Comuna 7,calle_avenida,este,12617.0
2024-03-20,RIVADAVIA AV. 7218,-58.467187,-34.630203,Comuna 7,calle_avenida,este,10134.0
2024-03-27,RIVADAVIA AV. 7218,-58.467187,-34.630203,Comuna 7,calle_avenida,este,13868.0
2024-04-03,RIVADAVIA AV. 7218,-58.467187,-34.630203,Comuna 7,calle_avenida,este,8164.0
2024-04-24,RIVADAVIA AV. 7218,-58.467187,-34.630203,Comuna 7,calle_avenida,este,12436.0
2024-05-01,RIVADAVIA AV. 7218,-58.467187,-34.630203,Comuna 7,calle_avenida,este,8356.0
2024-05-08,RIVADAVIA AV. 7218,-58.467187,-34.630203,Comuna 7,calle_avenida,este,14013.0
2024-05-15,RIVADAVIA AV. 7218,-58.467187,-34.630203,Comuna 7,calle_avenida,este,13046.0
2024-05-22,RIVADAVIA AV. 7218,-58.467187,-34.630203,Comuna 7,calle_avenida,este,13316.0
2024-05-29,RIVADAVIA AV. 7218,-58.467187,-34.630203,Comuna 7,calle_avenida,este,12455.0
2024-06-05,RIVADAVIA AV. 7218,-58.467187,-34.630203,Comuna 7,calle_avenida,este,11955.0
2024-06-12,RIVADAVIA AV. 7218,-58.467187,-34.630203,Comuna 7,calle_avenida,este,13127.0
2024-06-19,RIVADAVIA AV. 7218,-58.467187,-34.630203,Comuna 7,calle_avenida,este,13966.0
2024-06-26,RIVADAVIA AV. 7218,-58.467187,-34.630203,Comuna 7,calle_avenida,este,13111.0
2024-07-03,RIVADAVIA AV. 7218,-58.467187,-34.630203,Comuna 7,calle_avenida,este,13157.0
2024-07-10,RIVADAVIA AV. 7218,-58.467187,-34.630203,Comuna 7,calle_avenida,este,13173.0
2024-07-17,RIVADAVIA AV. 7218,-58.467187,-34.630203,Comuna 7,calle_avenida,este,13030.0
2024-07-24,RIVADAVIA AV. 7218,-58.467187,-34.630203,Comuna 7,calle_avenida,este,12783.0
2024-07-31,RIVADAVIA AV. 7218,-58.467187,-34.630203,Comuna 7,calle_avenida,este,12754.0
2024-01-03,NAZCA AV. 479,-58.471328,-34.626678,Comuna 7,calle_avenida,norte,11765.0
2024-01-10,NAZCA AV. 479,-58.471328,-34.626678,Comuna 7,calle_avenida,norte,11972.0
2024-01-17,NAZCA AV. 479,-58.471328,-34.626678,Comuna 7,calle_avenida,norte,12699.0
2024-01-24,NAZCA AV. 479,-58.471328,-34.626678,Comuna 7,calle_avenida,norte,11449.0
2024-01-31,NAZCA AV. 479,-58.471328,-34.626678,Comuna 7,calle_avenida,norte,12467.0
2024-02-07,NAZCA AV. 479,-58.471328,-34.626678,Comuna 7,calle_avenida,norte,12539.0
2024-02-14,NAZCA AV. 479,-58.471328,-34.626678,Comuna 7,calle_avenida,norte,13473.0
2024-02-21,NAZCA AV. 479,-58.471328,-34.626678,Comuna 7,calle_avenida,norte,12667.0
2024-02-28,NAZCA AV. 479,-58.471328,-34.626678,Comuna 7,calle_avenida,norte,13750.0
2024-03-06,NAZCA AV. 479,-58.471328,-34.626678,Comuna 7,calle_avenida,norte,13798.0
2024-03-13,NAZCA AV. 479,-58.471328,-34.626678,Comuna 7,calle_avenida,norte,12957.0
2024-03-20,NAZCA AV. 479,-58.471328,-34.626678,Comuna 7,calle_avenida,norte,11113.0
2024-03-27,NAZCA AV. 479,-58.471328,-34.626678,Comuna 7,calle_avenida,norte,14268.0
2024-04-03,NAZCA AV. 479,-58.471328,-34.626678,Comuna 7,calle_avenida,norte,13396.0
2024-04-10,NAZCA AV. 479,-58.471328,-34.626678,Comuna 7,calle_avenida,norte,14309.0
2024-04-17,NAZCA AV. 479,-58.471328,-34.626678,Comuna 7,calle_avenida,norte,13832.0
2024-04-24,NAZCA AV. 479,-58.471328,-34.626678,Comuna 7,calle_avenida,norte,13646.0
2024-05-01,NAZCA AV. 479,-58.471328,-34.626678,Comuna 7,calle_avenida,norte,9837.0
2024-05-08,NAZCA AV. 479,-58.471328,-34.626678,Comuna 7,calle_avenida,norte,13822.0
2024-05-15,NAZCA AV. 479,-58.471328,-34.626678,Comuna 7,calle_avenida,norte,13362.0
2024-05-22,NAZCA AV. 479,-58.471328,-34.626678,Comuna 7,calle_avenida,norte,12375.0
2024-05-29,NAZCA AV. 479,-58.471328,-34.626678,Comuna 7,calle_avenida,norte,12530.0
2024-06-05,NAZCA AV. 479,-58.471328,-34.626678,Comuna 7,calle_avenida,norte,12711.0
2024-06-12,NAZCA AV. 479,-58.471328,-34.626678,Comuna 7,calle_avenida,norte,12148.0
2024-06-19,NAZCA AV. 479,-58.471328,-34.626678,Comuna 7,calle_avenida,norte,12575.0
2024-06-26,NAZCA AV. 479,-58.471328,-34.626678,Comuna 7,calle_avenida,norte,10744.0
2024-07-10,NAZCA AV. 479,-58.471328,-34.626678,Comuna 7,calle_avenida,norte,12737.0
2024-07-17,NAZCA AV. 479,-58.471328,-34.626678,Comuna 7,calle_avenida,norte,12076.0
2024-07-24,NAZCA AV. 479,-58.471328,-34.626678,Comuna 7,calle_avenida,norte,11346.0
2024-01-03,PUEYRREDON AV. 1418,-58.402311,-34.594121,Comuna 2,calle_avenida,sur,14023.0
2024-01-10,PUEYRREDON AV. 1418,-58.402311,-34.594121,Comuna 2,calle_avenida,sur,14237.0
2024-01-17,PUEYRREDON AV. 1418,-58.402311,-34.594121,Comuna 2,calle_avenida,sur,14073.0
2024-01-24,PUEYRREDON AV. 1418,-58.402311,-34.594121,Comuna 2,calle_avenida,sur,13245.0
2024-01-31,PUEYRREDON AV. 1418,-58.402311,-34.594121,Comuna 2,calle_avenida,sur,14755.0
2024-02-07,PUEYRREDON AV. 1418,-58.402311,-34.594121,Comuna 2,calle_avenida,sur,17258.0
2024-02-14,PUEYRREDON AV. 1418,-58.402311,-34.594121,Comuna 2,calle_avenida,sur,16067.0
2024-02-21,PUEYRREDON AV. 1418,-58.402311,-34.594121,Comuna 2,calle_avenida,sur,16369.0
2024-02-28,PUEYRREDON AV. 1418,-58.402311,-34.594121,Comuna 2,calle_avenida,sur,16936.0
2024-03-06,PUEYRREDON AV. 1418,-58.402311,-34.594121,Comuna 2,calle_avenida,sur,16297.0
2024-03-13,PUEYRREDON AV. 1418,-58.402311,-34.594121,Comuna 2,calle_avenida,sur,15950.0
2024-03-20,PUEYRREDON AV. 1418,-58.402311,-34.594121,Comuna 2,calle_avenida,sur,14927.0
2024-03-27,PUEYRREDON AV. 1418,-58.402311,-34.594121,Comuna 2,calle_avenida,sur,16746.0
2024-04-03,PUEYRREDON AV. 1418,-58.402311,-34.594121,Comuna 2,calle_avenida,sur,16330.0
2024-04-10,PUEYRREDON AV. 1418,-58.402311,-34.594121,Comuna 2,calle_avenida,sur,17553.0
2024-04-17,PUEYRREDON AV. 1418,-58.402311,-34.594121,Comuna 2,calle_avenida,sur,17169.0
2024-04-24,PUEYRREDON AV. 1418,-58.402311,-34.594121,Comuna 2,calle_avenida,sur,17054.0
2024-05-01,PUEYRREDON AV. 1418,-58.402311,-34.594121,Comuna 2,calle_avenida,sur,13475.0
2024-05-08,PUEYRREDON AV. 1418,-58.402311,-34.594121,Comuna 2,calle_avenida,sur,17935.0
2024-05-15,PUEYRREDON AV. 1418,-58.402311,-34.594121,Comuna 2,calle_avenida,sur,10921.0
2024-05-22,PUEYRREDON AV. 1418,-58.402311,-34.594121,Comuna 2,calle_avenida,sur,15166.0
2024-05-29,PUEYRREDON AV. 1418,-58.402311,-34.594121,Comuna 2,calle_avenida,sur,6800.0
2024-06-05,PUEYRREDON AV. 1418,-58.402311,-34.594121,Comuna 2,calle_avenida,sur,14665.0
2024-06-12,PUEYRREDON AV. 1418,-58.402311,-34.594121,Comuna 2,calle_avenida,sur,15380.0
2024-06-19,PUEYRREDON AV. 1418,-58.402311,-34.594121,Comuna 2,calle_avenida,sur,15319.0
2024-06-26,PUEYRREDON AV. 1418,-58.402311,-34.594121,Comuna 2,calle_avenida,sur,14669.0
2024-07-03,PUEYRREDON AV. 1418,-58.402311,-34.594121,Comuna 2,calle_avenida,sur,
2024-07-10,PUEYRREDON AV. 1418,-58.402311,-34.594121,Comuna 2,calle_avenida,sur,13772.0
2024-07-17,PUEYRREDON AV. 1418,-58.402311,-34.594121,Comuna 2,calle_avenida,sur,14739.0
2024-07-24,PUEYRREDON AV. 1418,-58.402311,-34.594121,Comuna 2,calle_avenida,sur,14188.0
2024-07-31,PUEYRREDON AV. 1418,-58.402311,-34.594121,Comuna 2,calle_avenida,sur,14257.0
2024-01-03,LARREA 477,-58.402156,-34.603736,Comuna 3,calle_avenida,norte,7284.0
2024-01-10,LARREA 477,-58.402156,-34.603736,Comuna 3,calle_avenida,norte,7521.0
2024-01-17,LARREA 477,-58.402156,-34.603736,Comuna 3,calle_avenida,norte,7596.0
2024-01-31,LARREA 477,-58.402156,-34.603736,Comuna 3,calle_avenida,norte,6573.0
2024-02-07,LARREA 477,-58.402156,-34.603736,Comuna 3,calle_avenida,norte,5339.0
2024-02-14,LARREA 477,-58.402156,-34.603736,Comuna 3,calle_avenida,norte,7692.0
2024-02-21,LARREA 477,-58.402156,-34.603736,Comuna 3,calle_avenida,norte,758.0
2024-02-28,LARREA 477,-58.402156,-34.603736,Comuna 3,calle_avenida,norte,7763.0
2024-03-06,LARREA 477,-58.402156,-34.603736,Comuna 3,calle_avenida,norte,7696.0
2024-03-13,LARREA 477,-58.402156,-34.603736,Comuna 3,calle_avenida,norte,6747.0
2024-03-20,LARREA 477,-58.402156,-34.603736,Comuna 3,calle_avenida,norte,6734.0
2024-03-27,LARREA 477,-58.402156,-34.603736,Comuna 3,calle_avenida,norte,8697.0
2024-04-03,LARREA 477,-58.402156,-34.603736,Comuna 3,calle_avenida,norte,7336.0
2024-04-10,LARREA 477,-58.402156,-34.603736,Comuna 3,calle_avenida,norte,8127.0
2024-04-17,LARREA 477,-58.402156,-34.603736,Comuna 3,calle_avenida,norte,7856.0
2024-04-24,LARREA 477,-58.402156,-34.603736,Comuna 3,calle_avenida,norte,7229.0
2024-05-01,LARREA 477,-58.402156,-34.603736,Comuna 3,calle_avenida,norte,5638.0
2024-05-08,LARREA 477,-58.402156,-34.603736,Comuna 3,calle_avenida,norte,8254.0
2024-05-15,LARREA 477,-58.402156,-34.603736,Comuna 3,calle_avenida,norte,8053.0
2024-05-22,LARREA 477,-58.402156,-34.603736,Comuna 3,calle_avenida,norte,7926.0
2024-05-29,LARREA 477,-58.402156,-34.603736,Comuna 3,calle_avenida,norte,7737.0
2024-06-05,LARREA 477,-58.402156,-34.603736,Comuna 3,calle_avenida,norte,7536.0
2024-06-12,LARREA 477,-58.402156,-34.603736,Comuna 3,calle_avenida,norte,7709.0
2024-06-19,LARREA 477,-58.402156,-34.603736,Comuna 3,calle_avenida,norte,7657.0
2024-06-26,LARREA 477,-58.402156,-34.603736,Comuna 3,calle_avenida,norte,7986.0
2024-07-03,LARREA 477,-58.402156,-34.603736,Comuna 3,calle_avenida,norte,7785.0
2024-07-10,LARREA 477,-58.402156,-34.603736,Comuna 3,calle_avenida,norte,7590.0
2024-07-17,LARREA 477,-58.402156,-34.603736,Comuna 3,calle_avenida,norte,7770.0
2024-07-24,LARREA 477,-58.402156,-34.603736,Comuna 3,calle_avenida,norte,7133.0
2024-07-31,LARREA 477,-58.402156,-34.603736,Comuna 3,calle_avenida,norte,7049.0
2024-01-03,TRIUNVIRATO AV. 4520,-58.4848,-34.575403,Comuna 12,calle_avenida,este,17057.0
2024-01-10,TRIUNVIRATO AV. 4520,-58.4848,-34.575403,Comuna 12,calle_avenida,este,17362.0
2024-01-17,TRIUNVIRATO AV. 4520,-58.4848,-34.575403,Comuna 12,calle_avenida,este,15851.0
2024-01-24,TRIUNVIRATO AV. 4520,-58.4848,-34.575403,Comuna 12,calle_avenida,este,14899.0
2024-01-31,TRIUNVIRATO AV. 4520,-58.4848,-34.575403,Comuna 12,calle_avenida,este,18637.0
2024-02-07,TRIUNVIRATO AV. 4520,-58.4848,-34.575403,Comuna 12,calle_avenida,este,19555.0
2024-02-14,TRIUNVIRATO AV. 4520,-58.4848,-34.575403,Comuna 12,calle_avenida,este,18122.0
2024-02-21,TRIUNVIRATO AV. 4520,-58.4848,-34.575403,Comuna 12,calle_avenida,este,20291.0
2024-02-28,TRIUNVIRATO AV. 4520,-58.4848,-34.575403,Comuna 12,calle_avenida,este,20375.0
2024-03-06,TRIUNVIRATO AV. 4520,-58.4848,-34.575403,Comuna 12,calle_avenida,este,21289.0
2024-03-13,TRIUNVIRATO AV. 4520,-58.4848,-34.575403,Comuna 12,calle_avenida,este,20581.0
2024-03-20,TRIUNVIRATO AV. 4520,-58.4848,-34.575403,Comuna 12,calle_avenida,este,16448.0
2024-03-27,TRIUNVIRATO AV. 4520,-58.4848,-34.575403,Comuna 12,calle_avenida,este,23351.0
2024-04-03,TRIUNVIRATO AV. 4520,-58.4848,-34.575403,Comuna 12,calle_avenida,este,20262.0
2024-04-10,TRIUNVIRATO AV. 4520,-58.4848,-34.575403,Comuna 12,calle_avenida,este,21571.0
2024-04-17,TRIUNVIRATO AV. 4520,-58.4848,-34.575403,Comuna 12,calle_avenida,este,11930.0
2024-04-24,TRIUNVIRATO AV. 4520,-58.4848,-34.575403,Comuna 12,calle_avenida,este,20752.0
2024-05-01,TRIUNVIRATO AV. 4520,-58.4848,-34.575403,Comuna 12,calle_avenida,este,13203.0
2024-05-08,TRIUNVIRATO AV. 4520,-58.4848,-34.575403,Comuna 12,calle_avenida,este,
2024-05-15,TRIUNVIRATO AV. 4520,-58.4848,-34.575403,Comuna 12,calle_avenida,este,21711.0
2024-05-22,TRIUNVIRATO AV. 4520,-58.4848,-34.575403,Comuna 12,calle_avenida,este,19740.0
2024-05-29,TRIUNVIRATO AV. 4520,-58.4848,-34.575403,Comuna 12,calle_avenida,este,20319.0
2024-06-05,TRIUNVIRATO AV. 4520,-58.4848,-34.575403,Comuna 12,calle_avenida,este,21204.0
2024-06-12,TRIUNVIRATO AV. 4520,-58.4848,-34.575403,Comuna 12,calle_avenida,este,21143.0
2024-06-19,TRIUNVIRATO AV. 4520,-58.4848,-34.575403,Comuna 12,calle_avenida,este,20852.0
2024-06-26,TRIUNVIRATO AV. 4520,-58.4848,-34.575403,Comuna 12,calle_avenida,este,20754.0
2024-07-03,TRIUNVIRATO AV. 4520,-58.4848,-34.575403,Comuna 12,calle_avenida,este,20401.0
2024-07-10,TRIUNVIRATO AV. 4520,-58.4848,-34.575403,Comuna 12,calle_avenida,este,20664.0
2024-07-17,TRIUNVIRATO AV. 4520,-58.4848,-34.575403,Comuna 12,calle_avenida,este,18825.0
2024-07-24,TRIUNVIRATO AV. 4520,-58.4848,-34.575403,Comuna 12,calle_avenida,este,18531.0
2024-07-31,TRIUNVIRATO AV. 4520,-58.4848,-34.575403,Comuna 12,calle_avenida,este,20685.0
2024-01-03,LIMA 1365,-58.381495,-34.624262,Comuna 1,calle_avenida,sur,12624.0
2024-01-10,LIMA 1365,-58.381495,-34.624262,Comuna 1,calle_avenida,sur,12786.0
2024-01-17,LIMA 1365,-58.381495,-34.624262,Comuna 1,calle_avenida,sur,12509.0
2024-01-24,LIMA 1365,-58.381495,-34.624262,Comuna 1,calle_avenida,sur,9215.0
2024-01-31,LIMA 1365,-58.381495,-34.624262,Comuna 1,calle_avenida,sur,12491.0
2024-02-07,LIMA 1365,-58.381495,-34.624262,Comuna 1,calle_avenida,sur,13115.0
2024-02-14,LIMA 1365,-58.381495,-34.624262,Comuna 1,calle_avenida,sur,13535.0
2024-02-21,LIMA 1365,-58.381495,-34.624262,Comuna 1,calle_avenida,sur,12335.0
2024-02-28,LIMA 1365,-58.381495,-34.624262,Comuna 1,calle_avenida,sur,13080.0
2024-03-06,LIMA 1365,-58.381495,-34.624262,Comuna 1,calle_avenida,sur,13588.0
2024-03-13,LIMA 1365,-58.381495,-34.624262,Comuna 1,calle_avenida,sur,12495.0
2024-03-20,LIMA 1365,-58.381495,-34.624262,Comuna 1,calle_avenida,sur,10776.0
2024-03-27,LIMA 1365,-58.381495,-34.624262,Comuna 1,calle_avenida,sur,14548.0
2024-04-03,LIMA 1365,-58.381495,-34.624262,Comuna 1,calle_avenida,sur,12806.0
2024-04-10,LIMA 1365,-58.381495,-34.624262,Comuna 1,calle_avenida,sur,12868.0
2024-04-17,LIMA 1365,-58.381495,-34.624262,Comuna 1,calle_avenida,sur,13387.0
2024-04-24,LIMA 1365,-58.381495,-34.624262,Comuna 1,calle_avenida,sur,13746.0
2024-05-01,LIMA 1365,-58.381495,-34.624262,Comuna 1,calle_avenida,sur,6678.0
2024-05-08,LIMA 1365,-58.381495,-34.624262,Comuna 1,calle_avenida,sur,14086.0
2024-05-15,LIMA 1365,-58.381495,-34.624262,Comuna 1,calle_avenida,sur,8842.0
2024-05-22,LIMA 1365,-58.381495,-34.624262,Comuna 1,calle_avenida,sur,13500.0
2024-05-29,LIMA 1365,-58.381495,-34.624262,Comuna 1,calle_avenida,sur,14203.0
2024-06-05,LIMA 1365,-58.381495,-34.624262,Comuna 1,calle_avenida,sur,13485.0
2024-06-12,LIMA 1365,-58.381495,-34.624262,Comuna 1,calle_avenida,sur,11632.0
2024-06-19,LIMA 1365,-58.381495,-34.624262,Comuna 1,calle_avenida,sur,14391.0
2024-06-26,LIMA 1365,-58.381495,-34.624262,Comuna 1,calle_avenida,sur,13609.0
2024-07-03,LIMA 1365,-58.381495,-34.624262,Comuna 1,calle_avenida,sur,13745.0
2024-07-10,LIMA 1365,-58.381495,-34.624262,Comuna 1,calle_avenida,sur,13446.0
2024-07-17,LIMA 1365,-58.381495,-34.624262,Comuna 1,calle_avenida,sur,13476.0
2024-07-24,LIMA 1365,-58.381495,-34.624262,Comuna 1,calle_avenida,sur,13573.0
2024-07-31,LIMA 1365,-58.381495,-34.624262,Comuna 1,calle_avenida,sur,13921.0
2024-01-03,PASEO COLON AV. 753,-58.369509,-34.616769,Comuna 1,calle_avenida,sur,12504.0
2024-01-10,PASEO COLON AV. 753,-58.369509,-34.616769,Comuna 1,calle_avenida,sur,12280.0
2024-01-17,PASEO COLON AV. 753,-58.369509,-34.616769,Comuna 1,calle_avenida,sur,11462.0
2024-01-24,PASEO COLON AV. 753,-58.369509,-34.616769,Comuna 1,calle_avenida,sur,9279.0
2024-01-31,PASEO COLON AV. 753,-58.369509,-34.616769,Comuna 1,calle_avenida,sur,12350.0
2024-02-07,PASEO COLON AV. 753,-58.369509,-34.616769,Comuna 1,calle_avenida,sur,13633.0
2024-02-14,PASEO COLON AV. 753,-58.369509,-34.616769,Comuna 1,calle_avenida,sur,8922.0
2024-02-21,PASEO COLON AV. 753,-58.369509,-34.616769,Comuna 1,calle_avenida,sur,12046.0
2024-02-28,PASEO COLON AV. 753,-58.369509,-34.616769,Comuna 1,calle_avenida,sur,11477.0
2024-03-06,PASEO COLON AV. 753,-58.369509,-34.616769,Comuna 1,calle_avenida,sur,12845.0
2024-03-13,PASEO COLON AV. 753,-58.369509,-34.616769,Comuna 1,calle_avenida,sur,4191.0
2024-03-20,PASEO COLON AV. 753,-58.369509,-34.616769,Comuna 1,calle_avenida,sur,5145.0
2024-03-27,PASEO COLON AV. 753,-58.369509,-34.616769,Comuna 1,calle_avenida,sur,14494.0
2024-04-03,PASEO COLON AV. 753,-58.369509,-34.616769,Comuna 1,calle_avenida,sur,9522.0
2024-04-10,PASEO COLON AV. 753,-58.369509,-34.616769,Comuna 1,calle_avenida,sur,13411.0
2024-04-17,PASEO COLON AV. 753,-58.369509,-34.616769,Comuna 1,calle_avenida,sur,12426.0
2024-04-24,PASEO COLON AV. 753,-58.369509,-34.616769,Comuna 1,calle_avenida,sur,12214.0
2024-05-01,PASEO COLON AV. 753,-58.369509,-34.616769,Comuna 1,calle_avenida,sur,3122.0
2024-05-08,PASEO COLON AV. 753,-58.369509,-34.616769,Comuna 1,calle_avenida,sur,13715.0
2024-05-15,PASEO COLON AV. 753,-58.369509,-34.616769,Comuna 1,calle_avenida,sur,12418.0
2024-05-22,PASEO COLON AV. 753,-58.369509,-34.616769,Comuna 1,calle_avenida,sur,11226.0
2024-05-29,PASEO COLON AV. 753,-58.369509,-34.616769,Comuna 1,calle_avenida,sur,11483.0
2024-06-05,PASEO COLON AV. 753,-58.369509,-34.616769,Comuna 1,calle_avenida,sur,10695.0
2024-06-12,PASEO COLON AV. 753,-58.369509,-34.616769,Comuna 1,calle_avenida,sur,11544.0
2024-06-19,PASEO COLON AV. 753,-58.369509,-34.616769,Comuna 1,calle_avenida,sur,12988.0
2024-06-26,PASEO COLON AV. 753,-58.369509,-34.616769,Comuna 1,calle_avenida,sur,11780.0
2024-07-03,PASEO COLON AV. 753,-58.369509,-34.616769,Comuna 1,calle_avenida,sur,12221.0
2024-07-10,PASEO COLON AV. 753,-58.369509,-34.616769,Comuna 1,calle_avenida,sur,12209.0
2024-07-17,PASEO COLON AV. 753,-58.369509,-34.616769,Comuna 1,calle_avenida,sur,8967.0
2024-07-24,PASEO COLON AV. 753,-58.369509,-34.616769,Comuna 1,calle_avenida,sur,10481.0
2024-07-31,PASEO COLON AV. 753,-58.369509,-34.616769,Comuna 1,calle_avenida,sur,12091.0
2024-01-03,"LIMA ESTE Y GARAY, JUAN DE",-58.382235,-34.626842,Comuna 1,calle_avenida,sur,6746.0
2024-01-10,"LIMA ESTE Y GARAY, JUAN DE",-58.382235,-34.626842,Comuna 1,calle_avenida,sur,6609.0
2024-01-17,"LIMA ESTE Y GARAY, JUAN DE",-58.382235,-34.626842,Comuna 1,calle_avenida,sur,6360.0
2024-01-24,"LIMA ESTE Y GARAY, JUAN DE",-58.382235,-34.626842,Comuna 1,calle_avenida,sur,5008.0
2024-01-31,"LIMA ESTE Y GARAY, JUAN DE",-58.382235,-34.626842,Comuna 1,calle_avenida,sur,6955.0
2024-02-07,"LIMA ESTE Y GARAY, JUAN DE",-58.382235,-34.626842,Comuna 1,calle_avenida,sur,7574.0
2024-02-14,"LIMA ESTE Y GARAY, JUAN DE",-58.382235,-34.626842,Comuna 1,calle_avenida,sur,7791.0
2024-02-21,"LIMA ESTE Y GARAY, JUAN DE",-58.382235,-34.626842,Comuna 1,calle_avenida,sur,7082.0
2024-02-28,"LIMA ESTE Y GARAY, JUAN DE",-58.382235,-34.626842,Comuna 1,calle_avenida,sur,7178.0
2024-03-06,"LIMA ESTE Y GARAY, JUAN DE",-58.382235,-34.626842,Comuna 1,calle_avenida,sur,7304.0
2024-03-13,"LIMA ESTE Y GARAY, JUAN DE",-58.382235,-34.626842,Comuna 1,calle_avenida,sur,3062.0
2024-03-20,"LIMA ESTE Y GARAY, JUAN DE",-58.382235,-34.626842,Comuna 1,calle_avenida,sur,4518.0
2024-03-27,"LIMA ESTE Y GARAY, JUAN DE",-58.382235,-34.626842,Comuna 1,calle_avenida,sur,5690.0
2024-04-03,"LIMA ESTE Y GARAY, JUAN DE",-58.382235,-34.626842,Comuna 1,calle_avenida,sur,3724.0
2024-04-10,"LIMA ESTE Y GARAY, JUAN DE",-58.382235,-34.626842,Comuna 1,calle_avenida,sur,4400.0
2024-04-17,"LIMA ESTE Y GARAY, JUAN DE",-58.382235,-34.626842,Comuna 1,calle_avenida,sur,4528.0
2024-04-24,"LIMA ESTE Y GARAY, JUAN DE",-58.382235,-34.626842,Comuna 1,calle_avenida,sur,4179.0
2024-05-01,"LIMA ESTE Y GARAY, JUAN DE",-58.382235,-34.626842,Comuna 1,calle_avenida,sur,1811.0
2024-05-08,"LIMA ESTE Y GARAY, JUAN DE",-58.382235,-34.626842,Comuna 1,calle_avenida,sur,4608.0
2024-05-15,"LIMA ESTE Y GARAY, JUAN DE",-58.382235,-34.626842,Comuna 1,calle_avenida,sur,4608.0
2024-05-22,"LIMA ESTE Y GARAY, JUAN DE",-58.382235,-34.626842,Comuna 1,calle_avenida,sur,4429.0
2024-05-29,"LIMA ESTE Y GARAY, JUAN DE",-58.382235,-34.626842,Comuna 1,calle_avenida,sur,4495.0
2024-06-05,"LIMA ESTE Y GARAY, JUAN DE",-58.382235,-34.626842,Comuna 1,calle_avenida,sur,3912.0
2024-06-12,"LIMA ESTE Y GARAY, JUAN DE",-58.382235,-34.626842,Comuna 1,calle_avenida,sur,3437.0
2024-06-19,"LIMA ESTE Y GARAY, JUAN DE",-58.382235,-34.626842,Comuna 1,calle_avenida,sur,3968.0
2024-06-26,"LIMA ESTE Y GARAY, JUAN DE",-58.382235,-34.626842,Comuna 1,calle_avenida,sur,3981.0
2024-07-03,"LIMA ESTE Y GARAY, JUAN DE",-58.382235,-34.626842,Comuna 1,calle_avenida,sur,4019.0
2024-07-10,"LIMA ESTE Y GARAY, JUAN DE",-58.382235,-34.626842,Comuna 1,calle_avenida,sur,3979.0
2024-07-17,"LIMA ESTE Y GARAY, JUAN DE",-58.382235,-34.626842,Comuna 1,calle_avenida,sur,4040.0
2024-07-24,"LIMA ESTE Y GARAY, JUAN DE",-58.382235,-34.626842,Comuna 1,calle_avenida,sur,3551.0
2024-07-31,"LIMA ESTE Y GARAY, JUAN DE",-58.382235,-34.626842,Comuna 1,calle_avenida,sur,4406.0
2024-01-03,SUAREZ 1635,-58.373758,-34.638502,Comuna 4,calle_avenida,este,9311.0
2024-01-10,SUAREZ 1635,-58.373758,-34.638502,Comuna 4,calle_avenida,este,9998.0
2024-01-17,SUAREZ 1635,-58.373758,-34.638502,Comuna 4,calle_avenida,este,9421.0
2024-01-24,SUAREZ 1635,-58.373758,-34.638502,Comuna 4,calle_avenida,este,7250.0
2024-01-31,SUAREZ 1635,-58.373758,-34.638502,Comuna 4,calle_avenida,este,9311.0
2024-02-07,SUAREZ 1635,-58.373758,-34.638502,Comuna 4,calle_avenida,este,10033.0
2024-02-14,SUAREZ 1635,-58.373758,-34.638502,Comuna 4,calle_avenida,este,11395.0
2024-02-21,SUAREZ 1635,-58.373758,-34.638502,Comuna 4,calle_avenida,este,10306.0
2024-02-28,SUAREZ 1635,-58.373758,-34.638502,Comuna 4,calle_avenida,este,10382.0
2024-03-06,SUAREZ 1635,-58.373758,-34.638502,Comuna 4,calle_avenida,este,10816.0
2024-03-13,SUAREZ 1635,-58.373758,-34.638502,Comuna 4,calle_avenida,este,9514.0
2024-03-20,SUAREZ 1635,-58.373758,-34.638502,Comuna 4,calle_avenida,este,8089.0
2024-03-27,SUAREZ 1635,-58.373758,-34.638502,Comuna 4,calle_avenida,este,11781.0
2024-04-03,SUAREZ 1635,-58.373758,-34.638502,Comuna 4,calle_avenida,este,9651.0
2024-04-10,SUAREZ 1635,-58.373758,-34.638502,Comuna 4,calle_avenida,este,12168.0
2024-04-17,SUAREZ 1635,-58.373758,-34.638502,Comuna 4,calle_avenida,este,11262.0
2024-04-24,SUAREZ 1635,-58.373758,-34.638502,Comuna 4,calle_avenida,este,11338.0
2024-05-01,SUAREZ 1635,-58.373758,-34.638502,Comuna 4,calle_avenida,este,6318.0
2024-05-08,SUAREZ 1635,-58.373758,-34.638502,Comuna 4,calle_avenida,este,11555.0
2024-05-15,SUAREZ 1635,-58.373758,-34.638502,Comuna 4,calle_avenida,este,12387.0
2024-05-22,SUAREZ 1635,-58.373758,-34.638502,Comuna 4,calle_avenida,este,10733.0
2024-05-29,SUAREZ 1635,-58.373758,-34.638502,Comuna 4,calle_avenida,este,11907.0
2024-06-05,SUAREZ 1635,-58.373758,-34.638502,Comuna 4,calle_avenida,este,11459.0
2024-06-12,SUAREZ 1635,-58.373758,-34.638502,Comuna 4,calle_avenida,este,11047.0
2024-06-19,SUAREZ 1635,-58.373758,-34.638502,Comuna 4,calle_avenida,este,12282.0
2024-06-26,SUAREZ 1635,-58.373758,-34.638502,Comuna 4,calle_avenida,este,11158.0
2024-07-03,SUAREZ 1635,-58.373758,-34.638502,Comuna 4,calle_avenida,este,11969.0
2024-07-10,SUAREZ 1635,-58.373758,-34.638502,Comuna 4,calle_avenida,este,11816.0
2024-07-17,SUAREZ 1635,-58.373758,-34.638502,Comuna 4,calle_avenida,este,11249.0
2024-07-24,SUAREZ 1635,-58.373758,-34.638502,Comuna 4,calle_avenida,este,11682.0
2024-07-31,SUAREZ 1635,-58.373758,-34.638502,Comuna 4,calle_avenida,este,12866.0
2024-01-03,CALLAO AV. 858,-58.39311,-34.599002,Comuna 2,calle_avenida,norte,28285.0
2024-01-10,CALLAO AV. 858,-58.39311,-34.599002,Comuna 2,calle_avenida,norte,27653.0
2024-01-17,CALLAO AV. 858,-58.39311,-34.599002,Comuna 2,calle_avenida,norte,29944.0
2024-01-24,CALLAO AV. 858,-58.39311,-34.599002,Comuna 2,calle_avenida,norte,20897.0
2024-01-31,CALLAO AV. 858,-58.39311,-34.599002,Comuna 2,calle_avenida,norte,29766.0
2024-02-07,CALLAO AV. 858,-58.39311,-34.599002,Comuna 2,calle_avenida,norte,32913.0
2024-02-14,CALLAO AV. 858,-58.39311,-34.599002,Comuna 2,calle_avenida,norte,31714.0
2024-02-21,CALLAO AV. 858,-58.39311,-34.599002,Comuna 2,calle_avenida,norte,30903.0
2024-02-28,CALLAO AV. 858,-58.39311,-34.599002,Comuna 2,calle_avenida,norte,31076.0
2024-03-06,CALLAO AV. 858,-58.39311,-34.599002,Comuna 2,calle_avenida,norte,30968.0
2024-03-13,CALLAO AV. 858,-58.39311,-34.599002,Comuna 2,calle_avenida,norte,30676.0
2024-03-20,CALLAO AV. 858,-58.39311,-34.599002,Comuna 2,calle_avenida,norte,27573.0
2024-03-27,CALLAO AV. 858,-58.39311,-34.599002,Comuna 2,calle_avenida,norte,31013.0
2024-04-03,CALLAO AV. 858,-58.39311,-34.599002,Comuna 2,calle_avenida,norte,30256.0
2024-04-10,CALLAO AV. 858,-58.39311,-34.599002,Comuna 2,calle_avenida,norte,30817.0
2024-04-17,CALLAO AV. 858,-58.39311,-34.599002,Comuna 2,calle_avenida,norte,31130.0
2024-04-24,CALLAO AV. 858,-58.39311,-34.599002,Comuna 2,calle_avenida,norte,30850.0
2024-05-01,CALLAO AV. 858,-58.39311,-34.599002,Comuna 2,calle_avenida,norte,21180.0
2024-05-08,CALLAO AV. 858,-58.39311,-34.599002,Comuna 2,calle_avenida,norte,30556.0
2024-05-15,CALLAO AV. 858,-58.39311,-34.599002,Comuna 2,calle_avenida,norte,27641.0
2024-05-22,CALLAO AV. 858,-58.39311,-34.599002,Comuna 2,calle_avenida,norte,27926.0
2024-05-29,CALLAO AV. 858,-58.39311,-34.599002,Comuna 2,calle_avenida,norte,27231.0
2024-06-05,CALLAO AV. 858,-58.39311,-34.599002,Comuna 2,calle_avenida,norte,30445.0
2024-06-12,CALLAO AV. 858,-58.39311,-34.599002,Comuna 2,calle_avenida,norte,24432.0
2024-06-19,CALLAO AV. 858,-58.39311,-34.599002,Comuna 2,calle_avenida,norte,32203.0
2024-06-26,CALLAO AV. 858,-58.39311,-34.599002,Comuna 2,calle_avenida,norte,32537.0
2024-07-03,CALLAO AV. 858,-58.39311,-34.599002,Comuna 2,calle_avenida,norte,32254.0
2024-07-10,CALLAO AV. 858,-58.39311,-34.599002,Comuna 2,calle_avenida,norte,33511.0
2024-07-17,CALLAO AV. 858,-58.39311,-34.599002,Comuna 2,calle_avenida,norte,29775.0
2024-07-24,CALLAO AV. 858,-58.39311,-34.599002,Comuna 2,calle_avenida,norte,32525.0
2024-07-31,CALLAO AV. 858,-58.39311,-34.599002,Comuna 2,calle_avenida,norte,31513.0
2024-01-03,ENTRE RIOS AV. 326,-58.391646,-34.613,Comuna 1,calle_avenida,norte,29903.0
2024-01-10,ENTRE RIOS AV. 326,-58.391646,-34.613,Comuna 1,calle_avenida,norte,30009.0
2024-01-17,ENTRE RIOS AV. 326,-58.391646,-34.613,Comuna 1,calle_avenida,norte,29472.0
2024-01-24,ENTRE RIOS AV. 326,-58.391646,-34.613,Comuna 1,calle_avenida,norte,17140.0
2024-01-31,ENTRE RIOS AV. 326,-58.391646,-34.613,Comuna 1,calle_avenida,norte,26514.0
2024-02-07,ENTRE RIOS AV. 326,-58.391646,-34.613,Comuna 1,calle_avenida,norte,31863.0
2024-02-14,ENTRE RIOS AV. 326,-58.391646,-34.613,Comuna 1,calle_avenida,norte,32908.0
2024-02-21,ENTRE RIOS AV. 326,-58.391646,-34.613,Comuna 1,calle_avenida,norte,30776.0
2024-02-28,ENTRE RIOS AV. 326,-58.391646,-34.613,Comuna 1,calle_avenida,norte,30761.0
2024-03-06,ENTRE RIOS AV. 326,-58.391646,-34.613,Comuna 1,calle_avenida,norte,32069.0
2024-03-13,ENTRE RIOS AV. 326,-58.391646,-34.613,Comuna 1,calle_avenida,norte,30688.0
2024-03-20,ENTRE RIOS AV. 326,-58.391646,-34.613,Comuna 1,calle_avenida,norte,27472.0
2024-03-27,ENTRE RIOS AV. 326,-58.391646,-34.613,Comuna 1,calle_avenida,norte,31809.0
2024-04-03,ENTRE RIOS AV. 326,-58.391646,-34.613,Comuna 1,calle_avenida,norte,30941.0
2024-04-10,ENTRE RIOS AV. 326,-58.391646,-34.613,Comuna 1,calle_avenida,norte,31725.0
2024-04-17,ENTRE RIOS AV. 326,-58.391646,-34.613,Comuna 1,calle_avenida,norte,31650.0
2024-04-24,ENTRE RIOS AV. 326,-58.391646,-34.613,Comuna 1,calle_avenida,norte,30597.0
2024-05-01,ENTRE RIOS AV. 326,-58.391646,-34.613,Comuna 1,calle_avenida,norte,23770.0
2024-05-08,ENTRE RIOS AV. 326,-58.391646,-34.613,Comuna 1,calle_avenida,norte,31169.0
2024-05-15,ENTRE RIOS AV. 326,-58.391646,-34.613,Comuna 1,calle_avenida,norte,30691.0
2024-05-22,ENTRE RIOS AV. 326,-58.391646,-34.613,Comuna 1,calle_avenida,norte,29650.0
2024-05-29,ENTRE RIOS AV. 326,-58.391646,-34.613,Comuna 1,calle_avenida,norte,20141.0
2024-06-05,ENTRE RIOS AV. 326,-58.391646,-34.613,Comuna 1,calle_avenida,norte,25681.0
2024-06-12,ENTRE RIOS AV. 326,-58.391646,-34.613,Comuna 1,calle_avenida,norte,10671.0
2024-06-19,ENTRE RIOS AV. 326,-58.391646,-34.613,Comuna 1,calle_avenida,norte,26717.0
2024-06-26,ENTRE RIOS AV. 326,-58.391646,-34.613,Comuna 1,calle_avenida,norte,26378.0
2024-07-03,ENTRE RIOS AV. 326,-58.391646,-34.613,Comuna 1,calle_avenida,norte,27308.0
2024-07-10,ENTRE RIOS AV. 326,-58.391646,-34.613,Comuna 1,calle_avenida,norte,26580.0
2024-07-17,ENTRE RIOS AV. 326,-58.391646,-34.613,Comuna 1,calle_avenida,norte,19911.0
2024-07-24,ENTRE RIOS AV. 326,-58.391646,-34.613,Comuna 1,calle_avenida,norte,26759.0
2024-07-31,ENTRE RIOS AV. 326,-58.391646,-34.613,Comuna 1,calle_avenida,norte,27936.0
2024-01-03,PUEYRREDON AV. 214,-58.406212,-34.607467,Comuna 3,calle_avenida,sur,19642.0
2024-01-10,PUEYRREDON AV. 214,-58.406212,-34.607467,Comuna 3,calle_avenida,sur,22501.0
2024-01-17,PUEYRREDON AV. 214,-58.406212,-34.607467,Comuna 3,calle_avenida,sur,20741.0
2024-01-24,PUEYRREDON AV. 214,-58.406212,-34.607467,Comuna 3,calle_avenida,sur,19263.0
2024-01-31,PUEYRREDON AV. 214,-58.406212,-34.607467,Comuna 3,calle_avenida,sur,22523.0
2024-02-07,PUEYRREDON AV. 214,-58.406212,-34.607467,Comuna 3,calle_avenida,sur,24877.0
2024-02-14,PUEYRREDON AV. 214,-58.406212,-34.607467,Comuna 3,calle_avenida,sur,22875.0
2024-02-21,PUEYRREDON AV. 214,-58.406212,-34.607467,Comuna 3,calle_avenida,sur,21547.0
2024-02-28,PUEYRREDON AV. 214,-58.406212,-34.607467,Comuna 3,calle_avenida,sur,20963.0
2024-03-06,PUEYRREDON AV. 214,-58.406212,-34.607467,Comuna 3,calle_avenida,sur,20761.0
2024-03-13,PUEYRREDON AV. 214,-58.406212,-34.607467,Comuna 3,calle_avenida,sur,22321.0
2024-03-20,PUEYRREDON AV. 214,-58.406212,-34.607467,Comuna 3,calle_avenida,sur,20439.0
2024-03-27,PUEYRREDON AV. 214,-58.406212,-34.607467,Comuna 3,calle_avenida,sur,24639.0
2024-04-03,PUEYRREDON AV. 214,-58.406212,-34.607467,Comuna 3,calle_avenida,sur,22581.0
2024-04-10,PUEYRREDON AV. 214,-58.406212,-34.607467,Comuna 3,calle_avenida,sur,24816.0
2024-04-17,PUEYRREDON AV. 214,-58.406212,-34.607467,Comuna 3,calle_avenida,sur,23034.0
2024-04-24,PUEYRREDON AV. 214,-58.406212,-34.607467,Comuna 3,calle_avenida,sur,23652.0
2024-05-01,PUEYRREDON AV. 214,-58.406212,-34.607467,Comuna 3,calle_avenida,sur,20954.0
2024-05-08,PUEYRREDON AV. 214,-58.406212,-34.607467,Comuna 3,calle_avenida,sur,24287.0
2024-05-15,PUEYRREDON AV. 214,-58.406212,-34.607467,Comuna 3,calle_avenida,sur,23873.0
2024-05-22,PUEYRREDON AV. 214,-58.406212,-34.607467,Comuna 3,calle_avenida,sur,23267.0
2024-05-29,PUEYRREDON AV. 214,-58.406212,-34.607467,Comuna 3,calle_avenida,sur,22843.0
2024-06-05,PUEYRREDON AV. 214,-58.406212,-34.607467,Comuna 3,calle_avenida,sur,23980.0
2024-06-12,PUEYRREDON AV. 214,-58.406212,-34.607467,Comuna 3,calle_avenida,sur,23773.0
2024-06-19,PUEYRREDON AV. 214,-58.406212,-34.607467,Comuna 3,calle_avenida,sur,870.0
2024-06-26,PUEYRREDON AV. 214,-58.406212,-34.607467,Comuna 3,calle_avenida,sur,24138.0
2024-07-03,PUEYRREDON AV. 214,-58.406212,-34.607467,Comuna 3,calle_avenida,sur,23066.0
2024-07-10,PUEYRREDON AV. 214,-58.406212,-34.607467,Comuna 3,calle_avenida,sur,23429.0
2024-07-17,PUEYRREDON AV. 214,-58.406212,-34.607467,Comuna 3,calle_avenida,sur,23173.0
2024-07-24,PUEYRREDON AV. 214,-58.406212,-34.607467,Comuna 3,calle_avenida,sur,23358.0
2024-07-31,PUEYRREDON AV. 214,-58.406212,-34.607467,Comuna 3,calle_avenida,sur,24163.0
2024-01-03,"LACROZE, FEDERICO AV. 4199",-58.455081,-34.587105,Comuna 15,calle_avenida,sur,15037.0
2024-01-10,"LACROZE, FEDERICO AV. 4199",-58.455081,-34.587105,Comuna 15,calle_avenida,sur,15750.0
2024-01-17,"LACROZE, FEDERICO AV. 4199",-58.455081,-34.587105,Comuna 15,calle_avenida,sur,14964.0
2024-01-24,"LACROZE, FEDERICO AV. 4199",-58.455081,-34.587105,Comuna 15,calle_avenida,sur,14126.0
2024-01-31,"LACROZE, FEDERICO AV. 4199",-58.455081,-34.587105,Comuna 15,calle_avenida,sur,15819.0
2024-02-07,"LACROZE, FEDERICO AV. 4199",-58.455081,-34.587105,Comuna 15,calle_avenida,sur,16049.0
2024-02-14,"LACROZE, FEDERICO AV. 4199",-58.455081,-34.587105,Comuna 15,calle_avenida,sur,15683.0
2024-02-21,"LACROZE, FEDERICO AV. 4199",-58.455081,-34.587105,Comuna 15,calle_avenida,sur,16680.0
2024-02-28,"LACROZE, FEDERICO AV. 4199",-58.455081,-34.587105,Comuna 15,calle_avenida,sur,16813.0
2024-03-06,"LACROZE, FEDERICO AV. 4199",-58.455081,-34.587105,Comuna 15,calle_avenida,sur,17569.0
2024-03-13,"LACROZE, FEDERICO AV. 4199",-58.455081,-34.587105,Comuna 15,calle_avenida,sur,16577.0
2024-03-20,"LACROZE, FEDERICO AV. 4199",-58.455081,-34.587105,Comuna 15,calle_avenida,sur,14624.0
2024-03-27,"LACROZE, FEDERICO AV. 4199",-58.455081,-34.587105,Comuna 15,calle_avenida,sur,18378.0
2024-04-03,"LACROZE, FEDERICO AV. 4199",-58.455081,-34.587105,Comuna 15,calle_avenida,sur,11579.0
2024-04-10,"LACROZE, FEDERICO AV. 4199",-58.455081,-34.587105,Comuna 15,calle_avenida,sur,16932.0
2024-04-17,"LACROZE, FEDERICO AV. 4199",-58.455081,-34.587105,Comuna 15,calle_avenida,sur,16227.0
2024-04-24,"LACROZE, FEDERICO AV. 4199",-58.455081,-34.587105,Comuna 15,calle_avenida,sur,16165.0
2024-05-01,"LACROZE, FEDERICO AV. 4199",-58.455081,-34.587105,Comuna 15,calle_avenida,sur,9267.0
2024-05-08,"LACROZE, FEDERICO AV. 4199",-58.455081,-34.587105,Comuna 15,calle_avenida,sur,17345.0
2024-05-15,"LACROZE, FEDERICO AV. 4199",-58.455081,-34.587105,Comuna 15,calle_avenida,sur,16944.0
2024-05-22,"LACROZE, FEDERICO AV. 4199",-58.455081,-34.587105,Comuna 15,calle_avenida,sur,16447.0
2024-05-29,"LACROZE, FEDERICO AV. 4199",-58.455081,-34.587105,Comuna 15,calle_avenida,sur,15290.0
2024-06-05,"LACROZE, FEDERICO AV. 4199",-58.455081,-34.587105,Comuna 15,calle_avenida,sur,16443.0
2024-06-12,"LACROZE, FEDERICO AV. 4199",-58.455081,-34.587105,Comuna 15,calle_avenida,sur,16545.0
2024-06-19,"LACROZE, FEDERICO AV. 4199",-58.455081,-34.587105,Comuna 15,calle_avenida,sur,17711.0
2024-06-26,"LACROZE, FEDERICO AV. 4199",-58.455081,-34.587105,Comuna 15,calle_avenida,sur,16699.0
2024-07-03,"LACROZE, FEDERICO AV. 4199",-58.455081,-34.587105,Comuna 15,calle_avenida,sur,17251.0
2024-07-10,"LACROZE, FEDERICO AV. 4199",-58.455081,-34.587105,Comuna 15,calle_avenida,sur,17009.0
2024-07-17,"LACROZE, FEDERICO AV. 4199",-58.455081,-34.587105,Comuna 15,calle_avenida,sur,16148.0
2024-07-24,"LACROZE, FEDERICO AV. 4199",-58.455081,-34.587105,Comuna 15,calle_avenida,sur,16037.0
2024-07-31,"LACROZE, FEDERICO AV. 4199",-58.455081,-34.587105,Comuna 15,calle_avenida,sur,17031.0
2024-01-03,CALLAO AV. 1588,-58.391201,-34.591009,Comuna 2,calle_avenida,norte,21032.0
2024-01-10,CALLAO AV. 1588,-58.391201,-34.591009,Comuna 2,calle_avenida,norte,20287.0
2024-01-17,CALLAO AV. 1588,-58.391201,-34.591009,Comuna 2,calle_avenida,norte,20710.0
2024-01-24,CALLAO AV. 1588,-58.391201,-34.591009,Comuna 2,calle_avenida,norte,15745.0
2024-01-31,CALLAO AV. 1588,-58.391201,-34.591009,Comuna 2,calle_avenida,norte,21297.0
2024-02-07,CALLAO AV. 1588,-58.391201,-34.591009,Comuna 2,calle_avenida,norte,24929.0
2024-02-14,CALLAO AV. 1588,-58.391201,-34.591009,Comuna 2,calle_avenida,norte,22937.0
2024-02-21,CALLAO AV. 1588,-58.391201,-34.591009,Comuna 2,calle_avenida,norte,23358.0
2024-02-28,CALLAO AV. 1588,-58.391201,-34.591009,Comuna 2,calle_avenida,norte,22900.0
2024-03-06,CALLAO AV. 1588,-58.391201,-34.591009,Comuna 2,calle_avenida,norte,24024.0
2024-03-13,CALLAO AV. 1588,-58.391201,-34.591009,Comuna 2,calle_avenida,norte,24152.0
2024-03-20,CALLAO AV. 1588,-58.391201,-34.591009,Comuna 2,calle_avenida,norte,20217.0
2024-03-27,CALLAO AV. 1588,-58.391201,-34.591009,Comuna 2,calle_avenida,norte,24064.0
2024-04-03,CALLAO AV. 1588,-58.391201,-34.591009,Comuna 2,calle_avenida,norte,25894.0
2024-04-10,CALLAO AV. 1588,-58.391201,-34.591009,Comuna 2,calle_avenida,norte,29539.0
2024-04-17,CALLAO AV. 1588,-58.391201,-34.591009,Comuna 2,calle_avenida,norte,29123.0
2024-04-24,CALLAO AV. 1588,-58.391201,-34.591009,Comuna 2,calle_avenida,norte,28312.0
2024-05-01,CALLAO AV. 1588,-58.391201,-34.591009,Comuna 2,calle_avenida,norte,18205.0
2024-05-08,CALLAO AV. 1588,-58.391201,-34.591009,Comuna 2,calle_avenida,norte,29166.0
2024-05-15,CALLAO AV. 1588,-58.391201,-34.591009,Comuna 2,calle_avenida,norte,27949.0
2024-05-22,CALLAO AV. 1588,-58.391201,-34.591009,Comuna 2,calle_avenida,norte,28170.0
2024-05-29,CALLAO AV. 1588,-58.391201,-34.591009,Comuna 2,calle_avenida,norte,27533.0
2024-06-05,CALLAO AV. 1588,-58.391201,-34.591009,Comuna 2,calle_avenida,norte,28265.0
2024-06-12,CALLAO AV. 1588,-58.391201,-34.591009,Comuna 2,calle_avenida,norte,25396.0
2024-06-19,CALLAO AV. 1588,-58.391201,-34.591009,Comuna 2,calle_avenida,norte,27306.0
2024-06-26,CALLAO AV. 1588,-58.391201,-34.591009,Comuna 2,calle_avenida,norte,28020.0
2024-07-03,CALLAO AV. 1588,-58.391201,-34.591009,Comuna 2,calle_avenida,norte,28166.0
2024-07-10,CALLAO AV. 1588,-58.391201,-34.591009,Comuna 2,calle_avenida,norte,26976.0
2024-07-17,CALLAO AV. 1588,-58.391201,-34.591009,Comuna 2,calle_avenida,norte,24964.0
2024-07-24,CALLAO AV. 1588,-58.391201,-34.591009,Comuna 2,calle_avenida,norte,26112.0
2024-07-31,CALLAO AV. 1588,-58.391201,-34.591009,Comuna 2,calle_avenida,norte,26621.0
2024-01-03,"SCALABRINI ORTIZ, RAUL AV. 1385",-58.427003,-34.592379,Comuna 14,calle_avenida,este,15419.0
2024-01-10,"SCALABRINI ORTIZ, RAUL AV. 1385",-58.427003,-34.592379,Comuna 14,calle_avenida,este,15866.0
2024-01-17,"SCALABRINI ORTIZ, RAUL AV. 1385",-58.427003,-34.592379,Comuna 14,calle_avenida,este,15941.0
2024-01-24,"SCALABRINI ORTIZ, RAUL AV. 1385",-58.427003,-34.592379,Comuna 14,calle_avenida,este,14411.0
2024-01-31,"SCALABRINI ORTIZ, RAUL AV. 1385",-58.427003,-34.592379,Comuna 14,calle_avenida,este,16778.0
2024-02-07,"SCALABRINI ORTIZ, RAUL AV. 1385",-58.427003,-34.592379,Comuna 14,calle_avenida,este,17494.0
2024-02-21,"SCALABRINI ORTIZ, RAUL AV. 1385",-58.427003,-34.592379,Comuna 14,calle_avenida,este,18837.0
2024-02-28,"SCALABRINI ORTIZ, RAUL AV. 1385",-58.427003,-34.592379,Comuna 14,calle_avenida,este,18603.0
2024-03-06,"SCALABRINI ORTIZ, RAUL AV. 1385",-58.427003,-34.592379,Comuna 14,calle_avenida,este,20587.0
2024-03-13,"SCALABRINI ORTIZ, RAUL AV. 1385",-58.427003,-34.592379,Comuna 14,calle_avenida,este,18076.0
2024-03-20,"SCALABRINI ORTIZ, RAUL AV. 1385",-58.427003,-34.592379,Comuna 14,calle_avenida,este,15792.0
2024-04-24,"SCALABRINI ORTIZ, RAUL AV. 1385",-58.427003,-34.592379,Comuna 14,calle_avenida,este,19005.0
2024-05-01,"SCALABRINI ORTIZ, RAUL AV. 1385",-58.427003,-34.592379,Comuna 14,calle_avenida,este,13145.0
2024-05-08,"SCALABRINI ORTIZ, RAUL AV. 1385",-58.427003,-34.592379,Comuna 14,calle_avenida,este,19944.0
2024-05-15,"SCALABRINI ORTIZ, RAUL AV. 1385",-58.427003,-34.592379,Comuna 14,calle_avenida,este,18956.0
2024-05-22,"SCALABRINI ORTIZ, RAUL AV. 1385",-58.427003,-34.592379,Comuna 14,calle_avenida,este,19839.0
2024-05-29,"SCALABRINI ORTIZ, RAUL AV. 1385",-58.427003,-34.592379,Comuna 14,calle_avenida,este,18847.0
2024-06-05,"SCALABRINI ORTIZ, RAUL AV. 1385",-58.427003,-34.592379,Comuna 14,calle_avenida,este,19556.0
2024-06-12,"SCALABRINI ORTIZ, RAUL AV. 1385",-58.427003,-34.592379,Comuna 14,calle_avenida,este,19823.0
2024-06-19,"SCALABRINI ORTIZ, RAUL AV. 1385",-58.427003,-34.592379,Comuna 14,calle_avenida,este,21281.0
2024-06-26,"SCALABRINI ORTIZ, RAUL AV. 1385",-58.427003,-34.592379,Comuna 14,calle_avenida,este,19562.0
2024-07-03,"SCALABRINI ORTIZ, RAUL AV. 1385",-58.427003,-34.592379,Comuna 14,calle_avenida,este,19326.0
2024-07-10,"SCALABRINI ORTIZ, RAUL AV. 1385",-58.427003,-34.592379,Comuna 14,calle_avenida,este,18925.0
2024-07-17,"SCALABRINI ORTIZ, RAUL AV. 1385",-58.427003,-34.592379,Comuna 14,calle_avenida,este,19099.0
2024-07-24,"SCALABRINI ORTIZ, RAUL AV. 1385",-58.427003,-34.592379,Comuna 14,calle_avenida,este,18537.0
2024-07-31,"SCALABRINI ORTIZ, RAUL AV. 1385",-58.427003,-34.592379,Comuna 14,calle_avenida,este,19588.0
2024-01-03,FOREST AV. 634,-58.454309,-34.584925,Comuna 15,calle_avenida,sur,26507.0
2024-01-10,FOREST AV. 634,-58.454309,-34.584925,Comuna 15,calle_avenida,sur,28619.0
2024-01-17,FOREST AV. 634,-58.454309,-34.584925,Comuna 15,calle_avenida,sur,27615.0
2024-01-24,FOREST AV. 634,-58.454309,-34.584925,Comuna 15,calle_avenida,sur,24685.0
2024-01-31,FOREST AV. 634,-58.454309,-34.584925,Comuna 15,calle_avenida,sur,21461.0
2024-02-07,FOREST AV. 634,-58.454309,-34.584925,Comuna 15,calle_avenida,sur,31076.0
2024-02-14,FOREST AV. 634,-58.454309,-34.584925,Comuna 15,calle_avenida,sur,26813.0
2024-02-21,FOREST AV. 634,-58.454309,-34.584925,Comuna 15,calle_avenida,sur,30052.0
2024-02-28,FOREST AV. 634,-58.454309,-34.584925,Comuna 15,calle_avenida,sur,30696.0
2024-03-06,FOREST AV. 634,-58.454309,-34.584925,Comuna 15,calle_avenida,sur,26964.0
2024-03-13,FOREST AV. 634,-58.454309,-34.584925,Comuna 15,calle_avenida,sur,31273.0
2024-03-20,FOREST AV. 634,-58.454309,-34.584925,Comuna 15,calle_avenida,sur,27041.0
2024-03-27,FOREST AV. 634,-58.454309,-34.584925,Comuna 15,calle_avenida,sur,34210.0
2024-04-03,FOREST AV. 634,-58.454309,-34.584925,Comuna 15,calle_avenida,sur,30906.0
2024-04-10,FOREST AV. 634,-58.454309,-34.584925,Comuna 15,calle_avenida,sur,32506.0
2024-04-17,FOREST AV. 634,-58.454309,-34.584925,Comuna 15,calle_avenida,sur,33875.0
2024-04-24,FOREST AV. 634,-58.454309,-34.584925,Comuna 15,calle_avenida,sur,33882.0
2024-05-01,FOREST AV. 634,-58.454309,-34.584925,Comuna 15,calle_avenida,sur,21119.0
2024-05-08,FOREST AV. 634,-58.454309,-34.584925,Comuna 15,calle_avenida,sur,35965.0
2024-05-15,FOREST AV. 634,-58.454309,-34.584925,Comuna 15,calle_avenida,sur,36301.0
2024-05-22,FOREST AV. 634,-58.454309,-34.584925,Comuna 15,calle_avenida,sur,34339.0
2024-05-29,FOREST AV. 634,-58.454309,-34.584925,Comuna 15,calle_avenida,sur,34489.0
2024-06-05,FOREST AV. 634,-58.454309,-34.584925,Comuna 15,calle_avenida,sur,34271.0
2024-06-12,FOREST AV. 634,-58.454309,-34.584925,Comuna 15,calle_avenida,sur,33552.0
2024-06-19,FOREST AV. 634,-58.454309,-34.584925,Comuna 15,calle_avenida,sur,36556.0
2024-06-26,FOREST AV. 634,-58.454309,-34.584925,Comuna 15,calle_avenida,sur,35019.0
2024-07-03,FOREST AV. 634,-58.454309,-34.584925,Comuna 15,calle_avenida,sur,34936.0
2024-07-10,FOREST AV. 634,-58.454309,-34.584925,Comuna 15,calle_avenida,sur,35518.0
2024-07-17,FOREST AV. 634,-58.454309,-34.584925,Comuna 15,calle_avenida,sur,33787.0
2024-07-24,FOREST AV. 634,-58.454309,-34.584925,Comuna 15,calle_avenida,sur,31845.0
2024-07-31,FOREST AV. 634,-58.454309,-34.584925,Comuna 15,calle_avenida,sur,34540.0
2024-01-03,SANTA FE AV. 4650,-58.425858,-34.578448,Comuna 14,calle_avenida,este,5367.0
2024-01-10,SANTA FE AV. 4650,-58.425858,-34.578448,Comuna 14,calle_avenida,este,4212.0
2024-01-17,SANTA FE AV. 4650,-58.425858,-34.578448,Comuna 14,calle_avenida,este,145.0
2024-01-24,SANTA FE AV. 4650,-58.425858,-34.578448,Comuna 14,calle_avenida,este,4289.0
2024-01-31,SANTA FE AV. 4650,-58.425858,-34.578448,Comuna 14,calle_avenida,este,6321.0
2024-02-07,SANTA FE AV. 4650,-58.425858,-34.578448,Comuna 14,calle_avenida,este,8684.0
2024-02-14,SANTA FE AV. 4650,-58.425858,-34.578448,Comuna 14,calle_avenida,este,5362.0
2024-02-21,SANTA FE AV. 4650,-58.425858,-34.578448,Comuna 14,calle_avenida,este,5285.0
2024-02-28,SANTA FE AV. 4650,-58.425858,-34.578448,Comuna 14,calle_avenida,este,5092.0
2024-03-06,SANTA FE AV. 4650,-58.425858,-34.578448,Comuna 14,calle_avenida,este,5962.0
2024-03-13,SANTA FE AV. 4650,-58.425858,-34.578448,Comuna 14,calle_avenida,este,6040.0
2024-03-20,SANTA FE AV. 4650,-58.425858,-34.578448,Comuna 14,calle_avenida,este,5776.0
2024-03-27,SANTA FE AV. 4650,-58.425858,-34.578448,Comuna 14,calle_avenida,este,6106.0
2024-04-03,SANTA FE AV. 4650,-58.425858,-34.578448,Comuna 14,calle_avenida,este,6185.0
2024-04-24,SANTA FE AV. 4650,-58.425858,-34.578448,Comuna 14,calle_avenida,este,5120.0
2024-05-01,SANTA FE AV. 4650,-58.425858,-34.578448,Comuna 14,calle_avenida,este,3888.0
2024-05-08,SANTA FE AV. 4650,-58.425858,-34.578448,Comuna 14,calle_avenida,este,6189.0
2024-05-15,SANTA FE AV. 4650,-58.425858,-34.578448,Comuna 14,calle_avenida,este,6039.0
2024-05-22,SANTA FE AV. 4650,-58.425858,-34.578448,Comuna 14,calle_avenida,este,6813.0
2024-05-29,SANTA FE AV. 4650,-58.425858,-34.578448,Comuna 14,calle_avenida,este,6205.0
2024-06-05,SANTA FE AV. 4650,-58.425858,-34.578448,Comuna 14,calle_avenida,este,6217.0
2024-06-12,SANTA FE AV. 4650,-58.425858,-34.578448,Comuna 14,calle_avenida,este,6274.0
2024-06-19,SANTA FE AV. 4650,-58.425858,-34.578448,Comuna 14,calle_avenida,este,5546.0
2024-06-26,SANTA FE AV. 4650,-58.425858,-34.578448,Comuna 14,calle_avenida,este,5928.0
2024-07-03,SANTA FE AV. 4650,-58.425858,-34.578448,Comuna 14,calle_avenida,este,6753.0
2024-07-10,SANTA FE AV. 4650,-58.425858,-34.578448,Comuna 14,calle_avenida,este,6548.0
2024-07-17,SANTA FE AV. 4650,-58.425858,-34.578448,Comuna 14,calle_avenida,este,6320.0
2024-07-24,SANTA FE AV. 4650,-58.425858,-34.578448,Comuna 14,calle_avenida,este,5887.0
2024-07-31,SANTA FE AV. 4650,-58.425858,-34.578448,Comuna 14,calle_avenida,este,7324.0
2024-01-03,"PERON, JUAN DOMINGO, TTE. GENERAL 2687",-58.404461,-34.607561,Comuna 3,calle_avenida,oeste,5393.0
2024-01-10,"PERON, JUAN DOMINGO, TTE. GENERAL 2687",-58.404461,-34.607561,Comuna 3,calle_avenida,oeste,5421.0
2024-01-17,"PERON, JUAN DOMINGO, TTE. GENERAL 2687",-58.404461,-34.607561,Comuna 3,calle_avenida,oeste,129.0
2024-01-24,"PERON, JUAN DOMINGO, TTE. GENERAL 2687",-58.404461,-34.607561,Comuna 3,calle_avenida,oeste,4330.0
2024-01-31,"PERON, JUAN DOMINGO, TTE. GENERAL 2687",-58.404461,-34.607561,Comuna 3,calle_avenida,oeste,5422.0
2024-02-07,"PERON, JUAN DOMINGO, TTE. GENERAL 2687",-58.404461,-34.607561,Comuna 3,calle_avenida,oeste,3517.0
2024-02-14,"PERON, JUAN DOMINGO, TTE. GENERAL 2687",-58.404461,-34.607561,Comuna 3,calle_avenida,oeste,3498.0
2024-02-21,"PERON, JUAN DOMINGO, TTE. GENERAL 2687",-58.404461,-34.607561,Comuna 3,calle_avenida,oeste,3537.0
2024-02-28,"PERON, JUAN DOMINGO, TTE. GENERAL 2687",-58.404461,-34.607561,Comuna 3,calle_avenida,oeste,3256.0
2024-03-06,"PERON, JUAN DOMINGO, TTE. GENERAL 2687",-58.404461,-34.607561,Comuna 3,calle_avenida,oeste,3355.0
2024-03-13,"PERON, JUAN DOMINGO, TTE. GENERAL 2687",-58.404461,-34.607561,Comuna 3,calle_avenida,oeste,4006.0
2024-03-20,"PERON, JUAN DOMINGO, TTE. GENERAL 2687",-58.404461,-34.607561,Comuna 3,calle_avenida,oeste,991.0
2024-03-27,"PERON, JUAN DOMINGO, TTE. GENERAL 2687",-58.404461,-34.607561,Comuna 3,calle_avenida,oeste,6596.0
2024-04-03,"PERON, JUAN DOMINGO, TTE. GENERAL 2687",-58.404461,-34.607561,Comuna 3,calle_avenida,oeste,6022.0
2024-04-10,"PERON, JUAN DOMINGO, TTE. GENERAL 2687",-58.404461,-34.607561,Comuna 3,calle_avenida,oeste,6595.0
2024-04-17,"PERON, JUAN DOMINGO, TTE. GENERAL 2687",-58.404461,-34.607561,Comuna 3,calle_avenida,oeste,6591.0
2024-04-24,"PERON, JUAN DOMINGO, TTE. GENERAL 2687",-58.404461,-34.607561,Comuna 3,calle_avenida,oeste,6240.0
2024-05-08,"PERON, JUAN DOMINGO, TTE. GENERAL 2687",-58.404461,-34.607561,Comuna 3,calle_avenida,oeste,6619.0
2024-05-15,"PERON, JUAN DOMINGO, TTE. GENERAL 2687",-58.404461,-34.607561,Comuna 3,calle_avenida,oeste,6330.0
2024-05-22,"PERON, JUAN DOMINGO, TTE. GENERAL 2687",-58.404461,-34.607561,Comuna 3,calle_avenida,oeste,6367.0
2024-05-29,"PERON, JUAN DOMINGO, TTE. GENERAL 2687",-58.404461,-34.607561,Comuna 3,calle_avenida,oeste,4838.0
2024-06-05,"PERON, JUAN DOMINGO, TTE. GENERAL 2687",-58.404461,-34.607561,Comuna 3,calle_avenida,oeste,6071.0
2024-06-12,"PERON, JUAN DOMINGO, TTE. GENERAL 2687",-58.404461,-34.607561,Comuna 3,calle_avenida,oeste,5988.0
2024-06-19,"PERON, JUAN DOMINGO, TTE. GENERAL 2687",-58.404461,-34.607561,Comuna 3,calle_avenida,oeste,6279.0
2024-06-26,"PERON, JUAN DOMINGO, TTE. GENERAL 2687",-58.404461,-34.607561,Comuna 3,calle_avenida,oeste,6176.0
2024-07-03,"PERON, JUAN DOMINGO, TTE. GENERAL 2687",-58.404461,-34.607561,Comuna 3,calle_avenida,oeste,685.0
2024-07-10,"PERON, JUAN DOMINGO, TTE. GENERAL 2687",-58.404461,-34.607561,Comuna 3,calle_avenida,oeste,6186.0
2024-07-17,"PERON, JUAN DOMINGO, TTE. GENERAL 2687",-58.404461,-34.607561,Comuna 3,calle_avenida,oeste,2734.0
2024-07-24,"PERON, JUAN DOMINGO, TTE. GENERAL 2687",-58.404461,-34.607561,Comuna 3,calle_avenida,oeste,3881.0
2024-07-31,"PERON, JUAN DOMINGO, TTE. GENERAL 2687",-58.404461,-34.607561,Comuna 3,calle_avenida,oeste,5857.0
2024-01-03,"LACROZE, FEDERICO AV. 2462",-58.445413,-34.571098,Comuna 13,calle_avenida,norte,12126.0
2024-01-10,"LACROZE, FEDERICO AV. 2462",-58.445413,-34.571098,Comuna 13,calle_avenida,norte,12953.0
2024-01-17,"LACROZE, FEDERICO AV. 2462",-58.445413,-34.571098,Comuna 13,calle_avenida,norte,12674.0
2024-01-24,"LACROZE, FEDERICO AV. 2462",-58.445413,-34.571098,Comuna 13,calle_avenida,norte,11206.0
2024-01-31,"LACROZE, FEDERICO AV. 2462",-58.445413,-34.571098,Comuna 13,calle_avenida,norte,13080.0
2024-02-07,"LACROZE, FEDERICO AV. 2462",-58.445413,-34.571098,Comuna 13,calle_avenida,norte,14191.0
2024-02-14,"LACROZE, FEDERICO AV. 2462",-58.445413,-34.571098,Comuna 13,calle_avenida,norte,13176.0
2024-02-21,"LACROZE, FEDERICO AV. 2462",-58.445413,-34.571098,Comuna 13,calle_avenida,norte,13239.0
2024-02-28,"LACROZE, FEDERICO AV. 2462",-58.445413,-34.571098,Comuna 13,calle_avenida,norte,13355.0
2024-03-06,"LACROZE, FEDERICO AV. 2462",-58.445413,-34.571098,Comuna 13,calle_avenida,norte,13728.0
2024-03-13,"LACROZE, FEDERICO AV. 2462",-58.445413,-34.571098,Comuna 13,calle_avenida,norte,13682.0
2024-03-20,"LACROZE, FEDERICO AV. 2462",-58.445413,-34.571098,Comuna 13,calle_avenida,norte,11796.0
2024-03-27,"LACROZE, FEDERICO AV. 2462",-58.445413,-34.571098,Comuna 13,calle_avenida,norte,13694.0
2024-04-03,"LACROZE, FEDERICO AV. 2462",-58.445413,-34.571098,Comuna 13,calle_avenida,norte,13058.0
2024-04-10,"LACROZE, FEDERICO AV. 2462",-58.445413,-34.571098,Comuna 13,calle_avenida,norte,13579.0
2024-04-17,"LACROZE, FEDERICO AV. 2462",-58.445413,-34.571098,Comuna 13,calle_avenida,norte,12941.0
2024-04-24,"LACROZE, FEDERICO AV. 2462",-58.445413,-34.571098,Comuna 13,calle_avenida,norte,13200.0
2024-05-01,"LACROZE, FEDERICO AV. 2462",-58.445413,-34.571098,Comuna 13,calle_avenida,norte,11371.0
2024-05-08,"LACROZE, FEDERICO AV. 2462",-58.445413,-34.571098,Comuna 13,calle_avenida,norte,13477.0
2024-05-15,"LACROZE, FEDERICO AV. 2462",-58.445413,-34.571098,Comuna 13,calle_avenida,norte,13106.0
2024-05-22,"LACROZE, FEDERICO AV. 2462",-58.445413,-34.571098,Comuna 13,calle_avenida,norte,13913.0
2024-05-29,"LACROZE, FEDERICO AV. 2462",-58.445413,-34.571098,Comuna 13,calle_avenida,norte,13128.0
2024-06-05,"LACROZE, FEDERICO AV. 2462",-58.445413,-34.571098,Comuna 13,calle_avenida,norte,12915.0
2024-06-12,"LACROZE, FEDERICO AV. 2462",-58.445413,-34.571098,Comuna 13,calle_avenida,norte,11138.0
2024-06-19,"LACROZE, FEDERICO AV. 2462",-58.445413,-34.571098,Comuna 13,calle_avenida,norte,9673.0
2024-06-26,"LACROZE, FEDERICO AV. 2462",-58.445413,-34.571098,Comuna 13,calle_avenida,norte,9803.0
2024-07-03,"LACROZE, FEDERICO AV. 2462",-58.445413,-34.571098,Comuna 13,calle_avenida,norte,9962.0
2024-07-10,"LACROZE, FEDERICO AV. 2462",-58.445413,-34.571098,Comuna 13,calle_avenida,norte,9643.0
2024-07-17,"LACROZE, FEDERICO AV. 2462",-58.445413,-34.571098,Comuna 13,calle_avenida,norte,9599.0
2024-07-24,"LACROZE, FEDERICO AV. 2462",-58.445413,-34.571098,Comuna 13,calle_avenida,norte,9271.0
2024-07-31,"LACROZE, FEDERICO AV. 2462",-58.445413,-34.571098,Comuna 13,calle_avenida,norte,9796.0
2024-01-03,MOSCONI GENERAL AV. 3000,-58.50334,-34.587077,Comuna 12,calle_avenida,norte,5366.0
2024-01-10,MOSCONI GENERAL AV. 3000,-58.50334,-34.587077,Comuna 12,calle_avenida,norte,5622.0
2024-01-17,MOSCONI GENERAL AV. 3000,-58.50334,-34.587077,Comuna 12,calle_avenida,norte,5393.0
2024-01-24,MOSCONI GENERAL AV. 3000,-58.50334,-34.587077,Comuna 12,calle_avenida,norte,3721.0
2024-01-31,MOSCONI GENERAL AV. 3000,-58.50334,-34.587077,Comuna 12,calle_avenida,norte,6801.0
2024-02-07,MOSCONI GENERAL AV. 3000,-58.50334,-34.587077,Comuna 12,calle_avenida,norte,6134.0
2024-02-14,MOSCONI GENERAL AV. 3000,-58.50334,-34.587077,Comuna 12,calle_avenida,norte,6802.0
2024-02-21,MOSCONI GENERAL AV. 3000,-58.50334,-34.587077,Comuna 12,calle_avenida,norte,6119.0
2024-02-28,MOSCONI GENERAL AV. 3000,-58.50334,-34.587077,Comuna 12,calle_avenida,norte,4586.0
2024-03-06,MOSCONI GENERAL AV. 3000,-58.50334,-34.587077,Comuna 12,calle_avenida,norte,4899.0
2024-03-13,MOSCONI GENERAL AV. 3000,-58.50334,-34.587077,Comuna 12,calle_avenida,norte,3560.0
2024-03-20,MOSCONI GENERAL AV. 3000,-58.50334,-34.587077,Comuna 12,calle_avenida,norte,3126.0
2024-03-27,MOSCONI GENERAL AV. 3000,-58.50334,-34.587077,Comuna 12,calle_avenida,norte,6626.0
2024-04-03,MOSCONI GENERAL AV. 3000,-58.50334,-34.587077,Comuna 12,calle_avenida,norte,5001.0
2024-04-24,MOSCONI GENERAL AV. 3000,-58.50334,-34.587077,Comuna 12,calle_avenida,norte,4747.0
2024-05-01,MOSCONI GENERAL AV. 3000,-58.50334,-34.587077,Comuna 12,calle_avenida,norte,4047.0
2024-05-08,MOSCONI GENERAL AV. 3000,-58.50334,-34.587077,Comuna 12,calle_avenida,norte,5863.0
2024-05-15,MOSCONI GENERAL AV. 3000,-58.50334,-34.587077,Comuna 12,calle_avenida,norte,4977.0
2024-05-22,MOSCONI GENERAL AV. 3000,-58.50334,-34.587077,Comuna 12,calle_avenida,norte,4739.0
2024-05-29,MOSCONI GENERAL AV. 3000,-58.50334,-34.587077,Comuna 12,calle_avenida,norte,5605.0
2024-06-05,MOSCONI GENERAL AV. 3000,-58.50334,-34.587077,Comuna 12,calle_avenida,norte,5111.0
2024-06-12,MOSCONI GENERAL AV. 3000,-58.50334,-34.587077,Comuna 12,calle_avenida,norte,5844.0
2024-06-19,MOSCONI GENERAL AV. 3000,-58.50334,-34.587077,Comuna 12,calle_avenida,norte,5819.0
2024-06-26,MOSCONI GENERAL AV. 3000,-58.50334,-34.587077,Comuna 12,calle_avenida,norte,5693.0
2024-07-03,MOSCONI GENERAL AV. 3000,-58.50334,-34.587077,Comuna 12,calle_avenida,norte,5656.0
2024-07-10,MOSCONI GENERAL AV. 3000,-58.50334,-34.587077,Comuna 12,calle_avenida,norte,4916.0
2024-07-17,MOSCONI GENERAL AV. 3000,-58.50334,-34.587077,Comuna 12,calle_avenida,norte,5486.0
2024-07-24,MOSCONI GENERAL AV. 3000,-58.50334,-34.587077,Comuna 12,calle_avenida,norte,5070.0
2024-07-31,MOSCONI GENERAL AV. 3000,-58.50334,-34.587077,Comuna 12,calle_avenida,norte,6283.0
2024-01-03,RIVADAVIA AV. 4987,-58.43608,-34.618047,Comuna 6,calle_avenida,oeste,10006.0
2024-01-10,RIVADAVIA AV. 4987,-58.43608,-34.618047,Comuna 6,calle_avenida,oeste,8791.0
2024-01-17,RIVADAVIA AV. 4987,-58.43608,-34.618047,Comuna 6,calle_avenida,oeste,9055.0
2024-01-24,RIVADAVIA AV. 4987,-58.43608,-34.618047,Comuna 6,calle_avenida,oeste,8544.0
2024-01-31,RIVADAVIA AV. 4987,-58.43608,-34.618047,Comuna 6,calle_avenida,oeste,10544.0
2024-02-07,RIVADAVIA AV. 4987,-58.43608,-34.618047,Comuna 6,calle_avenida,oeste,13038.0
2024-02-14,RIVADAVIA AV. 4987,-58.43608,-34.618047,Comuna 6,calle_avenida,oeste,12054.0
2024-02-21,RIVADAVIA AV. 4987,-58.43608,-34.618047,Comuna 6,calle_avenida,oeste,11111.0
2024-02-28,RIVADAVIA AV. 4987,-58.43608,-34.618047,Comuna 6,calle_avenida,oeste,11244.0
2024-03-06,RIVADAVIA AV. 4987,-58.43608,-34.618047,Comuna 6,calle_avenida,oeste,9943.0
2024-03-13,RIVADAVIA AV. 4987,-58.43608,-34.618047,Comuna 6,calle_avenida,oeste,4807.0
2024-03-20,RIVADAVIA AV. 4987,-58.43608,-34.618047,Comuna 6,calle_avenida,oeste,3767.0
2024-03-27,RIVADAVIA AV. 4987,-58.43608,-34.618047,Comuna 6,calle_avenida,oeste,10415.0
2024-04-03,RIVADAVIA AV. 4987,-58.43608,-34.618047,Comuna 6,calle_avenida,oeste,5608.0
2024-04-10,RIVADAVIA AV. 4987,-58.43608,-34.618047,Comuna 6,calle_avenida,oeste,9579.0
2024-04-17,RIVADAVIA AV. 4987,-58.43608,-34.618047,Comuna 6,calle_avenida,oeste,9599.0
2024-04-24,RIVADAVIA AV. 4987,-58.43608,-34.618047,Comuna 6,calle_avenida,oeste,8195.0
2024-05-01,RIVADAVIA AV. 4987,-58.43608,-34.618047,Comuna 6,calle_avenida,oeste,6025.0
2024-05-08,RIVADAVIA AV. 4987,-58.43608,-34.618047,Comuna 6,calle_avenida,oeste,8025.0
2024-05-15,RIVADAVIA AV. 4987,-58.43608,-34.618047,Comuna 6,calle_avenida,oeste,7837.0
2024-05-22,RIVADAVIA AV. 4987,-58.43608,-34.618047,Comuna 6,calle_avenida,oeste,6409.0
2024-05-29,RIVADAVIA AV. 4987,-58.43608,-34.618047,Comuna 6,calle_avenida,oeste,7263.0
2024-06-05,RIVADAVIA AV. 4987,-58.43608,-34.618047,Comuna 6,calle_avenida,oeste,5481.0
2024-06-12,RIVADAVIA AV. 4987,-58.43608,-34.618047,Comuna 6,calle_avenida,oeste,6937.0
2024-06-19,RIVADAVIA AV. 4987,-58.43608,-34.618047,Comuna 6,calle_avenida,oeste,7033.0
2024-06-26,RIVADAVIA AV. 4987,-58.43608,-34.618047,Comuna 6,calle_avenida,oeste,8237.0
2024-07-03,RIVADAVIA AV. 4987,-58.43608,-34.618047,Comuna 6,calle_avenida,oeste,11526.0
2024-07-10,RIVADAVIA AV. 4987,-58.43608,-34.618047,Comuna 6,calle_avenida,oeste,11540.0
2024-07-17,RIVADAVIA AV. 4987,-58.43608,-34.618047,Comuna 6,calle_avenida,oeste,11241.0
2024-07-24,RIVADAVIA AV. 4987,-58.43608,-34.618047,Comuna 6,calle_avenida,oeste,9222.0
2024-07-31,RIVADAVIA AV. 4987,-58.43608,-34.618047,Comuna 6,calle_avenida,oeste,10487.0
2024-01-03,LIMA 281,-58.381872,-34.611723,Comuna 1,calle_avenida,sur,11787.0
2024-01-10,LIMA 281,-58.381872,-34.611723,Comuna 1,calle_avenida,sur,12408.0
2024-01-17,LIMA 281,-58.381872,-34.611723,Comuna 1,calle_avenida,sur,10950.0
2024-01-24,LIMA 281,-58.381872,-34.611723,Comuna 1,calle_avenida,sur,6073.0
2024-01-31,LIMA 281,-58.381872,-34.611723,Comuna 1,calle_avenida,sur,12407.0
2024-02-07,LIMA 281,-58.381872,-34.611723,Comuna 1,calle_avenida,sur,13798.0
2024-02-14,LIMA 281,-58.381872,-34.611723,Comuna 1,calle_avenida,sur,12997.0
2024-02-21,LIMA 281,-58.381872,-34.611723,Comuna 1,calle_avenida,sur,11605.0
2024-02-28,LIMA 281,-58.381872,-34.611723,Comuna 1,calle_avenida,sur,11384.0
2024-03-06,LIMA 281,-58.381872,-34.611723,Comuna 1,calle_avenida,sur,11912.0
2024-03-13,LIMA 281,-58.381872,-34.611723,Comuna 1,calle_avenida,sur,10011.0
2024-03-20,LIMA 281,-58.381872,-34.611723,Comuna 1,calle_avenida,sur,8563.0
2024-03-27,LIMA 281,-58.381872,-34.611723,Comuna 1,calle_avenida,sur,14465.0
2024-04-03,LIMA 281,-58.381872,-34.611723,Comuna 1,calle_avenida,sur,10486.0
2024-04-10,LIMA 281,-58.381872,-34.611723,Comuna 1,calle_avenida,sur,10229.0
2024-04-17,LIMA 281,-58.381872,-34.611723,Comuna 1,calle_avenida,sur,12848.0
2024-04-24,LIMA 281,-58.381872,-34.611723,Comuna 1,calle_avenida,sur,12208.0
2024-05-01,LIMA 281,-58.381872,-34.611723,Comuna 1,calle_avenida,sur,4677.0
2024-05-08,LIMA 281,-58.381872,-34.611723,Comuna 1,calle_avenida,sur,13334.0
2024-05-15,LIMA 281,-58.381872,-34.611723,Comuna 1,calle_avenida,sur,12997.0
2024-05-22,LIMA 281,-58.381872,-34.611723,Comuna 1,calle_avenida,sur,11487.0
2024-05-29,LIMA 281,-58.381872,-34.611723,Comuna 1,calle_avenida,sur,11279.0
2024-06-05,LIMA 281,-58.381872,-34.611723,Comuna 1,calle_avenida,sur,10945.0
2024-06-12,LIMA 281,-58.381872,-34.611723,Comuna 1,calle_avenida,sur,6316.0
2024-06-19,LIMA 281,-58.381872,-34.611723,Comuna 1,calle_avenida,sur,11470.0
2024-06-26,LIMA 281,-58.381872,-34.611723,Comuna 1,calle_avenida,sur,11399.0
2024-07-03,LIMA 281,-58.381872,-34.611723,Comuna 1,calle_avenida,sur,11111.0
2024-07-10,LIMA 281,-58.381872,-34.611723,Comuna 1,calle_avenida,sur,11229.0
2024-07-17,LIMA 281,-58.381872,-34.611723,Comuna 1,calle_avenida,sur,11120.0
2024-07-24,LIMA 281,-58.381872,-34.611723,Comuna 1,calle_avenida,sur,10221.0
2024-07-31,LIMA 281,-58.381872,-34.611723,Comuna 1,calle_avenida,sur,11170.0
2024-01-03,LAS HERAS GENERAL AV. 2289,-58.396838,-34.587651,Comuna 2,calle_avenida,oeste,12163.0
2024-01-10,LAS HERAS GENERAL AV. 2289,-58.396838,-34.587651,Comuna 2,calle_avenida,oeste,12457.0
2024-01-17,LAS HERAS GENERAL AV. 2289,-58.396838,-34.587651,Comuna 2,calle_avenida,oeste,12328.0
2024-01-24,LAS HERAS GENERAL AV. 2289,-58.396838,-34.587651,Comuna 2,calle_avenida,oeste,8740.0
2024-01-31,LAS HERAS GENERAL AV. 2289,-58.396838,-34.587651,Comuna 2,calle_avenida,oeste,12687.0
2024-02-07,LAS HERAS GENERAL AV. 2289,-58.396838,-34.587651,Comuna 2,calle_avenida,oeste,14882.0
2024-02-14,LAS HERAS GENERAL AV. 2289,-58.396838,-34.587651,Comuna 2,calle_avenida,oeste,13225.0
2024-02-21,LAS HERAS GENERAL AV. 2289,-58.396838,-34.587651,Comuna 2,calle_avenida,oeste,12710.0
2024-02-28,LAS HERAS GENERAL AV. 2289,-58.396838,-34.587651,Comuna 2,calle_avenida,oeste,12000.0
2024-03-06,LAS HERAS GENERAL AV. 2289,-58.396838,-34.587651,Comuna 2,calle_avenida,oeste,12611.0
2024-03-13,LAS HERAS GENERAL AV. 2289,-58.396838,-34.587651,Comuna 2,calle_avenida,oeste,13285.0
2024-03-20,LAS HERAS GENERAL AV. 2289,-58.396838,-34.587651,Comuna 2,calle_avenida,oeste,10300.0
2024-03-27,LAS HERAS GENERAL AV. 2289,-58.396838,-34.587651,Comuna 2,calle_avenida,oeste,12788.0
2024-04-03,LAS HERAS GENERAL AV. 2289,-58.396838,-34.587651,Comuna 2,calle_avenida,oeste,11703.0
2024-04-10,LAS HERAS GENERAL AV. 2289,-58.396838,-34.587651,Comuna 2,calle_avenida,oeste,10841.0
2024-04-17,LAS HERAS GENERAL AV. 2289,-58.396838,-34.587651,Comuna 2,calle_avenida,oeste,11421.0
2024-04-24,LAS HERAS GENERAL AV. 2289,-58.396838,-34.587651,Comuna 2,calle_avenida,oeste,9758.0
2024-05-01,LAS HERAS GENERAL AV. 2289,-58.396838,-34.587651,Comuna 2,calle_avenida,oeste,8820.0
2024-05-08,LAS HERAS GENERAL AV. 2289,-58.396838,-34.587651,Comuna 2,calle_avenida,oeste,11982.0
2024-05-15,LAS HERAS GENERAL AV. 2289,-58.396838,-34.587651,Comuna 2,calle_avenida,oeste,11682.0
2024-05-22,LAS HERAS GENERAL AV. 2289,-58.396838,-34.587651,Comuna 2,calle_avenida,oeste,12747.0
2024-05-29,LAS HERAS GENERAL AV. 2289,-58.396838,-34.587651,Comuna 2,calle_avenida,oeste,12276.0
2024-06-05,LAS HERAS GENERAL AV. 2289,-58.396838,-34.587651,Comuna 2,calle_avenida,oeste,12273.0
2024-06-12,LAS HERAS GENERAL AV. 2289,-58.396838,-34.587651,Comuna 2,calle_avenida,oeste,11587.0
2024-06-19,LAS HERAS GENERAL AV. 2289,-58.396838,-34.587651,Comuna 2,calle_avenida,oeste,11843.0
2024-06-26,LAS HERAS GENERAL AV. 2289,-58.396838,-34.587651,Comuna 2,calle_avenida,oeste,12875.0
2024-07-03,LAS HERAS GENERAL AV. 2289,-58.396838,-34.587651,Comuna 2,calle_avenida,oeste,11658.0
2024-07-10,LAS HERAS GENERAL AV. 2289,-58.396838,-34.587651,Comuna 2,calle_avenida,oeste,11645.0
2024-07-17,LAS HERAS GENERAL AV. 2289,-58.396838,-34.587651,Comuna 2,calle_avenida,oeste,11265.0
2024-07-24,LAS HERAS GENERAL AV. 2289,-58.396838,-34.587651,Comuna 2,calle_avenida,oeste,11359.0
2024-07-31,LAS HERAS GENERAL AV. 2289,-58.396838,-34.587651,Comuna 2,calle_avenida,oeste,13107.0
2024-01-03,LIMA OESTE 1524,-58.382189,-34.6262,Comuna 1,calle_avenida,norte,1742.0
2024-01-10,LIMA OESTE 1524,-58.382189,-34.6262,Comuna 1,calle_avenida,norte,1818.0
2024-01-17,LIMA OESTE 1524,-58.382189,-34.6262,Comuna 1,calle_avenida,norte,1852.0
2024-01-24,LIMA OESTE 1524,-58.382189,-34.6262,Comuna 1,calle_avenida,norte,1554.0
2024-01-31,LIMA OESTE 1524,-58.382189,-34.6262,Comuna 1,calle_avenida,norte,1958.0
2024-02-07,LIMA OESTE 1524,-58.382189,-34.6262,Comuna 1,calle_avenida,norte,2127.0
2024-02-14,LIMA OESTE 1524,-58.382189,-34.6262,Comuna 1,calle_avenida,norte,1933.0
2024-02-21,LIMA OESTE 1524,-58.382189,-34.6262,Comuna 1,calle_avenida,norte,1912.0
2024-02-28,LIMA OESTE 1524,-58.382189,-34.6262,Comuna 1,calle_avenida,norte,1947.0
2024-03-06,LIMA OESTE 1524,-58.382189,-34.6262,Comuna 1,calle_avenida,norte,2120.0
2024-03-13,LIMA OESTE 1524,-58.382189,-34.6262,Comuna 1,calle_avenida,norte,2307.0
2024-03-20,LIMA OESTE 1524,-58.382189,-34.6262,Comuna 1,calle_avenida,norte,2153.0
2024-03-27,LIMA OESTE 1524,-58.382189,-34.6262,Comuna 1,calle_avenida,norte,2224.0
2024-04-03,LIMA OESTE 1524,-58.382189,-34.6262,Comuna 1,calle_avenida,norte,2309.0
2024-04-10,LIMA OESTE 1524,-58.382189,-34.6262,Comuna 1,calle_avenida,norte,2187.0
2024-04-17,LIMA OESTE 1524,-58.382189,-34.6262,Comuna 1,calle_avenida,norte,2007.0
2024-04-24,LIMA OESTE 1524,-58.382189,-34.6262,Comuna 1,calle_avenida,norte,2034.0
2024-05-01,LIMA OESTE 1524,-58.382189,-34.6262,Comuna 1,calle_avenida,norte,883.0
2024-05-08,LIMA OESTE 1524,-58.382189,-34.6262,Comuna 1,calle_avenida,norte,2059.0
2024-05-15,LIMA OESTE 1524,-58.382189,-34.6262,Comuna 1,calle_avenida,norte,1939.0
2024-05-22,LIMA OESTE 1524,-58.382189,-34.6262,Comuna 1,calle_avenida,norte,2257.0
2024-05-29,LIMA OESTE 1524,-58.382189,-34.6262,Comuna 1,calle_avenida,norte,2101.0
2024-06-05,LIMA OESTE 1524,-58.382189,-34.6262,Comuna 1,calle_avenida,norte,2185.0
2024-06-12,LIMA OESTE 1524,-58.382189,-34.6262,Comuna 1,calle_avenida,norte,2233.0
2024-06-19,LIMA OESTE 1524,-58.382189,-34.6262,Comuna 1,calle_avenida,norte,1876.0
2024-06-26,LIMA OESTE 1524,-58.382189,-34.6262,Comuna 1,calle_avenida,norte,2008.0
2024-07-03,LIMA OESTE 1524,-58.382189,-34.6262,Comuna 1,calle_avenida,norte,1846.0
2024-07-10,LIMA OESTE 1524,-58.382189,-34.6262,Comuna 1,calle_avenida,norte,1803.0
2024-07-17,LIMA OESTE 1524,-58.382189,-34.6262,Comuna 1,calle_avenida,norte,1733.0
2024-07-24,LIMA OESTE 1524,-58.382189,-34.6262,Comuna 1,calle_avenida,norte,1899.0
2024-07-31,LIMA OESTE 1524,-58.382189,-34.6262,Comuna 1,calle_avenida,norte,2111.0
2024-01-03,"RABANAL, FRANCISCO, INTENDENTE AV. 1323",-58.417658,-34.654886,Comuna 4,calle_avenida,oeste,8772.0
2024-01-10,"RABANAL, FRANCISCO, INTENDENTE AV. 1323",-58.417658,-34.654886,Comuna 4,calle_avenida,oeste,9146.0
2024-01-17,"RABANAL, FRANCISCO, INTENDENTE AV. 1323",-58.417658,-34.654886,Comuna 4,calle_avenida,oeste,8458.0
2024-01-24,"RABANAL, FRANCISCO, INTENDENTE AV. 1323",-58.417658,-34.654886,Comuna 4,calle_avenida,oeste,6914.0
2024-01-31,"RABANAL, FRANCISCO, INTENDENTE AV. 1323",-58.417658,-34.654886,Comuna 4,calle_avenida,oeste,9374.0
2024-02-07,"RABANAL, FRANCISCO, INTENDENTE AV. 1323",-58.417658,-34.654886,Comuna 4,calle_avenida,oeste,9608.0
2024-02-14,"RABANAL, FRANCISCO, INTENDENTE AV. 1323",-58.417658,-34.654886,Comuna 4,calle_avenida,oeste,8986.0
2024-02-21,"RABANAL, FRANCISCO, INTENDENTE AV. 1323",-58.417658,-34.654886,Comuna 4,calle_avenida,oeste,8521.0
2024-02-28,"RABANAL, FRANCISCO, INTENDENTE AV. 1323",-58.417658,-34.654886,Comuna 4,calle_avenida,oeste,9172.0
2024-03-06,"RABANAL, FRANCISCO, INTENDENTE AV. 1323",-58.417658,-34.654886,Comuna 4,calle_avenida,oeste,9387.0
2024-03-13,"RABANAL, FRANCISCO, INTENDENTE AV. 1323",-58.417658,-34.654886,Comuna 4,calle_avenida,oeste,9090.0
2024-03-20,"RABANAL, FRANCISCO, INTENDENTE AV. 1323",-58.417658,-34.654886,Comuna 4,calle_avenida,oeste,7950.0
2024-03-27,"RABANAL, FRANCISCO, INTENDENTE AV. 1323",-58.417658,-34.654886,Comuna 4,calle_avenida,oeste,10934.0
2024-04-03,"RABANAL, FRANCISCO, INTENDENTE AV. 1323",-58.417658,-34.654886,Comuna 4,calle_avenida,oeste,10139.0
2024-04-10,"RABANAL, FRANCISCO, INTENDENTE AV. 1323",-58.417658,-34.654886,Comuna 4,calle_avenida,oeste,10629.0
2024-04-17,"RABANAL, FRANCISCO, INTENDENTE AV. 1323",-58.417658,-34.654886,Comuna 4,calle_avenida,oeste,9726.0
2024-04-24,"RABANAL, FRANCISCO, INTENDENTE AV. 1323",-58.417658,-34.654886,Comuna 4,calle_avenida,oeste,10041.0
2024-05-01,"RABANAL, FRANCISCO, INTENDENTE AV. 1323",-58.417658,-34.654886,Comuna 4,calle_avenida,oeste,4348.0
2024-05-08,"RABANAL, FRANCISCO, INTENDENTE AV. 1323",-58.417658,-34.654886,Comuna 4,calle_avenida,oeste,10643.0
2024-05-15,"RABANAL, FRANCISCO, INTENDENTE AV. 1323",-58.417658,-34.654886,Comuna 4,calle_avenida,oeste,9473.0
2024-05-22,"RABANAL, FRANCISCO, INTENDENTE AV. 1323",-58.417658,-34.654886,Comuna 4,calle_avenida,oeste,9423.0
2024-05-29,"RABANAL, FRANCISCO, INTENDENTE AV. 1323",-58.417658,-34.654886,Comuna 4,calle_avenida,oeste,10384.0
2024-06-05,"RABANAL, FRANCISCO, INTENDENTE AV. 1323",-58.417658,-34.654886,Comuna 4,calle_avenida,oeste,9867.0
2024-06-12,"RABANAL, FRANCISCO, INTENDENTE AV. 1323",-58.417658,-34.654886,Comuna 4,calle_avenida,oeste,10167.0
2024-06-19,"RABANAL, FRANCISCO, INTENDENTE AV. 1323",-58.417658,-34.654886,Comuna 4,calle_avenida,oeste,11248.0
2024-06-26,"RABANAL, FRANCISCO, INTENDENTE AV. 1323",-58.417658,-34.654886,Comuna 4,calle_avenida,oeste,10573.0
2024-07-03,"RABANAL, FRANCISCO, INTENDENTE AV. 1323",-58.417658,-34.654886,Comuna 4,calle_avenida,oeste,9851.0
2024-07-10,"RABANAL, FRANCISCO, INTENDENTE AV. 1323",-58.417658,-34.654886,Comuna 4,calle_avenida,oeste,9926.0
2024-07-17,"RABANAL, FRANCISCO, INTENDENTE AV. 1323",-58.417658,-34.654886,Comuna 4,calle_avenida,oeste,9308.0
2024-07-24,"RABANAL, FRANCISCO, INTENDENTE AV. 1323",-58.417658,-34.654886,Comuna 4,calle_avenida,oeste,8943.0
2024-07-31,"RABANAL, FRANCISCO, INTENDENTE AV. 1323",-58.417658,-34.654886,Comuna 4,calle_avenida,oeste,10068.0
2024-01-03,CORDOBA AV. 4570,-58.429776,-34.594591,Comuna 15,calle_avenida,oeste,33602.0
2024-01-10,CORDOBA AV. 4570,-58.429776,-34.594591,Comuna 15,calle_avenida,oeste,34195.0
2024-01-17,CORDOBA AV. 4570,-58.429776,-34.594591,Comuna 15,calle_avenida,oeste,32495.0
2024-01-24,CORDOBA AV. 4570,-58.429776,-34.594591,Comuna 15,calle_avenida,oeste,28948.0
2024-01-31,CORDOBA AV. 4570,-58.429776,-34.594591,Comuna 15,calle_avenida,oeste,35469.0
2024-02-07,CORDOBA AV. 4570,-58.429776,-34.594591,Comuna 15,calle_avenida,oeste,39141.0
2024-02-14,CORDOBA AV. 4570,-58.429776,-34.594591,Comuna 15,calle_avenida,oeste,35397.0
2024-02-21,CORDOBA AV. 4570,-58.429776,-34.594591,Comuna 15,calle_avenida,oeste,34271.0
2024-02-28,CORDOBA AV. 4570,-58.429776,-34.594591,Comuna 15,calle_avenida,oeste,33847.0
2024-03-06,CORDOBA AV. 4570,-58.429776,-34.594591,Comuna 15,calle_avenida,oeste,34233.0
2024-03-13,CORDOBA AV. 4570,-58.429776,-34.594591,Comuna 15,calle_avenida,oeste,31724.0
2024-03-20,CORDOBA AV. 4570,-58.429776,-34.594591,Comuna 15,calle_avenida,oeste,29375.0
2024-03-27,CORDOBA AV. 4570,-58.429776,-34.594591,Comuna 15,calle_avenida,oeste,36001.0
2024-04-03,CORDOBA AV. 4570,-58.429776,-34.594591,Comuna 15,calle_avenida,oeste,32627.0
2024-04-10,CORDOBA AV. 4570,-58.429776,-34.594591,Comuna 15,calle_avenida,oeste,41754.0
2024-04-17,CORDOBA AV. 4570,-58.429776,-34.594591,Comuna 15,calle_avenida,oeste,37555.0
2024-04-24,CORDOBA AV. 4570,-58.429776,-34.594591,Comuna 15,calle_avenida,oeste,37232.0
2024-05-01,CORDOBA AV. 4570,-58.429776,-34.594591,Comuna 15,calle_avenida,oeste,32205.0
2024-05-08,CORDOBA AV. 4570,-58.429776,-34.594591,Comuna 15,calle_avenida,oeste,37207.0
2024-05-15,CORDOBA AV. 4570,-58.429776,-34.594591,Comuna 15,calle_avenida,oeste,38088.0
2024-05-22,CORDOBA AV. 4570,-58.429776,-34.594591,Comuna 15,calle_avenida,oeste,38579.0
2024-05-29,CORDOBA AV. 4570,-58.429776,-34.594591,Comuna 15,calle_avenida,oeste,38731.0
2024-06-05,CORDOBA AV. 4570,-58.429776,-34.594591,Comuna 15,calle_avenida,oeste,30204.0
2024-06-12,CORDOBA AV. 4570,-58.429776,-34.594591,Comuna 15,calle_avenida,oeste,32732.0
2024-06-19,CORDOBA AV. 4570,-58.429776,-34.594591,Comuna 15,calle_avenida,oeste,29771.0
2024-06-26,CORDOBA AV. 4570,-58.429776,-34.594591,Comuna 15,calle_avenida,oeste,31586.0
2024-07-03,CORDOBA AV. 4570,-58.429776,-34.594591,Comuna 15,calle_avenida,oeste,29137.0
2024-07-10,CORDOBA AV. 4570,-58.429776,-34.594591,Comuna 15,calle_avenida,oeste,28320.0
2024-07-17,CORDOBA AV. 4570,-58.429776,-34.594591,Comuna 15,calle_avenida,oeste,29461.0
2024-07-24,CORDOBA AV. 4570,-58.429776,-34.594591,Comuna 15,calle_avenida,oeste,31283.0
2024-07-31,CORDOBA AV. 4570,-58.429776,-34.594591,Comuna 15,calle_avenida,oeste,32377.0
2024-01-03,RIVADAVIA AV. 2775,-58.405518,-34.610013,Comuna 3,calle_avenida,oeste,13918.0
2024-01-10,RIVADAVIA AV. 2775,-58.405518,-34.610013,Comuna 3,calle_avenida,oeste,14380.0
2024-01-17,RIVADAVIA AV. 2775,-58.405518,-34.610013,Comuna 3,calle_avenida,oeste,12196.0
2024-01-24,RIVADAVIA AV. 2775,-58.405518,-34.610013,Comuna 3,calle_avenida,oeste,8031.0
2024-01-31,RIVADAVIA AV. 2775,-58.405518,-34.610013,Comuna 3,calle_avenida,oeste,12058.0
2024-02-07,RIVADAVIA AV. 2775,-58.405518,-34.610013,Comuna 3,calle_avenida,oeste,17874.0
2024-02-14,RIVADAVIA AV. 2775,-58.405518,-34.610013,Comuna 3,calle_avenida,oeste,15022.0
2024-02-21,RIVADAVIA AV. 2775,-58.405518,-34.610013,Comuna 3,calle_avenida,oeste,12215.0
2024-02-28,RIVADAVIA AV. 2775,-58.405518,-34.610013,Comuna 3,calle_avenida,oeste,12776.0
2024-03-06,RIVADAVIA AV. 2775,-58.405518,-34.610013,Comuna 3,calle_avenida,oeste,13270.0
2024-03-13,RIVADAVIA AV. 2775,-58.405518,-34.610013,Comuna 3,calle_avenida,oeste,14576.0
2024-03-20,RIVADAVIA AV. 2775,-58.405518,-34.610013,Comuna 3,calle_avenida,oeste,8835.0
2024-03-27,RIVADAVIA AV. 2775,-58.405518,-34.610013,Comuna 3,calle_avenida,oeste,14634.0
2024-04-03,RIVADAVIA AV. 2775,-58.405518,-34.610013,Comuna 3,calle_avenida,oeste,14802.0
2024-04-10,RIVADAVIA AV. 2775,-58.405518,-34.610013,Comuna 3,calle_avenida,oeste,16725.0
2024-04-17,RIVADAVIA AV. 2775,-58.405518,-34.610013,Comuna 3,calle_avenida,oeste,15283.0
2024-04-24,RIVADAVIA AV. 2775,-58.405518,-34.610013,Comuna 3,calle_avenida,oeste,15358.0
2024-05-01,RIVADAVIA AV. 2775,-58.405518,-34.610013,Comuna 3,calle_avenida,oeste,8434.0
2024-05-08,RIVADAVIA AV. 2775,-58.405518,-34.610013,Comuna 3,calle_avenida,oeste,14590.0
2024-05-15,RIVADAVIA AV. 2775,-58.405518,-34.610013,Comuna 3,calle_avenida,oeste,15634.0
2024-05-22,RIVADAVIA AV. 2775,-58.405518,-34.610013,Comuna 3,calle_avenida,oeste,15610.0
2024-05-29,RIVADAVIA AV. 2775,-58.405518,-34.610013,Comuna 3,calle_avenida,oeste,15020.0
2024-06-05,RIVADAVIA AV. 2775,-58.405518,-34.610013,Comuna 3,calle_avenida,oeste,17020.0
2024-06-12,RIVADAVIA AV. 2775,-58.405518,-34.610013,Comuna 3,calle_avenida,oeste,11791.0
2024-06-19,RIVADAVIA AV. 2775,-58.405518,-34.610013,Comuna 3,calle_avenida,oeste,16793.0
2024-06-26,RIVADAVIA AV. 2775,-58.405518,-34.610013,Comuna 3,calle_avenida,oeste,16736.0
2024-07-03,RIVADAVIA AV. 2775,-58.405518,-34.610013,Comuna 3,calle_avenida,oeste,16596.0
2024-07-10,RIVADAVIA AV. 2775,-58.405518,-34.610013,Comuna 3,calle_avenida,oeste,16237.0
2024-07-17,RIVADAVIA AV. 2775,-58.405518,-34.610013,Comuna 3,calle_avenida,oeste,15490.0
2024-07-24,RIVADAVIA AV. 2775,-58.405518,-34.610013,Comuna 3,calle_avenida,oeste,14753.0
2024-07-31,RIVADAVIA AV. 2775,-58.405518,-34.610013,Comuna 3,calle_avenida,oeste,17126.0
2024-01-03,SANTA FE AV. 2622,-58.403884,-34.594047,Comuna 2,calle_avenida,este,3957.0
2024-01-10,SANTA FE AV. 2622,-58.403884,-34.594047,Comuna 2,calle_avenida,este,3734.0
2024-01-17,SANTA FE AV. 2622,-58.403884,-34.594047,Comuna 2,calle_avenida,este,3934.0
2024-01-24,SANTA FE AV. 2622,-58.403884,-34.594047,Comuna 2,calle_avenida,este,3703.0
2024-01-31,SANTA FE AV. 2622,-58.403884,-34.594047,Comuna 2,calle_avenida,este,4119.0
2024-02-07,SANTA FE AV. 2622,-58.403884,-34.594047,Comuna 2,calle_avenida,este,4035.0
2024-02-14,SANTA FE AV. 2622,-58.403884,-34.594047,Comuna 2,calle_avenida,este,4976.0
2024-02-21,SANTA FE AV. 2622,-58.403884,-34.594047,Comuna 2,calle_avenida,este,4207.0
2024-02-28,SANTA FE AV. 2622,-58.403884,-34.594047,Comuna 2,calle_avenida,este,4100.0
2024-03-06,SANTA FE AV. 2622,-58.403884,-34.594047,Comuna 2,calle_avenida,este,4298.0
2024-03-13,SANTA FE AV. 2622,-58.403884,-34.594047,Comuna 2,calle_avenida,este,4138.0
2024-03-20,SANTA FE AV. 2622,-58.403884,-34.594047,Comuna 2,calle_avenida,este,2603.0
2024-03-27,SANTA FE AV. 2622,-58.403884,-34.594047,Comuna 2,calle_avenida,este,12249.0
2024-04-03,SANTA FE AV. 2622,-58.403884,-34.594047,Comuna 2,calle_avenida,este,13396.0
2024-04-10,SANTA FE AV. 2622,-58.403884,-34.594047,Comuna 2,calle_avenida,este,15991.0
2024-04-17,SANTA FE AV. 2622,-58.403884,-34.594047,Comuna 2,calle_avenida,este,15143.0
2024-04-24,SANTA FE AV. 2622,-58.403884,-34.594047,Comuna 2,calle_avenida,este,14144.0
2024-05-01,SANTA FE AV. 2622,-58.403884,-34.594047,Comuna 2,calle_avenida,este,10548.0
2024-05-08,SANTA FE AV. 2622,-58.403884,-34.594047,Comuna 2,calle_avenida,este,15119.0
2024-05-15,SANTA FE AV. 2622,-58.403884,-34.594047,Comuna 2,calle_avenida,este,15161.0
2024-05-22,SANTA FE AV. 2622,-58.403884,-34.594047,Comuna 2,calle_avenida,este,14718.0
2024-05-29,SANTA FE AV. 2622,-58.403884,-34.594047,Comuna 2,calle_avenida,este,13983.0
2024-06-05,SANTA FE AV. 2622,-58.403884,-34.594047,Comuna 2,calle_avenida,este,15024.0
2024-06-12,SANTA FE AV. 2622,-58.403884,-34.594047,Comuna 2,calle_avenida,este,14735.0
2024-06-19,SANTA FE AV. 2622,-58.403884,-34.594047,Comuna 2,calle_avenida,este,14984.0
2024-06-26,SANTA FE AV. 2622,-58.403884,-34.594047,Comuna 2,calle_avenida,este,15246.0
2024-07-03,SANTA FE AV. 2622,-58.403884,-34.594047,Comuna 2,calle_avenida,este,15576.0
2024-07-10,SANTA FE AV. 2622,-58.403884,-34.594047,Comuna 2,calle_avenida,este,15220.0
2024-07-17,SANTA FE AV. 2622,-58.403884,-34.594047,Comuna 2,calle_avenida,este,14283.0
2024-07-24,SANTA FE AV. 2622,-58.403884,-34.594047,Comuna 2,calle_avenida,este,15252.0
2024-07-31,SANTA FE AV. 2622,-58.403884,-34.594047,Comuna 2,calle_avenida,este,16725.0
2024-01-03,BELGRANO AV. 3218,-58.411416,-34.615436,Comuna 3,calle_avenida,este,17979.0
2024-01-10,BELGRANO AV. 3218,-58.411416,-34.615436,Comuna 3,calle_avenida,este,18264.0
2024-01-17,BELGRANO AV. 3218,-58.411416,-34.615436,Comuna 3,calle_avenida,este,16052.0
2024-01-24,BELGRANO AV. 3218,-58.411416,-34.615436,Comuna 3,calle_avenida,este,11234.0
2024-01-31,BELGRANO AV. 3218,-58.411416,-34.615436,Comuna 3,calle_avenida,este,17291.0
2024-02-07,BELGRANO AV. 3218,-58.411416,-34.615436,Comuna 3,calle_avenida,este,21559.0
2024-02-14,BELGRANO AV. 3218,-58.411416,-34.615436,Comuna 3,calle_avenida,este,19500.0
2024-02-21,BELGRANO AV. 3218,-58.411416,-34.615436,Comuna 3,calle_avenida,este,18666.0
2024-02-28,BELGRANO AV. 3218,-58.411416,-34.615436,Comuna 3,calle_avenida,este,18761.0
2024-03-06,BELGRANO AV. 3218,-58.411416,-34.615436,Comuna 3,calle_avenida,este,19083.0
2024-03-13,BELGRANO AV. 3218,-58.411416,-34.615436,Comuna 3,calle_avenida,este,19951.0
2024-03-20,BELGRANO AV. 3218,-58.411416,-34.615436,Comuna 3,calle_avenida,este,14549.0
2024-03-27,BELGRANO AV. 3218,-58.411416,-34.615436,Comuna 3,calle_avenida,este,19486.0
2024-04-03,BELGRANO AV. 3218,-58.411416,-34.615436,Comuna 3,calle_avenida,este,17628.0
2024-04-10,BELGRANO AV. 3218,-58.411416,-34.615436,Comuna 3,calle_avenida,este,18730.0
2024-04-17,BELGRANO AV. 3218,-58.411416,-34.615436,Comuna 3,calle_avenida,este,17263.0
2024-04-24,BELGRANO AV. 3218,-58.411416,-34.615436,Comuna 3,calle_avenida,este,16828.0
2024-05-01,BELGRANO AV. 3218,-58.411416,-34.615436,Comuna 3,calle_avenida,este,8330.0
2024-05-08,BELGRANO AV. 3218,-58.411416,-34.615436,Comuna 3,calle_avenida,este,17307.0
2024-05-15,BELGRANO AV. 3218,-58.411416,-34.615436,Comuna 3,calle_avenida,este,18178.0
2024-05-22,BELGRANO AV. 3218,-58.411416,-34.615436,Comuna 3,calle_avenida,este,16321.0
2024-05-29,BELGRANO AV. 3218,-58.411416,-34.615436,Comuna 3,calle_avenida,este,16657.0
2024-06-05,BELGRANO AV. 3218,-58.411416,-34.615436,Comuna 3,calle_avenida,este,16933.0
2024-06-12,BELGRANO AV. 3218,-58.411416,-34.615436,Comuna 3,calle_avenida,este,14807.0
2024-06-19,BELGRANO AV. 3218,-58.411416,-34.615436,Comuna 3,calle_avenida,este,18617.0
2024-06-26,BELGRANO AV. 3218,-58.411416,-34.615436,Comuna 3,calle_avenida,este,16605.0
2024-07-03,BELGRANO AV. 3218,-58.411416,-34.615436,Comuna 3,calle_avenida,este,17774.0
2024-07-10,BELGRANO AV. 3218,-58.411416,-34.615436,Comuna 3,calle_avenida,este,17282.0
2024-07-17,BELGRANO AV. 3218,-58.411416,-34.615436,Comuna 3,calle_avenida,este,17916.0
2024-07-24,BELGRANO AV. 3218,-58.411416,-34.615436,Comuna 3,calle_avenida,este,16817.0
2024-07-31,BELGRANO AV. 3218,-58.411416,-34.615436,Comuna 3,calle_avenida,este,18812.0
2024-01-03,INDEPENDENCIA AV. 2086,-58.395712,-34.618449,Comuna 3,calle_avenida,oeste,19561.0
2024-01-10,INDEPENDENCIA AV. 2086,-58.395712,-34.618449,Comuna 3,calle_avenida,oeste,18645.0
2024-01-17,INDEPENDENCIA AV. 2086,-58.395712,-34.618449,Comuna 3,calle_avenida,oeste,18639.0
2024-01-24,INDEPENDENCIA AV. 2086,-58.395712,-34.618449,Comuna 3,calle_avenida,oeste,15186.0
2024-01-31,INDEPENDENCIA AV. 2086,-58.395712,-34.618449,Comuna 3,calle_avenida,oeste,19084.0
2024-02-07,INDEPENDENCIA AV. 2086,-58.395712,-34.618449,Comuna 3,calle_avenida,oeste,19206.0
2024-02-14,INDEPENDENCIA AV. 2086,-58.395712,-34.618449,Comuna 3,calle_avenida,oeste,21264.0
2024-02-21,INDEPENDENCIA AV. 2086,-58.395712,-34.618449,Comuna 3,calle_avenida,oeste,19712.0
2024-02-28,INDEPENDENCIA AV. 2086,-58.395712,-34.618449,Comuna 3,calle_avenida,oeste,19378.0
2024-03-06,INDEPENDENCIA AV. 2086,-58.395712,-34.618449,Comuna 3,calle_avenida,oeste,19370.0
2024-03-13,INDEPENDENCIA AV. 2086,-58.395712,-34.618449,Comuna 3,calle_avenida,oeste,14224.0
2024-03-20,INDEPENDENCIA AV. 2086,-58.395712,-34.618449,Comuna 3,calle_avenida,oeste,13236.0
2024-03-27,INDEPENDENCIA AV. 2086,-58.395712,-34.618449,Comuna 3,calle_avenida,oeste,20370.0
2024-04-03,INDEPENDENCIA AV. 2086,-58.395712,-34.618449,Comuna 3,calle_avenida,oeste,15150.0
2024-04-10,INDEPENDENCIA AV. 2086,-58.395712,-34.618449,Comuna 3,calle_avenida,oeste,17736.0
2024-04-17,INDEPENDENCIA AV. 2086,-58.395712,-34.618449,Comuna 3,calle_avenida,oeste,19970.0
2024-04-24,INDEPENDENCIA AV. 2086,-58.395712,-34.618449,Comuna 3,calle_avenida,oeste,19668.0
2024-05-01,INDEPENDENCIA AV. 2086,-58.395712,-34.618449,Comuna 3,calle_avenida,oeste,8465.0
2024-05-08,INDEPENDENCIA AV. 2086,-58.395712,-34.618449,Comuna 3,calle_avenida,oeste,17585.0
2024-05-15,INDEPENDENCIA AV. 2086,-58.395712,-34.618449,Comuna 3,calle_avenida,oeste,17452.0
2024-05-22,INDEPENDENCIA AV. 2086,-58.395712,-34.618449,Comuna 3,calle_avenida,oeste,16718.0
2024-05-29,INDEPENDENCIA AV. 2086,-58.395712,-34.618449,Comuna 3,calle_avenida,oeste,16042.0
2024-06-05,INDEPENDENCIA AV. 2086,-58.395712,-34.618449,Comuna 3,calle_avenida,oeste,16009.0
2024-06-12,INDEPENDENCIA AV. 2086,-58.395712,-34.618449,Comuna 3,calle_avenida,oeste,14110.0
2024-06-19,INDEPENDENCIA AV. 2086,-58.395712,-34.618449,Comuna 3,calle_avenida,oeste,16391.0
2024-06-26,INDEPENDENCIA AV. 2086,-58.395712,-34.618449,Comuna 3,calle_avenida,oeste,16504.0
2024-07-03,INDEPENDENCIA AV. 2086,-58.395712,-34.618449,Comuna 3,calle_avenida,oeste,16080.0
2024-07-10,INDEPENDENCIA AV. 2086,-58.395712,-34.618449,Comuna 3,calle_avenida,oeste,17487.0
2024-07-17,INDEPENDENCIA AV. 2086,-58.395712,-34.618449,Comuna 3,calle_avenida,oeste,16478.0
2024-07-24,INDEPENDENCIA AV. 2086,-58.395712,-34.618449,Comuna 3,calle_avenida,oeste,13800.0
2024-01-03,"ALEM, LEANDRO N. AV. 518",-58.370691,-34.601595,Comuna 1,calle_avenida,sur,5844.0
2024-01-10,"ALEM, LEANDRO N. AV. 518",-58.370691,-34.601595,Comuna 1,calle_avenida,sur,6003.0
2024-01-17,"ALEM, LEANDRO N. AV. 518",-58.370691,-34.601595,Comuna 1,calle_avenida,sur,4374.0
2024-01-24,"ALEM, LEANDRO N. AV. 518",-58.370691,-34.601595,Comuna 1,calle_avenida,sur,2877.0
2024-01-31,"ALEM, LEANDRO N. AV. 518",-58.370691,-34.601595,Comuna 1,calle_avenida,sur,5370.0
2024-02-07,"ALEM, LEANDRO N. AV. 518",-58.370691,-34.601595,Comuna 1,calle_avenida,sur,7805.0
2024-02-14,"ALEM, LEANDRO N. AV. 518",-58.370691,-34.601595,Comuna 1,calle_avenida,sur,7214.0
2024-02-21,"ALEM, LEANDRO N. AV. 518",-58.370691,-34.601595,Comuna 1,calle_avenida,sur,6130.0
2024-02-28,"ALEM, LEANDRO N. AV. 518",-58.370691,-34.601595,Comuna 1,calle_avenida,sur,6310.0
2024-03-06,"ALEM, LEANDRO N. AV. 518",-58.370691,-34.601595,Comuna 1,calle_avenida,sur,6948.0
2024-03-13,"ALEM, LEANDRO N. AV. 518",-58.370691,-34.601595,Comuna 1,calle_avenida,sur,144.0
2024-03-20,"ALEM, LEANDRO N. AV. 518",-58.370691,-34.601595,Comuna 1,calle_avenida,sur,274.0
2024-03-27,"ALEM, LEANDRO N. AV. 518",-58.370691,-34.601595,Comuna 1,calle_avenida,sur,8956.0
2024-04-03,"ALEM, LEANDRO N. AV. 518",-58.370691,-34.601595,Comuna 1,calle_avenida,sur,6288.0
2024-04-10,"ALEM, LEANDRO N. AV. 518",-58.370691,-34.601595,Comuna 1,calle_avenida,sur,8315.0
2024-04-17,"ALEM, LEANDRO N. AV. 518",-58.370691,-34.601595,Comuna 1,calle_avenida,sur,7323.0
2024-04-24,"ALEM, LEANDRO N. AV. 518",-58.370691,-34.601595,Comuna 1,calle_avenida,sur,7434.0
2024-05-01,"ALEM, LEANDRO N. AV. 518",-58.370691,-34.601595,Comuna 1,calle_avenida,sur,2562.0
2024-05-08,"ALEM, LEANDRO N. AV. 518",-58.370691,-34.601595,Comuna 1,calle_avenida,sur,
2024-05-15,"ALEM, LEANDRO N. AV. 518",-58.370691,-34.601595,Comuna 1,calle_avenida,sur,
2024-05-22,"ALEM, LEANDRO N. AV. 518",-58.370691,-34.601595,Comuna 1,calle_avenida,sur,8677.0
2024-05-29,"ALEM, LEANDRO N. AV. 518",-58.370691,-34.601595,Comuna 1,calle_avenida,sur,6906.0
2024-06-05,"ALEM, LEANDRO N. AV. 518",-58.370691,-34.601595,Comuna 1,calle_avenida,sur,4200.0
2024-06-12,"ALEM, LEANDRO N. AV. 518",-58.370691,-34.601595,Comuna 1,calle_avenida,sur,8092.0
2024-06-19,"ALEM, LEANDRO N. AV. 518",-58.370691,-34.601595,Comuna 1,calle_avenida,sur,8092.0
2024-06-26,"ALEM, LEANDRO N. AV. 518",-58.370691,-34.601595,Comuna 1,calle_avenida,sur,7186.0
2024-07-03,"ALEM, LEANDRO N. AV. 518",-58.370691,-34.601595,Comuna 1,calle_avenida,sur,7370.0
2024-07-10,"ALEM, LEANDRO N. AV. 518",-58.370691,-34.601595,Comuna 1,calle_avenida,sur,6879.0
2024-07-17,"ALEM, LEANDRO N. AV. 518",-58.370691,-34.601595,Comuna 1,calle_avenida,sur,7791.0
2024-07-24,"ALEM, LEANDRO N. AV. 518",-58.370691,-34.601595,Comuna 1,calle_avenida,sur,8587.0
2024-07-31,"ALEM, LEANDRO N. AV. 518",-58.370691,-34.601595,Comuna 1,calle_avenida,sur,8049.0
2024-01-03,RIVADAVIA AV. 7420,-58.469991,-34.630911,Comuna 7,calle_avenida,este,7174.0
2024-01-10,RIVADAVIA AV. 7420,-58.469991,-34.630911,Comuna 7,calle_avenida,este,7753.0
2024-01-17,RIVADAVIA AV. 7420,-58.469991,-34.630911,Comuna 7,calle_avenida,este,6008.0
2024-01-24,RIVADAVIA AV. 7420,-58.469991,-34.630911,Comuna 7,calle_avenida,este,4719.0
2024-01-31,RIVADAVIA AV. 7420,-58.469991,-34.630911,Comuna 7,calle_avenida,este,6542.0
2024-02-07,RIVADAVIA AV. 7420,-58.469991,-34.630911,Comuna 7,calle_avenida,este,8534.0
2024-02-14,RIVADAVIA AV. 7420,-58.469991,-34.630911,Comuna 7,calle_avenida,este,7120.0
2024-02-21,RIVADAVIA AV. 7420,-58.469991,-34.630911,Comuna 7,calle_avenida,este,7119.0
2024-02-28,RIVADAVIA AV. 7420,-58.469991,-34.630911,Comuna 7,calle_avenida,este,7122.0
2024-03-06,RIVADAVIA AV. 7420,-58.469991,-34.630911,Comuna 7,calle_avenida,este,7518.0
2024-03-13,RIVADAVIA AV. 7420,-58.469991,-34.630911,Comuna 7,calle_avenida,este,8729.0
2024-03-20,RIVADAVIA AV. 7420,-58.469991,-34.630911,Comuna 7,calle_avenida,este,7218.0
2024-03-27,RIVADAVIA AV. 7420,-58.469991,-34.630911,Comuna 7,calle_avenida,este,8654.0
2024-04-03,RIVADAVIA AV. 7420,-58.469991,-34.630911,Comuna 7,calle_avenida,este,9013.0
2024-04-10,RIVADAVIA AV. 7420,-58.469991,-34.630911,Comuna 7,calle_avenida,este,9720.0
2024-04-17,RIVADAVIA AV. 7420,-58.469991,-34.630911,Comuna 7,calle_avenida,este,8854.0
2024-04-24,RIVADAVIA AV. 7420,-58.469991,-34.630911,Comuna 7,calle_avenida,este,8835.0
2024-05-01,RIVADAVIA AV. 7420,-58.469991,-34.630911,Comuna 7,calle_avenida,este,5567.0
2024-05-08,RIVADAVIA AV. 7420,-58.469991,-34.630911,Comuna 7,calle_avenida,este,8428.0
2024-05-15,RIVADAVIA AV. 7420,-58.469991,-34.630911,Comuna 7,calle_avenida,este,8478.0
2024-05-22,RIVADAVIA AV. 7420,-58.469991,-34.630911,Comuna 7,calle_avenida,este,8371.0
2024-05-29,RIVADAVIA AV. 7420,-58.469991,-34.630911,Comuna 7,calle_avenida,este,8283.0
2024-06-05,RIVADAVIA AV. 7420,-58.469991,-34.630911,Comuna 7,calle_avenida,este,7652.0
2024-06-12,RIVADAVIA AV. 7420,-58.469991,-34.630911,Comuna 7,calle_avenida,este,8001.0
2024-06-19,RIVADAVIA AV. 7420,-58.469991,-34.630911,Comuna 7,calle_avenida,este,8378.0
2024-06-26,RIVADAVIA AV. 7420,-58.469991,-34.630911,Comuna 7,calle_avenida,este,8159.0
2024-07-03,RIVADAVIA AV. 7420,-58.469991,-34.630911,Comuna 7,calle_avenida,este,7800.0
2024-07-10,RIVADAVIA AV. 7420,-58.469991,-34.630911,Comuna 7,calle_avenida,este,7901.0
2024-07-17,RIVADAVIA AV. 7420,-58.469991,-34.630911,Comuna 7,calle_avenida,este,7845.0
2024-07-24,RIVADAVIA AV. 7420,-58.469991,-34.630911,Comuna 7,calle_avenida,este,7565.0
2024-07-31,RIVADAVIA AV. 7420,-58.469991,-34.630911,Comuna 7,calle_avenida,este,8003.0
2024-01-03,CORRIENTES AV. 5220,-58.439127,-34.59969,Comuna 15,calle_avenida,este,27004.0
2024-01-10,CORRIENTES AV. 5220,-58.439127,-34.59969,Comuna 15,calle_avenida,este,28475.0
2024-01-17,CORRIENTES AV. 5220,-58.439127,-34.59969,Comuna 15,calle_avenida,este,28417.0
2024-01-24,CORRIENTES AV. 5220,-58.439127,-34.59969,Comuna 15,calle_avenida,este,27057.0
2024-01-31,CORRIENTES AV. 5220,-58.439127,-34.59969,Comuna 15,calle_avenida,este,29921.0
2024-02-07,CORRIENTES AV. 5220,-58.439127,-34.59969,Comuna 15,calle_avenida,este,30366.0
2024-02-14,CORRIENTES AV. 5220,-58.439127,-34.59969,Comuna 15,calle_avenida,este,28058.0
2024-02-21,CORRIENTES AV. 5220,-58.439127,-34.59969,Comuna 15,calle_avenida,este,30947.0
2024-02-28,CORRIENTES AV. 5220,-58.439127,-34.59969,Comuna 15,calle_avenida,este,30423.0
2024-03-06,CORRIENTES AV. 5220,-58.439127,-34.59969,Comuna 15,calle_avenida,este,32576.0
2024-03-13,CORRIENTES AV. 5220,-58.439127,-34.59969,Comuna 15,calle_avenida,este,29054.0
2024-03-20,CORRIENTES AV. 5220,-58.439127,-34.59969,Comuna 15,calle_avenida,este,26389.0
2024-03-27,CORRIENTES AV. 5220,-58.439127,-34.59969,Comuna 15,calle_avenida,este,34046.0
2024-04-03,CORRIENTES AV. 5220,-58.439127,-34.59969,Comuna 15,calle_avenida,este,31595.0
2024-04-10,CORRIENTES AV. 5220,-58.439127,-34.59969,Comuna 15,calle_avenida,este,33809.0
2024-04-17,CORRIENTES AV. 5220,-58.439127,-34.59969,Comuna 15,calle_avenida,este,32617.0
2024-04-24,CORRIENTES AV. 5220,-58.439127,-34.59969,Comuna 15,calle_avenida,este,33778.0
2024-05-01,CORRIENTES AV. 5220,-58.439127,-34.59969,Comuna 15,calle_avenida,este,26534.0
2024-05-08,CORRIENTES AV. 5220,-58.439127,-34.59969,Comuna 15,calle_avenida,este,32511.0
2024-05-15,CORRIENTES AV. 5220,-58.439127,-34.59969,Comuna 15,calle_avenida,este,33062.0
2024-05-22,CORRIENTES AV. 5220,-58.439127,-34.59969,Comuna 15,calle_avenida,este,33322.0
2024-05-29,CORRIENTES AV. 5220,-58.439127,-34.59969,Comuna 15,calle_avenida,este,32785.0
2024-06-05,CORRIENTES AV. 5220,-58.439127,-34.59969,Comuna 15,calle_avenida,este,32481.0
2024-06-12,CORRIENTES AV. 5220,-58.439127,-34.59969,Comuna 15,calle_avenida,este,29483.0
2024-06-19,CORRIENTES AV. 5220,-58.439127,-34.59969,Comuna 15,calle_avenida,este,31458.0
2024-06-26,CORRIENTES AV. 5220,-58.439127,-34.59969,Comuna 15,calle_avenida,este,30978.0
2024-07-03,CORRIENTES AV. 5220,-58.439127,-34.59969,Comuna 15,calle_avenida,este,30086.0
2024-07-10,CORRIENTES AV. 5220,-58.439127,-34.59969,Comuna 15,calle_avenida,este,28464.0
2024-07-17,CORRIENTES AV. 5220,-58.439127,-34.59969,Comuna 15,calle_avenida,este,30086.0
2024-07-24,CORRIENTES AV. 5220,-58.439127,-34.59969,Comuna 15,calle_avenida,este,30894.0
2024-07-31,CORRIENTES AV. 5220,-58.439127,-34.59969,Comuna 15,calle_avenida,este,31076.0
2024-01-03,VERTIZ VIRREY AV. 2010,-58.449507,-34.559083,Comuna 13,calle_avenida,sur,5819.0
2024-01-10,VERTIZ VIRREY AV. 2010,-58.449507,-34.559083,Comuna 13,calle_avenida,sur,5848.0
2024-01-17,VERTIZ VIRREY AV. 2010,-58.449507,-34.559083,Comuna 13,calle_avenida,sur,5565.0
2024-01-24,VERTIZ VIRREY AV. 2010,-58.449507,-34.559083,Comuna 13,calle_avenida,sur,4654.0
2024-01-31,VERTIZ VIRREY AV. 2010,-58.449507,-34.559083,Comuna 13,calle_avenida,sur,6167.0
2024-02-07,VERTIZ VIRREY AV. 2010,-58.449507,-34.559083,Comuna 13,calle_avenida,sur,6547.0
2024-02-14,VERTIZ VIRREY AV. 2010,-58.449507,-34.559083,Comuna 13,calle_avenida,sur,6445.0
2024-02-21,VERTIZ VIRREY AV. 2010,-58.449507,-34.559083,Comuna 13,calle_avenida,sur,6843.0
2024-02-28,VERTIZ VIRREY AV. 2010,-58.449507,-34.559083,Comuna 13,calle_avenida,sur,7244.0
2024-03-06,VERTIZ VIRREY AV. 2010,-58.449507,-34.559083,Comuna 13,calle_avenida,sur,7677.0
2024-03-13,VERTIZ VIRREY AV. 2010,-58.449507,-34.559083,Comuna 13,calle_avenida,sur,8139.0
2024-03-20,VERTIZ VIRREY AV. 2010,-58.449507,-34.559083,Comuna 13,calle_avenida,sur,836.0
2024-03-27,VERTIZ VIRREY AV. 2010,-58.449507,-34.559083,Comuna 13,calle_avenida,sur,8108.0
2024-04-03,VERTIZ VIRREY AV. 2010,-58.449507,-34.559083,Comuna 13,calle_avenida,sur,7706.0
2024-04-10,VERTIZ VIRREY AV. 2010,-58.449507,-34.559083,Comuna 13,calle_avenida,sur,8909.0
2024-04-17,VERTIZ VIRREY AV. 2010,-58.449507,-34.559083,Comuna 13,calle_avenida,sur,8012.0
2024-04-24,VERTIZ VIRREY AV. 2010,-58.449507,-34.559083,Comuna 13,calle_avenida,sur,7426.0
2024-05-01,VERTIZ VIRREY AV. 2010,-58.449507,-34.559083,Comuna 13,calle_avenida,sur,4643.0
2024-05-08,VERTIZ VIRREY AV. 2010,-58.449507,-34.559083,Comuna 13,calle_avenida,sur,8594.0
2024-05-15,VERTIZ VIRREY AV. 2010,-58.449507,-34.559083,Comuna 13,calle_avenida,sur,8013.0
2024-05-22,VERTIZ VIRREY AV. 2010,-58.449507,-34.559083,Comuna 13,calle_avenida,sur,8780.0
2024-05-29,VERTIZ VIRREY AV. 2010,-58.449507,-34.559083,Comuna 13,calle_avenida,sur,8289.0
2024-06-05,VERTIZ VIRREY AV. 2010,-58.449507,-34.559083,Comuna 13,calle_avenida,sur,8939.0
2024-06-12,VERTIZ VIRREY AV. 2010,-58.449507,-34.559083,Comuna 13,calle_avenida,sur,8445.0
2024-06-19,VERTIZ VIRREY AV. 2010,-58.449507,-34.559083,Comuna 13,calle_avenida,sur,8261.0
2024-06-26,VERTIZ VIRREY AV. 2010,-58.449507,-34.559083,Comuna 13,calle_avenida,sur,8136.0
2024-07-03,VERTIZ VIRREY AV. 2010,-58.449507,-34.559083,Comuna 13,calle_avenida,sur,8193.0
2024-07-10,VERTIZ VIRREY AV. 2010,-58.449507,-34.559083,Comuna 13,calle_avenida,sur,7347.0
2024-07-17,VERTIZ VIRREY AV. 2010,-58.449507,-34.559083,Comuna 13,calle_avenida,sur,7078.0
2024-07-24,VERTIZ VIRREY AV. 2010,-58.449507,-34.559083,Comuna 13,calle_avenida,sur,7225.0
2024-07-31,VERTIZ VIRREY AV. 2010,-58.449507,-34.559083,Comuna 13,calle_avenida,sur,8247.0
2024-01-03,VARELA AV. 2779,-58.438057,-34.655973,Comuna 8,calle_avenida,sur,2540.0
2024-01-10,VARELA AV. 2779,-58.438057,-34.655973,Comuna 8,calle_avenida,sur,2641.0
2024-01-17,VARELA AV. 2779,-58.438057,-34.655973,Comuna 8,calle_avenida,sur,2505.0
2024-01-24,VARELA AV. 2779,-58.438057,-34.655973,Comuna 8,calle_avenida,sur,2034.0
2024-01-31,VARELA AV. 2779,-58.438057,-34.655973,Comuna 8,calle_avenida,sur,2760.0
2024-02-07,VARELA AV. 2779,-58.438057,-34.655973,Comuna 8,calle_avenida,sur,3099.0
2024-02-14,VARELA AV. 2779,-58.438057,-34.655973,Comuna 8,calle_avenida,sur,2665.0
2024-02-21,VARELA AV. 2779,-58.438057,-34.655973,Comuna 8,calle_avenida,sur,2805.0
2024-03-06,VARELA AV. 2779,-58.438057,-34.655973,Comuna 8,calle_avenida,sur,3464.0
2024-03-13,VARELA AV. 2779,-58.438057,-34.655973,Comuna 8,calle_avenida,sur,2890.0
2024-03-20,VARELA AV. 2779,-58.438057,-34.655973,Comuna 8,calle_avenida,sur,2306.0
2024-04-24,VARELA AV. 2779,-58.438057,-34.655973,Comuna 8,calle_avenida,sur,3371.0
2024-05-01,VARELA AV. 2779,-58.438057,-34.655973,Comuna 8,calle_avenida,sur,1268.0
2024-05-08,VARELA AV. 2779,-58.438057,-34.655973,Comuna 8,calle_avenida,sur,3786.0
2024-05-15,VARELA AV. 2779,-58.438057,-34.655973,Comuna 8,calle_avenida,sur,3351.0
2024-05-22,VARELA AV. 2779,-58.438057,-34.655973,Comuna 8,calle_avenida,sur,3259.0
2024-05-29,VARELA AV. 2779,-58.438057,-34.655973,Comuna 8,calle_avenida,sur,3285.0
2024-06-05,VARELA AV. 2779,-58.438057,-34.655973,Comuna 8,calle_avenida,sur,3184.0
2024-06-12,VARELA AV. 2779,-58.438057,-34.655973,Comuna 8,calle_avenida,sur,3103.0
2024-06-19,VARELA AV. 2779,-58.438057,-34.655973,Comuna 8,calle_avenida,sur,3239.0
2024-06-26,VARELA AV. 2779,-58.438057,-34.655973,Comuna 8,calle_avenida,sur,3023.0
2024-07-03,VARELA AV. 2779,-58.438057,-34.655973,Comuna 8,calle_avenida,sur,3181.0
2024-07-10,VARELA AV. 2779,-58.438057,-34.655973,Comuna 8,calle_avenida,sur,3157.0
2024-07-17,VARELA AV. 2779,-58.438057,-34.655973,Comuna 8,calle_avenida,sur,2728.0
2024-07-24,VARELA AV. 2779,-58.438057,-34.655973,Comuna 8,calle_avenida,sur,2658.0
2024-07-31,VARELA AV. 2779,-58.438057,-34.655973,Comuna 8,calle_avenida,sur,3319.0
2024-01-03,RIVADAVIA AV. 10524,-58.511786,-34.639436,Comuna 9,calle_avenida,este,8073.0
2024-01-10,RIVADAVIA AV. 10524,-58.511786,-34.639436,Comuna 9,calle_avenida,este,7343.0
2024-01-17,RIVADAVIA AV. 10524,-58.511786,-34.639436,Comuna 9,calle_avenida,este,7436.0
2024-01-24,RIVADAVIA AV. 10524,-58.511786,-34.639436,Comuna 9,calle_avenida,este,6332.0
2024-01-31,RIVADAVIA AV. 10524,-58.511786,-34.639436,Comuna 9,calle_avenida,este,7271.0
2024-02-07,RIVADAVIA AV. 10524,-58.511786,-34.639436,Comuna 9,calle_avenida,este,8946.0
2024-02-14,RIVADAVIA AV. 10524,-58.511786,-34.639436,Comuna 9,calle_avenida,este,7568.0
2024-02-21,RIVADAVIA AV. 10524,-58.511786,-34.639436,Comuna 9,calle_avenida,este,7197.0
2024-02-28,RIVADAVIA AV. 10524,-58.511786,-34.639436,Comuna 9,calle_avenida,este,6144.0
2024-03-06,RIVADAVIA AV. 10524,-58.511786,-34.639436,Comuna 9,calle_avenida,este,5640.0
2024-03-13,RIVADAVIA AV. 10524,-58.511786,-34.639436,Comuna 9,calle_avenida,este,6503.0
2024-03-20,RIVADAVIA AV. 10524,-58.511786,-34.639436,Comuna 9,calle_avenida,este,5433.0
2024-03-27,RIVADAVIA AV. 10524,-58.511786,-34.639436,Comuna 9,calle_avenida,este,6698.0
2024-04-03,RIVADAVIA AV. 10524,-58.511786,-34.639436,Comuna 9,calle_avenida,este,7067.0
2024-04-10,RIVADAVIA AV. 10524,-58.511786,-34.639436,Comuna 9,calle_avenida,este,7072.0
2024-04-17,RIVADAVIA AV. 10524,-58.511786,-34.639436,Comuna 9,calle_avenida,este,8494.0
2024-04-24,RIVADAVIA AV. 10524,-58.511786,-34.639436,Comuna 9,calle_avenida,este,6722.0
2024-05-01,RIVADAVIA AV. 10524,-58.511786,-34.639436,Comuna 9,calle_avenida,este,4858.0
2024-05-08,RIVADAVIA AV. 10524,-58.511786,-34.639436,Comuna 9,calle_avenida,este,7116.0
2024-05-15,RIVADAVIA AV. 10524,-58.511786,-34.639436,Comuna 9,calle_avenida,este,7175.0
2024-05-22,RIVADAVIA AV. 10524,-58.511786,-34.639436,Comuna 9,calle_avenida,este,7510.0
2024-05-29,RIVADAVIA AV. 10524,-58.511786,-34.639436,Comuna 9,calle_avenida,este,7567.0
2024-06-05,RIVADAVIA AV. 10524,-58.511786,-34.639436,Comuna 9,calle_avenida,este,8908.0
2024-06-12,RIVADAVIA AV. 10524,-58.511786,-34.639436,Comuna 9,calle_avenida,este,8915.0
2024-06-19,RIVADAVIA AV. 10524,-58.511786,-34.639436,Comuna 9,calle_avenida,este,8794.0
2024-06-26,RIVADAVIA AV. 10524,-58.511786,-34.639436,Comuna 9,calle_avenida,este,8448.0
2024-07-03,RIVADAVIA AV. 10524,-58.511786,-34.639436,Comuna 9,calle_avenida,este,8593.0
2024-07-10,RIVADAVIA AV. 10524,-58.511786,-34.639436,Comuna 9,calle_avenida,este,7922.0
2024-07-17,RIVADAVIA AV. 10524,-58.511786,-34.639436,Comuna 9,calle_avenida,este,8187.0
2024-07-24,RIVADAVIA AV. 10524,-58.511786,-34.639436,Comuna 9,calle_avenida,este,8030.0
2024-07-31,RIVADAVIA AV. 10524,-58.511786,-34.639436,Comuna 9,calle_avenida,este,9205.0
2024-01-03,SAN MARTIN AV. 1844,-58.454414,-34.605652,Comuna 6,calle_avenida,este,16365.0
2024-01-10,SAN MARTIN AV. 1844,-58.454414,-34.605652,Comuna 6,calle_avenida,este,16760.0
2024-01-17,SAN MARTIN AV. 1844,-58.454414,-34.605652,Comuna 6,calle_avenida,este,17006.0
2024-01-24,SAN MARTIN AV. 1844,-58.454414,-34.605652,Comuna 6,calle_avenida,este,15135.0
2024-01-31,SAN MARTIN AV. 1844,-58.454414,-34.605652,Comuna 6,calle_avenida,este,17192.0
2024-02-07,SAN MARTIN AV. 1844,-58.454414,-34.605652,Comuna 6,calle_avenida,este,17897.0
2024-02-14,SAN MARTIN AV. 1844,-58.454414,-34.605652,Comuna 6,calle_avenida,este,17801.0
2024-02-21,SAN MARTIN AV. 1844,-58.454414,-34.605652,Comuna 6,calle_avenida,este,17788.0
2024-02-28,SAN MARTIN AV. 1844,-58.454414,-34.605652,Comuna 6,calle_avenida,este,18068.0
2024-03-06,SAN MARTIN AV. 1844,-58.454414,-34.605652,Comuna 6,calle_avenida,este,18375.0
2024-03-13,SAN MARTIN AV. 1844,-58.454414,-34.605652,Comuna 6,calle_avenida,este,17731.0
2024-03-20,SAN MARTIN AV. 1844,-58.454414,-34.605652,Comuna 6,calle_avenida,este,15179.0
2024-03-27,SAN MARTIN AV. 1844,-58.454414,-34.605652,Comuna 6,calle_avenida,este,18301.0
2024-04-03,SAN MARTIN AV. 1844,-58.454414,-34.605652,Comuna 6,calle_avenida,este,13002.0
2024-04-10,SAN MARTIN AV. 1844,-58.454414,-34.605652,Comuna 6,calle_avenida,este,15240.0
2024-04-17,SAN MARTIN AV. 1844,-58.454414,-34.605652,Comuna 6,calle_avenida,este,15013.0
2024-04-24,SAN MARTIN AV. 1844,-58.454414,-34.605652,Comuna 6,calle_avenida,este,15527.0
2024-05-01,SAN MARTIN AV. 1844,-58.454414,-34.605652,Comuna 6,calle_avenida,este,10397.0
2024-05-08,SAN MARTIN AV. 1844,-58.454414,-34.605652,Comuna 6,calle_avenida,este,15538.0
2024-05-15,SAN MARTIN AV. 1844,-58.454414,-34.605652,Comuna 6,calle_avenida,este,15306.0
2024-05-22,SAN MARTIN AV. 1844,-58.454414,-34.605652,Comuna 6,calle_avenida,este,14983.0
2024-05-29,SAN MARTIN AV. 1844,-58.454414,-34.605652,Comuna 6,calle_avenida,este,14546.0
2024-06-05,SAN MARTIN AV. 1844,-58.454414,-34.605652,Comuna 6,calle_avenida,este,17746.0
2024-06-12,SAN MARTIN AV. 1844,-58.454414,-34.605652,Comuna 6,calle_avenida,este,16649.0
2024-06-19,SAN MARTIN AV. 1844,-58.454414,-34.605652,Comuna 6,calle_avenida,este,18841.0
2024-06-26,SAN MARTIN AV. 1844,-58.454414,-34.605652,Comuna 6,calle_avenida,este,17440.0
2024-07-03,SAN MARTIN AV. 1844,-58.454414,-34.605652,Comuna 6,calle_avenida,este,17879.0
2024-07-10,SAN MARTIN AV. 1844,-58.454414,-34.605652,Comuna 6,calle_avenida,este,17171.0
2024-07-17,SAN MARTIN AV. 1844,-58.454414,-34.605652,Comuna 6,calle_avenida,este,17443.0
2024-07-24,SAN MARTIN AV. 1844,-58.454414,-34.605652,Comuna 6,calle_avenida,este,16432.0
2024-07-31,SAN MARTIN AV. 1844,-58.454414,-34.605652,Comuna 6,calle_avenida,este,17600.0
2024-01-03,CORRIENTES AV. 6210,-58.448402,-34.591075,Comuna 15,calle_avenida,este,16986.0
2024-01-10,CORRIENTES AV. 6210,-58.448402,-34.591075,Comuna 15,calle_avenida,este,17040.0
2024-01-17,CORRIENTES AV. 6210,-58.448402,-34.591075,Comuna 15,calle_avenida,este,16245.0
2024-01-24,CORRIENTES AV. 6210,-58.448402,-34.591075,Comuna 15,calle_avenida,este,14555.0
2024-01-31,CORRIENTES AV. 6210,-58.448402,-34.591075,Comuna 15,calle_avenida,este,18462.0
2024-02-07,CORRIENTES AV. 6210,-58.448402,-34.591075,Comuna 15,calle_avenida,este,21264.0
2024-02-14,CORRIENTES AV. 6210,-58.448402,-34.591075,Comuna 15,calle_avenida,este,18821.0
2024-02-21,CORRIENTES AV. 6210,-58.448402,-34.591075,Comuna 15,calle_avenida,este,18465.0
2024-02-28,CORRIENTES AV. 6210,-58.448402,-34.591075,Comuna 15,calle_avenida,este,18224.0
2024-03-06,CORRIENTES AV. 6210,-58.448402,-34.591075,Comuna 15,calle_avenida,este,18623.0
2024-03-13,CORRIENTES AV. 6210,-58.448402,-34.591075,Comuna 15,calle_avenida,este,17677.0
2024-03-20,CORRIENTES AV. 6210,-58.448402,-34.591075,Comuna 15,calle_avenida,este,13529.0
2024-03-27,CORRIENTES AV. 6210,-58.448402,-34.591075,Comuna 15,calle_avenida,este,23490.0
2024-04-03,CORRIENTES AV. 6210,-58.448402,-34.591075,Comuna 15,calle_avenida,este,21162.0
2024-04-10,CORRIENTES AV. 6210,-58.448402,-34.591075,Comuna 15,calle_avenida,este,23089.0
2024-04-17,CORRIENTES AV. 6210,-58.448402,-34.591075,Comuna 15,calle_avenida,este,21658.0
2024-04-24,CORRIENTES AV. 6210,-58.448402,-34.591075,Comuna 15,calle_avenida,este,22630.0
2024-05-01,CORRIENTES AV. 6210,-58.448402,-34.591075,Comuna 15,calle_avenida,este,17047.0
2024-05-08,CORRIENTES AV. 6210,-58.448402,-34.591075,Comuna 15,calle_avenida,este,21444.0
2024-05-15,CORRIENTES AV. 6210,-58.448402,-34.591075,Comuna 15,calle_avenida,este,22109.0
2024-05-22,CORRIENTES AV. 6210,-58.448402,-34.591075,Comuna 15,calle_avenida,este,21775.0
2024-05-29,CORRIENTES AV. 6210,-58.448402,-34.591075,Comuna 15,calle_avenida,este,22082.0
2024-06-05,CORRIENTES AV. 6210,-58.448402,-34.591075,Comuna 15,calle_avenida,este,21172.0
2024-06-12,CORRIENTES AV. 6210,-58.448402,-34.591075,Comuna 15,calle_avenida,este,20738.0
2024-06-19,CORRIENTES AV. 6210,-58.448402,-34.591075,Comuna 15,calle_avenida,este,21111.0
2024-06-26,CORRIENTES AV. 6210,-58.448402,-34.591075,Comuna 15,calle_avenida,este,20046.0
2024-07-03,CORRIENTES AV. 6210,-58.448402,-34.591075,Comuna 15,calle_avenida,este,19371.0
2024-07-10,CORRIENTES AV. 6210,-58.448402,-34.591075,Comuna 15,calle_avenida,este,19853.0
2024-07-17,CORRIENTES AV. 6210,-58.448402,-34.591075,Comuna 15,calle_avenida,este,19943.0
2024-07-24,CORRIENTES AV. 6210,-58.448402,-34.591075,Comuna 15,calle_avenida,este,19945.0
2024-07-31,CORRIENTES AV. 6210,-58.448402,-34.591075,Comuna 15,calle_avenida,este,20670.0
2024-01-03,OLIVERA AV. 187,-58.487032,-34.637596,Comuna 10,calle_avenida,sur,4739.0
2024-01-10,OLIVERA AV. 187,-58.487032,-34.637596,Comuna 10,calle_avenida,sur,4573.0
2024-01-17,OLIVERA AV. 187,-58.487032,-34.637596,Comuna 10,calle_avenida,sur,4419.0
2024-01-24,OLIVERA AV. 187,-58.487032,-34.637596,Comuna 10,calle_avenida,sur,3747.0
2024-01-31,OLIVERA AV. 187,-58.487032,-34.637596,Comuna 10,calle_avenida,sur,4789.0
2024-02-07,OLIVERA AV. 187,-58.487032,-34.637596,Comuna 10,calle_avenida,sur,5121.0
2024-02-14,OLIVERA AV. 187,-58.487032,-34.637596,Comuna 10,calle_avenida,sur,4695.0
2024-02-21,OLIVERA AV. 187,-58.487032,-34.637596,Comuna 10,calle_avenida,sur,4422.0
2024-02-28,OLIVERA AV. 187,-58.487032,-34.637596,Comuna 10,calle_avenida,sur,4500.0
2024-03-06,OLIVERA AV. 187,-58.487032,-34.637596,Comuna 10,calle_avenida,sur,4718.0
2024-03-13,OLIVERA AV. 187,-58.487032,-34.637596,Comuna 10,calle_avenida,sur,3260.0
2024-03-20,OLIVERA AV. 187,-58.487032,-34.637596,Comuna 10,calle_avenida,sur,1216.0
2024-03-27,OLIVERA AV. 187,-58.487032,-34.637596,Comuna 10,calle_avenida,sur,5690.0
2024-04-03,OLIVERA AV. 187,-58.487032,-34.637596,Comuna 10,calle_avenida,sur,5139.0
2024-04-10,OLIVERA AV. 187,-58.487032,-34.637596,Comuna 10,calle_avenida,sur,6463.0
2024-04-17,OLIVERA AV. 187,-58.487032,-34.637596,Comuna 10,calle_avenida,sur,5942.0
2024-04-24,OLIVERA AV. 187,-58.487032,-34.637596,Comuna 10,calle_avenida,sur,5930.0
2024-05-01,OLIVERA AV. 187,-58.487032,-34.637596,Comuna 10,calle_avenida,sur,2832.0
2024-05-08,OLIVERA AV. 187,-58.487032,-34.637596,Comuna 10,calle_avenida,sur,6519.0
2024-05-15,OLIVERA AV. 187,-58.487032,-34.637596,Comuna 10,calle_avenida,sur,6350.0
2024-05-22,OLIVERA AV. 187,-58.487032,-34.637596,Comuna 10,calle_avenida,sur,5926.0
2024-05-29,OLIVERA AV. 187,-58.487032,-34.637596,Comuna 10,calle_avenida,sur,5721.0
2024-06-05,OLIVERA AV. 187,-58.487032,-34.637596,Comuna 10,calle_avenida,sur,5654.0
2024-06-12,OLIVERA AV. 187,-58.487032,-34.637596,Comuna 10,calle_avenida,sur,5574.0
2024-06-19,OLIVERA AV. 187,-58.487032,-34.637596,Comuna 10,calle_avenida,sur,5804.0
2024-06-26,OLIVERA AV. 187,-58.487032,-34.637596,Comuna 10,calle_avenida,sur,5475.0
2024-07-03,OLIVERA AV. 187,-58.487032,-34.637596,Comuna 10,calle_avenida,sur,5638.0
2024-07-10,OLIVERA AV. 187,-58.487032,-34.637596,Comuna 10,calle_avenida,sur,5437.0
2024-07-17,OLIVERA AV. 187,-58.487032,-34.637596,Comuna 10,calle_avenida,sur,5468.0
2024-07-24,OLIVERA AV. 187,-58.487032,-34.637596,Comuna 10,calle_avenida,sur,5032.0
2024-07-31,OLIVERA AV. 187,-58.487032,-34.637596,Comuna 10,calle_avenida,sur,5430.0
2024-01-03,VEDIA 3438,-58.86039,-34.544242,Comuna 12,calle_avenida,este,10868.0
2024-01-10,VEDIA 3438,-58.86039,-34.544242,Comuna 12,calle_avenida,este,12061.0
2024-01-17,VEDIA 3438,-58.86039,-34.544242,Comuna 12,calle_avenida,este,10594.0
2024-01-24,VEDIA 3438,-58.86039,-34.544242,Comuna 12,calle_avenida,este,8329.0
2024-01-31,VEDIA 3438,-58.86039,-34.544242,Comuna 12,calle_avenida,este,11455.0
2024-02-07,VEDIA 3438,-58.86039,-34.544242,Comuna 12,calle_avenida,este,12503.0
2024-02-21,VEDIA 3438,-58.86039,-34.544242,Comuna 12,calle_avenida,este,13705.0
2024-02-28,VEDIA 3438,-58.86039,-34.544242,Comuna 12,calle_avenida,este,12670.0
2024-03-06,VEDIA 3438,-58.86039,-34.544242,Comuna 12,calle_avenida,este,13687.0
2024-03-13,VEDIA 3438,-58.86039,-34.544242,Comuna 12,calle_avenida,este,11907.0
2024-03-20,VEDIA 3438,-58.86039,-34.544242,Comuna 12,calle_avenida,este,10537.0
2024-03-27,VEDIA 3438,-58.86039,-34.544242,Comuna 12,calle_avenida,este,15891.0
2024-04-03,VEDIA 3438,-58.86039,-34.544242,Comuna 12,calle_avenida,este,11734.0
2024-04-10,VEDIA 3438,-58.86039,-34.544242,Comuna 12,calle_avenida,este,12523.0
2024-04-17,VEDIA 3438,-58.86039,-34.544242,Comuna 12,calle_avenida,este,11824.0
2024-04-24,VEDIA 3438,-58.86039,-34.544242,Comuna 12,calle_avenida,este,11114.0
2024-05-01,VEDIA 3438,-58.86039,-34.544242,Comuna 12,calle_avenida,este,5272.0
2024-05-08,VEDIA 3438,-58.86039,-34.544242,Comuna 12,calle_avenida,este,13301.0
2024-05-15,VEDIA 3438,-58.86039,-34.544242,Comuna 12,calle_avenida,este,10583.0
2024-05-22,VEDIA 3438,-58.86039,-34.544242,Comuna 12,calle_avenida,este,12021.0
2024-05-29,VEDIA 3438,-58.86039,-34.544242,Comuna 12,calle_avenida,este,13124.0
2024-06-05,VEDIA 3438,-58.86039,-34.544242,Comuna 12,calle_avenida,este,13367.0
2024-06-12,VEDIA 3438,-58.86039,-34.544242,Comuna 12,calle_avenida,este,13804.0
2024-06-19,VEDIA 3438,-58.86039,-34.544242,Comuna 12,calle_avenida,este,13122.0
2024-06-26,VEDIA 3438,-58.86039,-34.544242,Comuna 12,calle_avenida,este,12968.0
2024-07-03,VEDIA 3438,-58.86039,-34.544242,Comuna 12,calle_avenida,este,11332.0
2024-07-10,VEDIA 3438,-58.86039,-34.544242,Comuna 12,calle_avenida,este,10545.0
2024-07-17,VEDIA 3438,-58.86039,-34.544242,Comuna 12,calle_avenida,este,10773.0
2024-07-24,VEDIA 3438,-58.86039,-34.544242,Comuna 12,calle_avenida,este,12719.0
2024-07-31,VEDIA 3438,-58.86039,-34.544242,Comuna 12,calle_avenida,este,13773.0
2024-01-03,BELGRANO AV. 324,-58.370911,-34.61249,Comuna 1,calle_avenida,este,14012.0
2024-01-10,BELGRANO AV. 324,-58.370911,-34.61249,Comuna 1,calle_avenida,este,13697.0
2024-01-17,BELGRANO AV. 324,-58.370911,-34.61249,Comuna 1,calle_avenida,este,12072.0
2024-01-24,BELGRANO AV. 324,-58.370911,-34.61249,Comuna 1,calle_avenida,este,8407.0
2024-01-31,BELGRANO AV. 324,-58.370911,-34.61249,Comuna 1,calle_avenida,este,13256.0
2024-02-07,BELGRANO AV. 324,-58.370911,-34.61249,Comuna 1,calle_avenida,este,15615.0
2024-02-14,BELGRANO AV. 324,-58.370911,-34.61249,Comuna 1,calle_avenida,este,14506.0
2024-02-21,BELGRANO AV. 324,-58.370911,-34.61249,Comuna 1,calle_avenida,este,12263.0
2024-02-28,BELGRANO AV. 324,-58.370911,-34.61249,Comuna 1,calle_avenida,este,12396.0
2024-03-06,BELGRANO AV. 324,-58.370911,-34.61249,Comuna 1,calle_avenida,este,15318.0
2024-03-13,BELGRANO AV. 324,-58.370911,-34.61249,Comuna 1,calle_avenida,este,16530.0
2024-03-20,BELGRANO AV. 324,-58.370911,-34.61249,Comuna 1,calle_avenida,este,13316.0
2024-03-27,BELGRANO AV. 324,-58.370911,-34.61249,Comuna 1,calle_avenida,este,18487.0
2024-04-03,BELGRANO AV. 324,-58.370911,-34.61249,Comuna 1,calle_avenida,este,15703.0
2024-04-10,BELGRANO AV. 324,-58.370911,-34.61249,Comuna 1,calle_avenida,este,16897.0
2024-04-17,BELGRANO AV. 324,-58.370911,-34.61249,Comuna 1,calle_avenida,este,17143.0
2024-04-24,BELGRANO AV. 324,-58.370911,-34.61249,Comuna 1,calle_avenida,este,16419.0
2024-05-01,BELGRANO AV. 324,-58.370911,-34.61249,Comuna 1,calle_avenida,este,5445.0
2024-05-08,BELGRANO AV. 324,-58.370911,-34.61249,Comuna 1,calle_avenida,este,16450.0
2024-05-15,BELGRANO AV. 324,-58.370911,-34.61249,Comuna 1,calle_avenida,este,17233.0
2024-05-22,BELGRANO AV. 324,-58.370911,-34.61249,Comuna 1,calle_avenida,este,16682.0
2024-05-29,BELGRANO AV. 324,-58.370911,-34.61249,Comuna 1,calle_avenida,este,15792.0
2024-06-05,BELGRANO AV. 324,-58.370911,-34.61249,Comuna 1,calle_avenida,este,16400.0
2024-06-12,BELGRANO AV. 324,-58.370911,-34.61249,Comuna 1,calle_avenida,este,12914.0
2024-06-19,BELGRANO AV. 324,-58.370911,-34.61249,Comuna 1,calle_avenida,este,17374.0
2024-06-26,BELGRANO AV. 324,-58.370911,-34.61249,Comuna 1,calle_avenida,este,16098.0
2024-07-03,BELGRANO AV. 324,-58.370911,-34.61249,Comuna 1,calle_avenida,este,16753.0
2024-07-10,BELGRANO AV. 324,-58.370911,-34.61249,Comuna 1,calle_avenida,este,16285.0
2024-07-17,BELGRANO AV. 324,-58.370911,-34.61249,Comuna 1,calle_avenida,este,15807.0
2024-07-24,BELGRANO AV. 324,-58.370911,-34.61249,Comuna 1,calle_avenida,este,15240.0
2024-07-31,BELGRANO AV. 324,-58.370911,-34.61249,Comuna 1,calle_avenida,este,15888.0
2024-01-03,RIVADAVIA AV. 6626,-58.459176,-34.62777,Comuna 7,calle_avenida,este,8657.0
2024-01-10,RIVADAVIA AV. 6626,-58.459176,-34.62777,Comuna 7,calle_avenida,este,8829.0
2024-01-17,RIVADAVIA AV. 6626,-58.459176,-34.62777,Comuna 7,calle_avenida,este,6115.0
2024-01-24,RIVADAVIA AV. 6626,-58.459176,-34.62777,Comuna 7,calle_avenida,este,5824.0
2024-01-31,RIVADAVIA AV. 6626,-58.459176,-34.62777,Comuna 7,calle_avenida,este,8527.0
2024-02-07,RIVADAVIA AV. 6626,-58.459176,-34.62777,Comuna 7,calle_avenida,este,9712.0
2024-02-14,RIVADAVIA AV. 6626,-58.459176,-34.62777,Comuna 7,calle_avenida,este,4220.0
2024-02-21,RIVADAVIA AV. 6626,-58.459176,-34.62777,Comuna 7,calle_avenida,este,9551.0
2024-02-28,RIVADAVIA AV. 6626,-58.459176,-34.62777,Comuna 7,calle_avenida,este,9631.0
2024-03-06,RIVADAVIA AV. 6626,-58.459176,-34.62777,Comuna 7,calle_avenida,este,9527.0
2024-03-13,RIVADAVIA AV. 6626,-58.459176,-34.62777,Comuna 7,calle_avenida,este,10139.0
2024-03-20,RIVADAVIA AV. 6626,-58.459176,-34.62777,Comuna 7,calle_avenida,este,7570.0
2024-03-27,RIVADAVIA AV. 6626,-58.459176,-34.62777,Comuna 7,calle_avenida,este,9236.0
2024-04-03,RIVADAVIA AV. 6626,-58.459176,-34.62777,Comuna 7,calle_avenida,este,8787.0
2024-04-10,RIVADAVIA AV. 6626,-58.459176,-34.62777,Comuna 7,calle_avenida,este,9936.0
2024-04-17,RIVADAVIA AV. 6626,-58.459176,-34.62777,Comuna 7,calle_avenida,este,9154.0
2024-04-24,RIVADAVIA AV. 6626,-58.459176,-34.62777,Comuna 7,calle_avenida,este,9288.0
2024-05-01,RIVADAVIA AV. 6626,-58.459176,-34.62777,Comuna 7,calle_avenida,este,6088.0
2024-05-08,RIVADAVIA AV. 6626,-58.459176,-34.62777,Comuna 7,calle_avenida,este,10254.0
2024-05-15,RIVADAVIA AV. 6626,-58.459176,-34.62777,Comuna 7,calle_avenida,este,4663.0
2024-05-22,RIVADAVIA AV. 6626,-58.459176,-34.62777,Comuna 7,calle_avenida,este,4760.0
2024-05-29,RIVADAVIA AV. 6626,-58.459176,-34.62777,Comuna 7,calle_avenida,este,5829.0
2024-06-05,RIVADAVIA AV. 6626,-58.459176,-34.62777,Comuna 7,calle_avenida,este,4644.0
2024-06-12,RIVADAVIA AV. 6626,-58.459176,-34.62777,Comuna 7,calle_avenida,este,4809.0
2024-06-19,RIVADAVIA AV. 6626,-58.459176,-34.62777,Comuna 7,calle_avenida,este,5070.0
2024-06-26,RIVADAVIA AV. 6626,-58.459176,-34.62777,Comuna 7,calle_avenida,este,4436.0
2024-07-03,RIVADAVIA AV. 6626,-58.459176,-34.62777,Comuna 7,calle_avenida,este,4675.0
2024-07-10,RIVADAVIA AV. 6626,-58.459176,-34.62777,Comuna 7,calle_avenida,este,4437.0
2024-07-17,RIVADAVIA AV. 6626,-58.459176,-34.62777,Comuna 7,calle_avenida,este,4310.0
2024-07-24,RIVADAVIA AV. 6626,-58.459176,-34.62777,Comuna 7,calle_avenida,este,4187.0
2024-07-31,RIVADAVIA AV. 6626,-58.459176,-34.62777,Comuna 7,calle_avenida,este,4680.0
2024-01-03,ENTRE RIOS AV. 1818,-58.390787,-34.629623,Comuna 1,calle_avenida,norte,16172.0
2024-01-10,ENTRE RIOS AV. 1818,-58.390787,-34.629623,Comuna 1,calle_avenida,norte,16491.0
2024-01-17,ENTRE RIOS AV. 1818,-58.390787,-34.629623,Comuna 1,calle_avenida,norte,15928.0
2024-01-24,ENTRE RIOS AV. 1818,-58.390787,-34.629623,Comuna 1,calle_avenida,norte,13890.0
2024-01-31,ENTRE RIOS AV. 1818,-58.390787,-34.629623,Comuna 1,calle_avenida,norte,17261.0
2024-02-07,ENTRE RIOS AV. 1818,-58.390787,-34.629623,Comuna 1,calle_avenida,norte,18640.0
2024-02-14,ENTRE RIOS AV. 1818,-58.390787,-34.629623,Comuna 1,calle_avenida,norte,16455.0
2024-02-21,ENTRE RIOS AV. 1818,-58.390787,-34.629623,Comuna 1,calle_avenida,norte,16884.0
2024-02-28,ENTRE RIOS AV. 1818,-58.390787,-34.629623,Comuna 1,calle_avenida,norte,16803.0
2024-03-06,ENTRE RIOS AV. 1818,-58.390787,-34.629623,Comuna 1,calle_avenida,norte,16789.0
2024-03-13,ENTRE RIOS AV. 1818,-58.390787,-34.629623,Comuna 1,calle_avenida,norte,17365.0
2024-03-20,ENTRE RIOS AV. 1818,-58.390787,-34.629623,Comuna 1,calle_avenida,norte,15538.0
2024-03-27,ENTRE RIOS AV. 1818,-58.390787,-34.629623,Comuna 1,calle_avenida,norte,18847.0
2024-04-03,ENTRE RIOS AV. 1818,-58.390787,-34.629623,Comuna 1,calle_avenida,norte,18739.0
2024-04-10,ENTRE RIOS AV. 1818,-58.390787,-34.629623,Comuna 1,calle_avenida,norte,19423.0
2024-04-17,ENTRE RIOS AV. 1818,-58.390787,-34.629623,Comuna 1,calle_avenida,norte,18006.0
2024-04-24,ENTRE RIOS AV. 1818,-58.390787,-34.629623,Comuna 1,calle_avenida,norte,17431.0
2024-05-01,ENTRE RIOS AV. 1818,-58.390787,-34.629623,Comuna 1,calle_avenida,norte,9098.0
2024-05-08,ENTRE RIOS AV. 1818,-58.390787,-34.629623,Comuna 1,calle_avenida,norte,18383.0
2024-05-15,ENTRE RIOS AV. 1818,-58.390787,-34.629623,Comuna 1,calle_avenida,norte,16402.0
2024-05-22,ENTRE RIOS AV. 1818,-58.390787,-34.629623,Comuna 1,calle_avenida,norte,18199.0
2024-05-29,ENTRE RIOS AV. 1818,-58.390787,-34.629623,Comuna 1,calle_avenida,norte,17412.0
2024-06-05,ENTRE RIOS AV. 1818,-58.390787,-34.629623,Comuna 1,calle_avenida,norte,17506.0
2024-06-12,ENTRE RIOS AV. 1818,-58.390787,-34.629623,Comuna 1,calle_avenida,norte,16757.0
2024-06-19,ENTRE RIOS AV. 1818,-58.390787,-34.629623,Comuna 1,calle_avenida,norte,15194.0
2024-06-26,ENTRE RIOS AV. 1818,-58.390787,-34.629623,Comuna 1,calle_avenida,norte,15138.0
2024-07-03,ENTRE RIOS AV. 1818,-58.390787,-34.629623,Comuna 1,calle_avenida,norte,16373.0
2024-07-10,ENTRE RIOS AV. 1818,-58.390787,-34.629623,Comuna 1,calle_avenida,norte,14887.0
2024-07-17,ENTRE RIOS AV. 1818,-58.390787,-34.629623,Comuna 1,calle_avenida,norte,13536.0
2024-07-24,ENTRE RIOS AV. 1818,-58.390787,-34.629623,Comuna 1,calle_avenida,norte,16279.0
2024-01-03,CORDOBA AV. 4471,-58.428774,-34.594989,Comuna 14,calle_avenida,oeste,29935.0
2024-01-10,CORDOBA AV. 4471,-58.428774,-34.594989,Comuna 14,calle_avenida,oeste,28907.0
2024-01-17,CORDOBA AV. 4471,-58.428774,-34.594989,Comuna 14,calle_avenida,oeste,30977.0
2024-01-24,CORDOBA AV. 4471,-58.428774,-34.594989,Comuna 14,calle_avenida,oeste,28090.0
2024-01-31,CORDOBA AV. 4471,-58.428774,-34.594989,Comuna 14,calle_avenida,oeste,31383.0
2024-02-07,CORDOBA AV. 4471,-58.428774,-34.594989,Comuna 14,calle_avenida,oeste,32880.0
2024-02-14,CORDOBA AV. 4471,-58.428774,-34.594989,Comuna 14,calle_avenida,oeste,31101.0
2024-02-21,CORDOBA AV. 4471,-58.428774,-34.594989,Comuna 14,calle_avenida,oeste,30563.0
2024-02-28,CORDOBA AV. 4471,-58.428774,-34.594989,Comuna 14,calle_avenida,oeste,30060.0
2024-03-06,CORDOBA AV. 4471,-58.428774,-34.594989,Comuna 14,calle_avenida,oeste,16718.0
2024-03-13,CORDOBA AV. 4471,-58.428774,-34.594989,Comuna 14,calle_avenida,oeste,21384.0
2024-03-20,CORDOBA AV. 4471,-58.428774,-34.594989,Comuna 14,calle_avenida,oeste,19672.0
2024-03-27,CORDOBA AV. 4471,-58.428774,-34.594989,Comuna 14,calle_avenida,oeste,28446.0
2024-04-03,CORDOBA AV. 4471,-58.428774,-34.594989,Comuna 14,calle_avenida,oeste,23059.0
2024-04-10,CORDOBA AV. 4471,-58.428774,-34.594989,Comuna 14,calle_avenida,oeste,26203.0
2024-04-17,CORDOBA AV. 4471,-58.428774,-34.594989,Comuna 14,calle_avenida,oeste,24713.0
2024-04-24,CORDOBA AV. 4471,-58.428774,-34.594989,Comuna 14,calle_avenida,oeste,23485.0
2024-05-01,CORDOBA AV. 4471,-58.428774,-34.594989,Comuna 14,calle_avenida,oeste,17550.0
2024-05-08,CORDOBA AV. 4471,-58.428774,-34.594989,Comuna 14,calle_avenida,oeste,21386.0
2024-05-15,CORDOBA AV. 4471,-58.428774,-34.594989,Comuna 14,calle_avenida,oeste,22403.0
2024-05-22,CORDOBA AV. 4471,-58.428774,-34.594989,Comuna 14,calle_avenida,oeste,22640.0
2024-05-29,CORDOBA AV. 4471,-58.428774,-34.594989,Comuna 14,calle_avenida,oeste,21655.0
2024-06-05,CORDOBA AV. 4471,-58.428774,-34.594989,Comuna 14,calle_avenida,oeste,18900.0
2024-06-12,CORDOBA AV. 4471,-58.428774,-34.594989,Comuna 14,calle_avenida,oeste,20932.0
2024-06-19,CORDOBA AV. 4471,-58.428774,-34.594989,Comuna 14,calle_avenida,oeste,18635.0
2024-06-26,CORDOBA AV. 4471,-58.428774,-34.594989,Comuna 14,calle_avenida,oeste,20167.0
2024-07-10,CORDOBA AV. 4471,-58.428774,-34.594989,Comuna 14,calle_avenida,oeste,18694.0
2024-07-17,CORDOBA AV. 4471,-58.428774,-34.594989,Comuna 14,calle_avenida,oeste,19467.0
2024-07-24,CORDOBA AV. 4471,-58.428774,-34.594989,Comuna 14,calle_avenida,oeste,19406.0
2024-07-31,CORDOBA AV. 4471,-58.428774,-34.594989,Comuna 14,calle_avenida,oeste,22598.0
2024-01-03,"JUSTO, JUAN B. AV. 4781",-58.466338,-34.610364,Comuna 11,calle_avenida,oeste,8377.0
2024-01-10,"JUSTO, JUAN B. AV. 4781",-58.466338,-34.610364,Comuna 11,calle_avenida,oeste,7656.0
2024-01-17,"JUSTO, JUAN B. AV. 4781",-58.466338,-34.610364,Comuna 11,calle_avenida,oeste,7194.0
2024-01-24,"JUSTO, JUAN B. AV. 4781",-58.466338,-34.610364,Comuna 11,calle_avenida,oeste,6200.0
2024-01-31,"JUSTO, JUAN B. AV. 4781",-58.466338,-34.610364,Comuna 11,calle_avenida,oeste,7968.0
2024-02-07,"JUSTO, JUAN B. AV. 4781",-58.466338,-34.610364,Comuna 11,calle_avenida,oeste,10176.0
2024-02-14,"JUSTO, JUAN B. AV. 4781",-58.466338,-34.610364,Comuna 11,calle_avenida,oeste,8289.0
2024-02-21,"JUSTO, JUAN B. AV. 4781",-58.466338,-34.610364,Comuna 11,calle_avenida,oeste,7327.0
2024-02-28,"JUSTO, JUAN B. AV. 4781",-58.466338,-34.610364,Comuna 11,calle_avenida,oeste,7576.0
2024-03-06,"JUSTO, JUAN B. AV. 4781",-58.466338,-34.610364,Comuna 11,calle_avenida,oeste,7833.0
2024-03-13,"JUSTO, JUAN B. AV. 4781",-58.466338,-34.610364,Comuna 11,calle_avenida,oeste,5740.0
2024-03-20,"JUSTO, JUAN B. AV. 4781",-58.466338,-34.610364,Comuna 11,calle_avenida,oeste,4064.0
2024-03-27,"JUSTO, JUAN B. AV. 4781",-58.466338,-34.610364,Comuna 11,calle_avenida,oeste,9492.0
2024-04-03,"JUSTO, JUAN B. AV. 4781",-58.466338,-34.610364,Comuna 11,calle_avenida,oeste,8570.0
2024-04-10,"JUSTO, JUAN B. AV. 4781",-58.466338,-34.610364,Comuna 11,calle_avenida,oeste,10052.0
2024-04-17,"JUSTO, JUAN B. AV. 4781",-58.466338,-34.610364,Comuna 11,calle_avenida,oeste,8658.0
2024-04-24,"JUSTO, JUAN B. AV. 4781",-58.466338,-34.610364,Comuna 11,calle_avenida,oeste,8791.0
2024-05-01,"JUSTO, JUAN B. AV. 4781",-58.466338,-34.610364,Comuna 11,calle_avenida,oeste,5885.0
2024-05-08,"JUSTO, JUAN B. AV. 4781",-58.466338,-34.610364,Comuna 11,calle_avenida,oeste,11056.0
2024-05-15,"JUSTO, JUAN B. AV. 4781",-58.466338,-34.610364,Comuna 11,calle_avenida,oeste,9866.0
2024-05-22,"JUSTO, JUAN B. AV. 4781",-58.466338,-34.610364,Comuna 11,calle_avenida,oeste,10055.0
2024-05-29,"JUSTO, JUAN B. AV. 4781",-58.466338,-34.610364,Comuna 11,calle_avenida,oeste,9554.0
2024-06-05,"JUSTO, JUAN B. AV. 4781",-58.466338,-34.610364,Comuna 11,calle_avenida,oeste,8739.0
2024-06-12,"JUSTO, JUAN B. AV. 4781",-58.466338,-34.610364,Comuna 11,calle_avenida,oeste,9574.0
2024-06-19,"JUSTO, JUAN B. AV. 4781",-58.466338,-34.610364,Comuna 11,calle_avenida,oeste,9968.0
2024-06-26,"JUSTO, JUAN B. AV. 4781",-58.466338,-34.610364,Comuna 11,calle_avenida,oeste,10163.0
2024-07-03,"JUSTO, JUAN B. AV. 4781",-58.466338,-34.610364,Comuna 11,calle_avenida,oeste,10482.0
2024-07-10,"JUSTO, JUAN B. AV. 4781",-58.466338,-34.610364,Comuna 11,calle_avenida,oeste,10115.0
2024-07-17,"JUSTO, JUAN B. AV. 4781",-58.466338,-34.610364,Comuna 11,calle_avenida,oeste,9551.0
2024-07-24,"JUSTO, JUAN B. AV. 4781",-58.466338,-34.610364,Comuna 11,calle_avenida,oeste,8941.0
2024-07-31,"JUSTO, JUAN B. AV. 4781",-58.466338,-34.610364,Comuna 11,calle_avenida,oeste,10084.0
2024-01-03,PASEO COLON AV. 400,-58.368952,-34.612207,Comuna 1,calle_avenida,norte,10332.0
2024-01-10,PASEO COLON AV. 400,-58.368952,-34.612207,Comuna 1,calle_avenida,norte,9859.0
2024-01-17,PASEO COLON AV. 400,-58.368952,-34.612207,Comuna 1,calle_avenida,norte,9722.0
2024-01-24,PASEO COLON AV. 400,-58.368952,-34.612207,Comuna 1,calle_avenida,norte,7766.0
2024-01-31,PASEO COLON AV. 400,-58.368952,-34.612207,Comuna 1,calle_avenida,norte,10928.0
2024-02-07,PASEO COLON AV. 400,-58.368952,-34.612207,Comuna 1,calle_avenida,norte,12194.0
2024-02-14,PASEO COLON AV. 400,-58.368952,-34.612207,Comuna 1,calle_avenida,norte,12232.0
2024-02-21,PASEO COLON AV. 400,-58.368952,-34.612207,Comuna 1,calle_avenida,norte,11950.0
2024-02-28,PASEO COLON AV. 400,-58.368952,-34.612207,Comuna 1,calle_avenida,norte,11042.0
2024-03-06,PASEO COLON AV. 400,-58.368952,-34.612207,Comuna 1,calle_avenida,norte,11870.0
2024-03-13,PASEO COLON AV. 400,-58.368952,-34.612207,Comuna 1,calle_avenida,norte,10380.0
2024-03-20,PASEO COLON AV. 400,-58.368952,-34.612207,Comuna 1,calle_avenida,norte,8105.0
2024-03-27,PASEO COLON AV. 400,-58.368952,-34.612207,Comuna 1,calle_avenida,norte,13311.0
2024-04-03,PASEO COLON AV. 400,-58.368952,-34.612207,Comuna 1,calle_avenida,norte,12507.0
2024-04-10,PASEO COLON AV. 400,-58.368952,-34.612207,Comuna 1,calle_avenida,norte,12957.0
2024-04-17,PASEO COLON AV. 400,-58.368952,-34.612207,Comuna 1,calle_avenida,norte,11031.0
2024-04-24,PASEO COLON AV. 400,-58.368952,-34.612207,Comuna 1,calle_avenida,norte,10133.0
2024-05-01,PASEO COLON AV. 400,-58.368952,-34.612207,Comuna 1,calle_avenida,norte,4211.0
2024-05-08,PASEO COLON AV. 400,-58.368952,-34.612207,Comuna 1,calle_avenida,norte,11215.0
2024-05-15,PASEO COLON AV. 400,-58.368952,-34.612207,Comuna 1,calle_avenida,norte,10413.0
2024-05-22,PASEO COLON AV. 400,-58.368952,-34.612207,Comuna 1,calle_avenida,norte,11796.0
2024-05-29,PASEO COLON AV. 400,-58.368952,-34.612207,Comuna 1,calle_avenida,norte,11265.0
2024-06-05,PASEO COLON AV. 400,-58.368952,-34.612207,Comuna 1,calle_avenida,norte,11838.0
2024-06-12,PASEO COLON AV. 400,-58.368952,-34.612207,Comuna 1,calle_avenida,norte,13755.0
2024-06-19,PASEO COLON AV. 400,-58.368952,-34.612207,Comuna 1,calle_avenida,norte,8181.0
2024-06-26,PASEO COLON AV. 400,-58.368952,-34.612207,Comuna 1,calle_avenida,norte,5244.0
2024-07-03,PASEO COLON AV. 400,-58.368952,-34.612207,Comuna 1,calle_avenida,norte,5310.0
2024-07-10,PASEO COLON AV. 400,-58.368952,-34.612207,Comuna 1,calle_avenida,norte,5059.0
2024-07-17,PASEO COLON AV. 400,-58.368952,-34.612207,Comuna 1,calle_avenida,norte,4675.0
2024-07-24,PASEO COLON AV. 400,-58.368952,-34.612207,Comuna 1,calle_avenida,norte,4842.0
2024-07-31,PASEO COLON AV. 400,-58.368952,-34.612207,Comuna 1,calle_avenida,norte,5957.0
2024-01-03,VUELTA DE OBLIGADO 2179,-58.456328,-34.560704,Comuna 13,calle_avenida,norte,2495.0
2024-01-10,VUELTA DE OBLIGADO 2179,-58.456328,-34.560704,Comuna 13,calle_avenida,norte,2552.0
2024-01-17,VUELTA DE OBLIGADO 2179,-58.456328,-34.560704,Comuna 13,calle_avenida,norte,2692.0
2024-01-24,VUELTA DE OBLIGADO 2179,-58.456328,-34.560704,Comuna 13,calle_avenida,norte,2242.0
2024-01-31,VUELTA DE OBLIGADO 2179,-58.456328,-34.560704,Comuna 13,calle_avenida,norte,2901.0
2024-02-07,VUELTA DE OBLIGADO 2179,-58.456328,-34.560704,Comuna 13,calle_avenida,norte,3050.0
2024-02-14,VUELTA DE OBLIGADO 2179,-58.456328,-34.560704,Comuna 13,calle_avenida,norte,2947.0
2024-02-21,VUELTA DE OBLIGADO 2179,-58.456328,-34.560704,Comuna 13,calle_avenida,norte,3646.0
2024-02-28,VUELTA DE OBLIGADO 2179,-58.456328,-34.560704,Comuna 13,calle_avenida,norte,3777.0
2024-03-06,VUELTA DE OBLIGADO 2179,-58.456328,-34.560704,Comuna 13,calle_avenida,norte,3593.0
2024-03-13,VUELTA DE OBLIGADO 2179,-58.456328,-34.560704,Comuna 13,calle_avenida,norte,2785.0
2024-03-20,VUELTA DE OBLIGADO 2179,-58.456328,-34.560704,Comuna 13,calle_avenida,norte,2433.0
2024-03-27,VUELTA DE OBLIGADO 2179,-58.456328,-34.560704,Comuna 13,calle_avenida,norte,3460.0
2024-04-03,VUELTA DE OBLIGADO 2179,-58.456328,-34.560704,Comuna 13,calle_avenida,norte,2759.0
2024-04-10,VUELTA DE OBLIGADO 2179,-58.456328,-34.560704,Comuna 13,calle_avenida,norte,2980.0
2024-04-17,VUELTA DE OBLIGADO 2179,-58.456328,-34.560704,Comuna 13,calle_avenida,norte,3277.0
2024-04-24,VUELTA DE OBLIGADO 2179,-58.456328,-34.560704,Comuna 13,calle_avenida,norte,3043.0
2024-05-01,VUELTA DE OBLIGADO 2179,-58.456328,-34.560704,Comuna 13,calle_avenida,norte,1740.0
2024-05-08,VUELTA DE OBLIGADO 2179,-58.456328,-34.560704,Comuna 13,calle_avenida,norte,3141.0
2024-05-15,VUELTA DE OBLIGADO 2179,-58.456328,-34.560704,Comuna 13,calle_avenida,norte,3053.0
2024-05-22,VUELTA DE OBLIGADO 2179,-58.456328,-34.560704,Comuna 13,calle_avenida,norte,2955.0
2024-06-05,VUELTA DE OBLIGADO 2179,-58.456328,-34.560704,Comuna 13,calle_avenida,norte,3687.0
2024-06-12,VUELTA DE OBLIGADO 2179,-58.456328,-34.560704,Comuna 13,calle_avenida,norte,3102.0
2024-06-19,VUELTA DE OBLIGADO 2179,-58.456328,-34.560704,Comuna 13,calle_avenida,norte,3290.0
2024-06-26,VUELTA DE OBLIGADO 2179,-58.456328,-34.560704,Comuna 13,calle_avenida,norte,3168.0
2024-07-03,VUELTA DE OBLIGADO 2179,-58.456328,-34.560704,Comuna 13,calle_avenida,norte,3197.0
2024-07-10,VUELTA DE OBLIGADO 2179,-58.456328,-34.560704,Comuna 13,calle_avenida,norte,3067.0
2024-07-17,VUELTA DE OBLIGADO 2179,-58.456328,-34.560704,Comuna 13,calle_avenida,norte,2943.0
2024-07-31,VUELTA DE OBLIGADO 2179,-58.456328,-34.560704,Comuna 13,calle_avenida,norte,3406.0
2024-01-03,"GARAY, JUAN DE AV. 1769",-58.390037,-34.627139,Comuna 1,calle_avenida,oeste,15674.0
2024-01-10,"GARAY, JUAN DE AV. 1769",-58.390037,-34.627139,Comuna 1,calle_avenida,oeste,15688.0
2024-01-17,"GARAY, JUAN DE AV. 1769",-58.390037,-34.627139,Comuna 1,calle_avenida,oeste,14775.0
2024-01-24,"GARAY, JUAN DE AV. 1769",-58.390037,-34.627139,Comuna 1,calle_avenida,oeste,11963.0
2024-01-31,"GARAY, JUAN DE AV. 1769",-58.390037,-34.627139,Comuna 1,calle_avenida,oeste,16192.0
2024-02-07,"GARAY, JUAN DE AV. 1769",-58.390037,-34.627139,Comuna 1,calle_avenida,oeste,15860.0
2024-02-14,"GARAY, JUAN DE AV. 1769",-58.390037,-34.627139,Comuna 1,calle_avenida,oeste,17225.0
2024-02-21,"GARAY, JUAN DE AV. 1769",-58.390037,-34.627139,Comuna 1,calle_avenida,oeste,15810.0
2024-02-28,"GARAY, JUAN DE AV. 1769",-58.390037,-34.627139,Comuna 1,calle_avenida,oeste,16471.0
2024-03-06,"GARAY, JUAN DE AV. 1769",-58.390037,-34.627139,Comuna 1,calle_avenida,oeste,16497.0
2024-03-13,"GARAY, JUAN DE AV. 1769",-58.390037,-34.627139,Comuna 1,calle_avenida,oeste,16729.0
2024-03-20,"GARAY, JUAN DE AV. 1769",-58.390037,-34.627139,Comuna 1,calle_avenida,oeste,13699.0
2024-03-27,"GARAY, JUAN DE AV. 1769",-58.390037,-34.627139,Comuna 1,calle_avenida,oeste,17314.0
2024-04-03,"GARAY, JUAN DE AV. 1769",-58.390037,-34.627139,Comuna 1,calle_avenida,oeste,15606.0
2024-04-10,"GARAY, JUAN DE AV. 1769",-58.390037,-34.627139,Comuna 1,calle_avenida,oeste,17110.0
2024-04-17,"GARAY, JUAN DE AV. 1769",-58.390037,-34.627139,Comuna 1,calle_avenida,oeste,16057.0
2024-04-24,"GARAY, JUAN DE AV. 1769",-58.390037,-34.627139,Comuna 1,calle_avenida,oeste,15755.0
2024-05-01,"GARAY, JUAN DE AV. 1769",-58.390037,-34.627139,Comuna 1,calle_avenida,oeste,8840.0
2024-05-08,"GARAY, JUAN DE AV. 1769",-58.390037,-34.627139,Comuna 1,calle_avenida,oeste,14462.0
2024-05-15,"GARAY, JUAN DE AV. 1769",-58.390037,-34.627139,Comuna 1,calle_avenida,oeste,14612.0
2024-05-22,"GARAY, JUAN DE AV. 1769",-58.390037,-34.627139,Comuna 1,calle_avenida,oeste,13799.0
2024-05-29,"GARAY, JUAN DE AV. 1769",-58.390037,-34.627139,Comuna 1,calle_avenida,oeste,14130.0
2024-06-05,"GARAY, JUAN DE AV. 1769",-58.390037,-34.627139,Comuna 1,calle_avenida,oeste,13896.0
2024-06-12,"GARAY, JUAN DE AV. 1769",-58.390037,-34.627139,Comuna 1,calle_avenida,oeste,12570.0
2024-06-19,"GARAY, JUAN DE AV. 1769",-58.390037,-34.627139,Comuna 1,calle_avenida,oeste,14604.0
2024-06-26,"GARAY, JUAN DE AV. 1769",-58.390037,-34.627139,Comuna 1,calle_avenida,oeste,14496.0
2024-07-03,"GARAY, JUAN DE AV. 1769",-58.390037,-34.627139,Comuna 1,calle_avenida,oeste,14845.0
2024-07-10,"GARAY, JUAN DE AV. 1769",-58.390037,-34.627139,Comuna 1,calle_avenida,oeste,14490.0
2024-07-17,"GARAY, JUAN DE AV. 1769",-58.390037,-34.627139,Comuna 1,calle_avenida,oeste,14132.0
2024-07-24,"GARAY, JUAN DE AV. 1769",-58.390037,-34.627139,Comuna 1,calle_avenida,oeste,12744.0
2024-07-31,"GARAY, JUAN DE AV. 1769",-58.390037,-34.627139,Comuna 1,calle_avenida,oeste,14660.0
2024-01-03,"MONTES DE OCA, MANUEL AV. 1685",-58.373211,-34.646401,Comuna 4,calle_avenida,sur,7041.0
2024-01-10,"MONTES DE OCA, MANUEL AV. 1685",-58.373211,-34.646401,Comuna 4,calle_avenida,sur,6961.0
2024-01-17,"MONTES DE OCA, MANUEL AV. 1685",-58.373211,-34.646401,Comuna 4,calle_avenida,sur,6978.0
2024-01-24,"MONTES DE OCA, MANUEL AV. 1685",-58.373211,-34.646401,Comuna 4,calle_avenida,sur,5754.0
2024-01-31,"MONTES DE OCA, MANUEL AV. 1685",-58.373211,-34.646401,Comuna 4,calle_avenida,sur,7950.0
2024-02-07,"MONTES DE OCA, MANUEL AV. 1685",-58.373211,-34.646401,Comuna 4,calle_avenida,sur,7303.0
2024-02-14,"MONTES DE OCA, MANUEL AV. 1685",-58.373211,-34.646401,Comuna 4,calle_avenida,sur,
2024-02-21,"MONTES DE OCA, MANUEL AV. 1685",-58.373211,-34.646401,Comuna 4,calle_avenida,sur,8680.0
2024-02-28,"MONTES DE OCA, MANUEL AV. 1685",-58.373211,-34.646401,Comuna 4,calle_avenida,sur,7722.0
2024-03-06,"MONTES DE OCA, MANUEL AV. 1685",-58.373211,-34.646401,Comuna 4,calle_avenida,sur,7869.0
2024-03-13,"MONTES DE OCA, MANUEL AV. 1685",-58.373211,-34.646401,Comuna 4,calle_avenida,sur,7260.0
2024-03-20,"MONTES DE OCA, MANUEL AV. 1685",-58.373211,-34.646401,Comuna 4,calle_avenida,sur,6112.0
2024-03-27,"MONTES DE OCA, MANUEL AV. 1685",-58.373211,-34.646401,Comuna 4,calle_avenida,sur,9252.0
2024-04-03,"MONTES DE OCA, MANUEL AV. 1685",-58.373211,-34.646401,Comuna 4,calle_avenida,sur,7902.0
2024-04-10,"MONTES DE OCA, MANUEL AV. 1685",-58.373211,-34.646401,Comuna 4,calle_avenida,sur,8204.0
2024-04-17,"MONTES DE OCA, MANUEL AV. 1685",-58.373211,-34.646401,Comuna 4,calle_avenida,sur,8072.0
2024-04-24,"MONTES DE OCA, MANUEL AV. 1685",-58.373211,-34.646401,Comuna 4,calle_avenida,sur,7835.0
2024-05-01,"MONTES DE OCA, MANUEL AV. 1685",-58.373211,-34.646401,Comuna 4,calle_avenida,sur,4287.0
2024-05-08,"MONTES DE OCA, MANUEL AV. 1685",-58.373211,-34.646401,Comuna 4,calle_avenida,sur,8539.0
2024-05-15,"MONTES DE OCA, MANUEL AV. 1685",-58.373211,-34.646401,Comuna 4,calle_avenida,sur,8785.0
2024-05-22,"MONTES DE OCA, MANUEL AV. 1685",-58.373211,-34.646401,Comuna 4,calle_avenida,sur,7766.0
2024-05-29,"MONTES DE OCA, MANUEL AV. 1685",-58.373211,-34.646401,Comuna 4,calle_avenida,sur,8551.0
2024-06-05,"MONTES DE OCA, MANUEL AV. 1685",-58.373211,-34.646401,Comuna 4,calle_avenida,sur,7850.0
2024-06-12,"MONTES DE OCA, MANUEL AV. 1685",-58.373211,-34.646401,Comuna 4,calle_avenida,sur,8100.0
2024-06-19,"MONTES DE OCA, MANUEL AV. 1685",-58.373211,-34.646401,Comuna 4,calle_avenida,sur,8367.0
2024-06-26,"MONTES DE OCA, MANUEL AV. 1685",-58.373211,-34.646401,Comuna 4,calle_avenida,sur,7538.0
2024-07-03,"MONTES DE OCA, MANUEL AV. 1685",-58.373211,-34.646401,Comuna 4,calle_avenida,sur,8128.0
2024-07-10,"MONTES DE OCA, MANUEL AV. 1685",-58.373211,-34.646401,Comuna 4,calle_avenida,sur,7925.0
2024-07-17,"MONTES DE OCA, MANUEL AV. 1685",-58.373211,-34.646401,Comuna 4,calle_avenida,sur,7199.0
2024-07-24,"MONTES DE OCA, MANUEL AV. 1685",-58.373211,-34.646401,Comuna 4,calle_avenida,sur,7568.0
2024-07-31,"MONTES DE OCA, MANUEL AV. 1685",-58.373211,-34.646401,Comuna 4,calle_avenida,sur,8604.0
2024-01-03,RIVADAVIA AV. 9618,-58.499769,-34.637578,Comuna 10,calle_avenida,este,15470.0
2024-01-10,RIVADAVIA AV. 9618,-58.499769,-34.637578,Comuna 10,calle_avenida,este,15396.0
2024-01-17,RIVADAVIA AV. 9618,-58.499769,-34.637578,Comuna 10,calle_avenida,este,13821.0
2024-01-24,RIVADAVIA AV. 9618,-58.499769,-34.637578,Comuna 10,calle_avenida,este,12540.0
2024-01-31,RIVADAVIA AV. 9618,-58.499769,-34.637578,Comuna 10,calle_avenida,este,14911.0
2024-02-07,RIVADAVIA AV. 9618,-58.499769,-34.637578,Comuna 10,calle_avenida,este,15626.0
2024-02-14,RIVADAVIA AV. 9618,-58.499769,-34.637578,Comuna 10,calle_avenida,este,14326.0
2024-02-21,RIVADAVIA AV. 9618,-58.499769,-34.637578,Comuna 10,calle_avenida,este,13681.0
2024-02-28,RIVADAVIA AV. 9618,-58.499769,-34.637578,Comuna 10,calle_avenida,este,12488.0
2024-03-06,RIVADAVIA AV. 9618,-58.499769,-34.637578,Comuna 10,calle_avenida,este,13251.0
2024-03-27,RIVADAVIA AV. 9618,-58.499769,-34.637578,Comuna 10,calle_avenida,este,16915.0
2024-04-03,RIVADAVIA AV. 9618,-58.499769,-34.637578,Comuna 10,calle_avenida,este,16392.0
2024-04-10,RIVADAVIA AV. 9618,-58.499769,-34.637578,Comuna 10,calle_avenida,este,16206.0
2024-04-17,RIVADAVIA AV. 9618,-58.499769,-34.637578,Comuna 10,calle_avenida,este,15887.0
2024-04-24,RIVADAVIA AV. 9618,-58.499769,-34.637578,Comuna 10,calle_avenida,este,15337.0
2024-05-01,RIVADAVIA AV. 9618,-58.499769,-34.637578,Comuna 10,calle_avenida,este,10572.0
2024-05-08,RIVADAVIA AV. 9618,-58.499769,-34.637578,Comuna 10,calle_avenida,este,15406.0
2024-05-15,RIVADAVIA AV. 9618,-58.499769,-34.637578,Comuna 10,calle_avenida,este,15624.0
2024-05-22,RIVADAVIA AV. 9618,-58.499769,-34.637578,Comuna 10,calle_avenida,este,17945.0
2024-05-29,RIVADAVIA AV. 9618,-58.499769,-34.637578,Comuna 10,calle_avenida,este,18099.0
2024-06-05,RIVADAVIA AV. 9618,-58.499769,-34.637578,Comuna 10,calle_avenida,este,18762.0
2024-06-12,RIVADAVIA AV. 9618,-58.499769,-34.637578,Comuna 10,calle_avenida,este,18269.0
2024-06-19,RIVADAVIA AV. 9618,-58.499769,-34.637578,Comuna 10,calle_avenida,este,18760.0
2024-06-26,RIVADAVIA AV. 9618,-58.499769,-34.637578,Comuna 10,calle_avenida,este,17817.0
2024-07-03,RIVADAVIA AV. 9618,-58.499769,-34.637578,Comuna 10,calle_avenida,este,18033.0
2024-07-10,RIVADAVIA AV. 9618,-58.499769,-34.637578,Comuna 10,calle_avenida,este,17338.0
2024-07-17,RIVADAVIA AV. 9618,-58.499769,-34.637578,Comuna 10,calle_avenida,este,16932.0
2024-07-24,RIVADAVIA AV. 9618,-58.499769,-34.637578,Comuna 10,calle_avenida,este,16357.0
2024-07-31,RIVADAVIA AV. 9618,-58.499769,-34.637578,Comuna 10,calle_avenida,este,17573.0
2024-01-03,"DE LA TORRE, LISANDRO 663",-58.520368,-34.646059,Comuna 9,calle_avenida,sur,3881.0
2024-01-10,"DE LA TORRE, LISANDRO 663",-58.520368,-34.646059,Comuna 9,calle_avenida,sur,3684.0
2024-01-17,"DE LA TORRE, LISANDRO 663",-58.520368,-34.646059,Comuna 9,calle_avenida,sur,3756.0
2024-01-24,"DE LA TORRE, LISANDRO 663",-58.520368,-34.646059,Comuna 9,calle_avenida,sur,3044.0
2024-01-31,"DE LA TORRE, LISANDRO 663",-58.520368,-34.646059,Comuna 9,calle_avenida,sur,3764.0
2024-02-07,"DE LA TORRE, LISANDRO 663",-58.520368,-34.646059,Comuna 9,calle_avenida,sur,4190.0
2024-02-14,"DE LA TORRE, LISANDRO 663",-58.520368,-34.646059,Comuna 9,calle_avenida,sur,4191.0
2024-02-21,"DE LA TORRE, LISANDRO 663",-58.520368,-34.646059,Comuna 9,calle_avenida,sur,3766.0
2024-02-28,"DE LA TORRE, LISANDRO 663",-58.520368,-34.646059,Comuna 9,calle_avenida,sur,4170.0
2024-03-06,"DE LA TORRE, LISANDRO 663",-58.520368,-34.646059,Comuna 9,calle_avenida,sur,4649.0
2024-03-13,"DE LA TORRE, LISANDRO 663",-58.520368,-34.646059,Comuna 9,calle_avenida,sur,4970.0
2024-03-20,"DE LA TORRE, LISANDRO 663",-58.520368,-34.646059,Comuna 9,calle_avenida,sur,4265.0
2024-03-27,"DE LA TORRE, LISANDRO 663",-58.520368,-34.646059,Comuna 9,calle_avenida,sur,5755.0
2024-04-03,"DE LA TORRE, LISANDRO 663",-58.520368,-34.646059,Comuna 9,calle_avenida,sur,5308.0
2024-04-10,"DE LA TORRE, LISANDRO 663",-58.520368,-34.646059,Comuna 9,calle_avenida,sur,6256.0
2024-04-17,"DE LA TORRE, LISANDRO 663",-58.520368,-34.646059,Comuna 9,calle_avenida,sur,6241.0
2024-04-24,"DE LA TORRE, LISANDRO 663",-58.520368,-34.646059,Comuna 9,calle_avenida,sur,6156.0
2024-05-01,"DE LA TORRE, LISANDRO 663",-58.520368,-34.646059,Comuna 9,calle_avenida,sur,2727.0
2024-05-08,"DE LA TORRE, LISANDRO 663",-58.520368,-34.646059,Comuna 9,calle_avenida,sur,6291.0
2024-05-15,"DE LA TORRE, LISANDRO 663",-58.520368,-34.646059,Comuna 9,calle_avenida,sur,5866.0
2024-05-22,"DE LA TORRE, LISANDRO 663",-58.520368,-34.646059,Comuna 9,calle_avenida,sur,4112.0
2024-05-29,"DE LA TORRE, LISANDRO 663",-58.520368,-34.646059,Comuna 9,calle_avenida,sur,5182.0
2024-06-05,"DE LA TORRE, LISANDRO 663",-58.520368,-34.646059,Comuna 9,calle_avenida,sur,5090.0
2024-06-12,"DE LA TORRE, LISANDRO 663",-58.520368,-34.646059,Comuna 9,calle_avenida,sur,5206.0
2024-06-19,"DE LA TORRE, LISANDRO 663",-58.520368,-34.646059,Comuna 9,calle_avenida,sur,5547.0
2024-06-26,"DE LA TORRE, LISANDRO 663",-58.520368,-34.646059,Comuna 9,calle_avenida,sur,4970.0
2024-07-03,"DE LA TORRE, LISANDRO 663",-58.520368,-34.646059,Comuna 9,calle_avenida,sur,5320.0
2024-07-10,"DE LA TORRE, LISANDRO 663",-58.520368,-34.646059,Comuna 9,calle_avenida,sur,5292.0
2024-07-17,"DE LA TORRE, LISANDRO 663",-58.520368,-34.646059,Comuna 9,calle_avenida,sur,4107.0
2024-07-24,"DE LA TORRE, LISANDRO 663",-58.520368,-34.646059,Comuna 9,calle_avenida,sur,3966.0
2024-01-03,AVELLANEDA AV. 2924,-58.471929,-34.626563,Comuna 7,calle_avenida,este,10975.0
2024-01-10,AVELLANEDA AV. 2924,-58.471929,-34.626563,Comuna 7,calle_avenida,este,9803.0
2024-01-17,AVELLANEDA AV. 2924,-58.471929,-34.626563,Comuna 7,calle_avenida,este,7901.0
2024-01-24,AVELLANEDA AV. 2924,-58.471929,-34.626563,Comuna 7,calle_avenida,este,6577.0
2024-01-31,AVELLANEDA AV. 2924,-58.471929,-34.626563,Comuna 7,calle_avenida,este,9512.0
2024-02-07,AVELLANEDA AV. 2924,-58.471929,-34.626563,Comuna 7,calle_avenida,este,11083.0
2024-02-14,AVELLANEDA AV. 2924,-58.471929,-34.626563,Comuna 7,calle_avenida,este,10137.0
2024-02-21,AVELLANEDA AV. 2924,-58.471929,-34.626563,Comuna 7,calle_avenida,este,8289.0
2024-02-28,AVELLANEDA AV. 2924,-58.471929,-34.626563,Comuna 7,calle_avenida,este,8470.0
2024-03-06,AVELLANEDA AV. 2924,-58.471929,-34.626563,Comuna 7,calle_avenida,este,6779.0
2024-03-13,AVELLANEDA AV. 2924,-58.471929,-34.626563,Comuna 7,calle_avenida,este,13473.0
2024-03-20,AVELLANEDA AV. 2924,-58.471929,-34.626563,Comuna 7,calle_avenida,este,10103.0
2024-03-27,AVELLANEDA AV. 2924,-58.471929,-34.626563,Comuna 7,calle_avenida,este,11448.0
2024-04-03,AVELLANEDA AV. 2924,-58.471929,-34.626563,Comuna 7,calle_avenida,este,13608.0
2024-04-10,AVELLANEDA AV. 2924,-58.471929,-34.626563,Comuna 7,calle_avenida,este,11713.0
2024-04-17,AVELLANEDA AV. 2924,-58.471929,-34.626563,Comuna 7,calle_avenida,este,9485.0
2024-04-24,AVELLANEDA AV. 2924,-58.471929,-34.626563,Comuna 7,calle_avenida,este,9614.0
2024-05-01,AVELLANEDA AV. 2924,-58.471929,-34.626563,Comuna 7,calle_avenida,este,7462.0
2024-05-08,AVELLANEDA AV. 2924,-58.471929,-34.626563,Comuna 7,calle_avenida,este,10853.0
2024-05-15,AVELLANEDA AV. 2924,-58.471929,-34.626563,Comuna 7,calle_avenida,este,9523.0
2024-05-22,AVELLANEDA AV. 2924,-58.471929,-34.626563,Comuna 7,calle_avenida,este,10435.0
2024-05-29,AVELLANEDA AV. 2924,-58.471929,-34.626563,Comuna 7,calle_avenida,este,10418.0
2024-06-05,AVELLANEDA AV. 2924,-58.471929,-34.626563,Comuna 7,calle_avenida,este,10541.0
2024-06-12,AVELLANEDA AV. 2924,-58.471929,-34.626563,Comuna 7,calle_avenida,este,10371.0
2024-06-19,AVELLANEDA AV. 2924,-58.471929,-34.626563,Comuna 7,calle_avenida,este,9958.0
2024-06-26,AVELLANEDA AV. 2924,-58.471929,-34.626563,Comuna 7,calle_avenida,este,9296.0
2024-07-03,AVELLANEDA AV. 2924,-58.471929,-34.626563,Comuna 7,calle_avenida,este,10903.0
2024-07-10,AVELLANEDA AV. 2924,-58.471929,-34.626563,Comuna 7,calle_avenida,este,9850.0
2024-07-17,AVELLANEDA AV. 2924,-58.471929,-34.626563,Comuna 7,calle_avenida,este,8993.0
2024-07-24,AVELLANEDA AV. 2924,-58.471929,-34.626563,Comuna 7,calle_avenida,este,9777.0
2024-01-03,DEL LIBERTADOR AV. 5722,-58.445603,-34.55931,Comuna 13,calle_avenida,sur,20582.0
2024-01-10,DEL LIBERTADOR AV. 5722,-58.445603,-34.55931,Comuna 13,calle_avenida,sur,23041.0
2024-01-17,DEL LIBERTADOR AV. 5722,-58.445603,-34.55931,Comuna 13,calle_avenida,sur,21856.0
2024-01-24,DEL LIBERTADOR AV. 5722,-58.445603,-34.55931,Comuna 13,calle_avenida,sur,17766.0
2024-01-31,DEL LIBERTADOR AV. 5722,-58.445603,-34.55931,Comuna 13,calle_avenida,sur,23261.0
2024-02-07,DEL LIBERTADOR AV. 5722,-58.445603,-34.55931,Comuna 13,calle_avenida,sur,27413.0
2024-02-14,DEL LIBERTADOR AV. 5722,-58.445603,-34.55931,Comuna 13,calle_avenida,sur,25704.0
2024-02-21,DEL LIBERTADOR AV. 5722,-58.445603,-34.55931,Comuna 13,calle_avenida,sur,25138.0
2024-02-28,DEL LIBERTADOR AV. 5722,-58.445603,-34.55931,Comuna 13,calle_avenida,sur,26411.0
2024-03-06,DEL LIBERTADOR AV. 5722,-58.445603,-34.55931,Comuna 13,calle_avenida,sur,27211.0
2024-03-13,DEL LIBERTADOR AV. 5722,-58.445603,-34.55931,Comuna 13,calle_avenida,sur,23213.0
2024-03-20,DEL LIBERTADOR AV. 5722,-58.445603,-34.55931,Comuna 13,calle_avenida,sur,19628.0
2024-03-27,DEL LIBERTADOR AV. 5722,-58.445603,-34.55931,Comuna 13,calle_avenida,sur,27595.0
2024-04-03,DEL LIBERTADOR AV. 5722,-58.445603,-34.55931,Comuna 13,calle_avenida,sur,24062.0
2024-04-10,DEL LIBERTADOR AV. 5722,-58.445603,-34.55931,Comuna 13,calle_avenida,sur,24937.0
2024-04-17,DEL LIBERTADOR AV. 5722,-58.445603,-34.55931,Comuna 13,calle_avenida,sur,25829.0
2024-04-24,DEL LIBERTADOR AV. 5722,-58.445603,-34.55931,Comuna 13,calle_avenida,sur,25644.0
2024-05-01,DEL LIBERTADOR AV. 5722,-58.445603,-34.55931,Comuna 13,calle_avenida,sur,17258.0
2024-05-08,DEL LIBERTADOR AV. 5722,-58.445603,-34.55931,Comuna 13,calle_avenida,sur,25596.0
2024-05-15,DEL LIBERTADOR AV. 5722,-58.445603,-34.55931,Comuna 13,calle_avenida,sur,26145.0
2024-05-22,DEL LIBERTADOR AV. 5722,-58.445603,-34.55931,Comuna 13,calle_avenida,sur,26897.0
2024-05-29,DEL LIBERTADOR AV. 5722,-58.445603,-34.55931,Comuna 13,calle_avenida,sur,25934.0
2024-06-05,DEL LIBERTADOR AV. 5722,-58.445603,-34.55931,Comuna 13,calle_avenida,sur,26623.0
2024-06-12,DEL LIBERTADOR AV. 5722,-58.445603,-34.55931,Comuna 13,calle_avenida,sur,25836.0
2024-06-19,DEL LIBERTADOR AV. 5722,-58.445603,-34.55931,Comuna 13,calle_avenida,sur,23836.0
2024-06-26,DEL LIBERTADOR AV. 5722,-58.445603,-34.55931,Comuna 13,calle_avenida,sur,25755.0
2024-07-03,DEL LIBERTADOR AV. 5722,-58.445603,-34.55931,Comuna 13,calle_avenida,sur,24398.0
2024-07-10,DEL LIBERTADOR AV. 5722,-58.445603,-34.55931,Comuna 13,calle_avenida,sur,26518.0
2024-07-17,DEL LIBERTADOR AV. 5722,-58.445603,-34.55931,Comuna 13,calle_avenida,sur,25930.0
2024-07-24,DEL LIBERTADOR AV. 5722,-58.445603,-34.55931,Comuna 13,calle_avenida,sur,24709.0
2024-07-31,DEL LIBERTADOR AV. 5722,-58.445603,-34.55931,Comuna 13,calle_avenida,sur,26149.0
2024-01-03,INDEPENDENCIA AV. 1784,-58.391307,-34.618226,Comuna 1,calle_avenida,oeste,15531.0
2024-01-10,INDEPENDENCIA AV. 1784,-58.391307,-34.618226,Comuna 1,calle_avenida,oeste,14977.0
2024-01-17,INDEPENDENCIA AV. 1784,-58.391307,-34.618226,Comuna 1,calle_avenida,oeste,11987.0
2024-01-24,INDEPENDENCIA AV. 1784,-58.391307,-34.618226,Comuna 1,calle_avenida,oeste,8782.0
2024-01-31,INDEPENDENCIA AV. 1784,-58.391307,-34.618226,Comuna 1,calle_avenida,oeste,11892.0
2024-02-07,INDEPENDENCIA AV. 1784,-58.391307,-34.618226,Comuna 1,calle_avenida,oeste,17752.0
2024-02-14,INDEPENDENCIA AV. 1784,-58.391307,-34.618226,Comuna 1,calle_avenida,oeste,13333.0
2024-02-21,INDEPENDENCIA AV. 1784,-58.391307,-34.618226,Comuna 1,calle_avenida,oeste,11262.0
2024-02-28,INDEPENDENCIA AV. 1784,-58.391307,-34.618226,Comuna 1,calle_avenida,oeste,12460.0
2024-03-06,INDEPENDENCIA AV. 1784,-58.391307,-34.618226,Comuna 1,calle_avenida,oeste,13080.0
2024-03-13,INDEPENDENCIA AV. 1784,-58.391307,-34.618226,Comuna 1,calle_avenida,oeste,33.0
2024-03-20,INDEPENDENCIA AV. 1784,-58.391307,-34.618226,Comuna 1,calle_avenida,oeste,6758.0
2024-03-27,INDEPENDENCIA AV. 1784,-58.391307,-34.618226,Comuna 1,calle_avenida,oeste,14214.0
2024-04-03,INDEPENDENCIA AV. 1784,-58.391307,-34.618226,Comuna 1,calle_avenida,oeste,8329.0
2024-04-10,INDEPENDENCIA AV. 1784,-58.391307,-34.618226,Comuna 1,calle_avenida,oeste,10075.0
2024-04-17,INDEPENDENCIA AV. 1784,-58.391307,-34.618226,Comuna 1,calle_avenida,oeste,11649.0
2024-04-24,INDEPENDENCIA AV. 1784,-58.391307,-34.618226,Comuna 1,calle_avenida,oeste,15748.0
2024-05-01,INDEPENDENCIA AV. 1784,-58.391307,-34.618226,Comuna 1,calle_avenida,oeste,5070.0
2024-05-08,INDEPENDENCIA AV. 1784,-58.391307,-34.618226,Comuna 1,calle_avenida,oeste,17517.0
2024-05-15,INDEPENDENCIA AV. 1784,-58.391307,-34.618226,Comuna 1,calle_avenida,oeste,15591.0
2024-05-22,INDEPENDENCIA AV. 1784,-58.391307,-34.618226,Comuna 1,calle_avenida,oeste,14511.0
2024-05-29,INDEPENDENCIA AV. 1784,-58.391307,-34.618226,Comuna 1,calle_avenida,oeste,12566.0
2024-06-05,INDEPENDENCIA AV. 1784,-58.391307,-34.618226,Comuna 1,calle_avenida,oeste,9973.0
2024-06-12,INDEPENDENCIA AV. 1784,-58.391307,-34.618226,Comuna 1,calle_avenida,oeste,9107.0
2024-06-19,INDEPENDENCIA AV. 1784,-58.391307,-34.618226,Comuna 1,calle_avenida,oeste,15316.0
2024-06-26,INDEPENDENCIA AV. 1784,-58.391307,-34.618226,Comuna 1,calle_avenida,oeste,10307.0
2024-07-03,INDEPENDENCIA AV. 1784,-58.391307,-34.618226,Comuna 1,calle_avenida,oeste,14724.0
2024-07-10,INDEPENDENCIA AV. 1784,-58.391307,-34.618226,Comuna 1,calle_avenida,oeste,15009.0
2024-07-17,INDEPENDENCIA AV. 1784,-58.391307,-34.618226,Comuna 1,calle_avenida,oeste,14239.0
2024-07-24,INDEPENDENCIA AV. 1784,-58.391307,-34.618226,Comuna 1,calle_avenida,oeste,11498.0
2024-07-31,INDEPENDENCIA AV. 1784,-58.391307,-34.618226,Comuna 1,calle_avenida,oeste,14496.0
2024-01-03,"ROCA, CNEL. AV. 5870",-58.460539,-34.689402,Comuna 8,calle_avenida,este,3665.0
2024-01-10,"ROCA, CNEL. AV. 5870",-58.460539,-34.689402,Comuna 8,calle_avenida,este,3168.0
2024-01-17,"ROCA, CNEL. AV. 5870",-58.460539,-34.689402,Comuna 8,calle_avenida,este,3265.0
2024-01-24,"ROCA, CNEL. AV. 5870",-58.460539,-34.689402,Comuna 8,calle_avenida,este,2554.0
2024-01-31,"ROCA, CNEL. AV. 5870",-58.460539,-34.689402,Comuna 8,calle_avenida,este,3184.0
2024-02-07,"ROCA, CNEL. AV. 5870",-58.460539,-34.689402,Comuna 8,calle_avenida,este,4031.0
2024-02-14,"ROCA, CNEL. AV. 5870",-58.460539,-34.689402,Comuna 8,calle_avenida,este,3306.0
2024-02-21,"ROCA, CNEL. AV. 5870",-58.460539,-34.689402,Comuna 8,calle_avenida,este,3402.0
2024-02-28,"ROCA, CNEL. AV. 5870",-58.460539,-34.689402,Comuna 8,calle_avenida,este,3611.0
2024-03-06,"ROCA, CNEL. AV. 5870",-58.460539,-34.689402,Comuna 8,calle_avenida,este,3555.0
2024-03-13,"ROCA, CNEL. AV. 5870",-58.460539,-34.689402,Comuna 8,calle_avenida,este,1989.0
2024-03-20,"ROCA, CNEL. AV. 5870",-58.460539,-34.689402,Comuna 8,calle_avenida,este,2099.0
2024-03-27,"ROCA, CNEL. AV. 5870",-58.460539,-34.689402,Comuna 8,calle_avenida,este,4037.0
2024-04-03,"ROCA, CNEL. AV. 5870",-58.460539,-34.689402,Comuna 8,calle_avenida,este,3130.0
2024-04-10,"ROCA, CNEL. AV. 5870",-58.460539,-34.689402,Comuna 8,calle_avenida,este,6521.0
2024-04-17,"ROCA, CNEL. AV. 5870",-58.460539,-34.689402,Comuna 8,calle_avenida,este,6039.0
2024-04-24,"ROCA, CNEL. AV. 5870",-58.460539,-34.689402,Comuna 8,calle_avenida,este,5692.0
2024-05-01,"ROCA, CNEL. AV. 5870",-58.460539,-34.689402,Comuna 8,calle_avenida,este,3135.0
2024-05-08,"ROCA, CNEL. AV. 5870",-58.460539,-34.689402,Comuna 8,calle_avenida,este,6548.0
2024-05-15,"ROCA, CNEL. AV. 5870",-58.460539,-34.689402,Comuna 8,calle_avenida,este,5674.0
2024-05-22,"ROCA, CNEL. AV. 5870",-58.460539,-34.689402,Comuna 8,calle_avenida,este,6009.0
2024-06-05,"ROCA, CNEL. AV. 5870",-58.460539,-34.689402,Comuna 8,calle_avenida,este,4350.0
2024-06-12,"ROCA, CNEL. AV. 5870",-58.460539,-34.689402,Comuna 8,calle_avenida,este,4684.0
2024-06-19,"ROCA, CNEL. AV. 5870",-58.460539,-34.689402,Comuna 8,calle_avenida,este,4257.0
2024-06-26,"ROCA, CNEL. AV. 5870",-58.460539,-34.689402,Comuna 8,calle_avenida,este,4721.0
2024-07-03,"ROCA, CNEL. AV. 5870",-58.460539,-34.689402,Comuna 8,calle_avenida,este,4509.0
2024-07-10,"ROCA, CNEL. AV. 5870",-58.460539,-34.689402,Comuna 8,calle_avenida,este,4629.0
2024-07-17,"ROCA, CNEL. AV. 5870",-58.460539,-34.689402,Comuna 8,calle_avenida,este,3946.0
2024-07-24,"ROCA, CNEL. AV. 5870",-58.460539,-34.689402,Comuna 8,calle_avenida,este,3860.0
2024-07-31,"ROCA, CNEL. AV. 5870",-58.460539,-34.689402,Comuna 8,calle_avenida,este,4921.0
2024-08-07,FOREST AV. 634,-58.454309,-34.584925,Comuna 15,calle_avenida,sur,34692.0
2024-08-07,AU. 25 DE MAYO - SENTIDO PROVINCIA - PK 2+701,-58.439777,-34.631321,Comuna 7,Autopista,oeste,34385.0
2024-08-07,GAONA AV. 2300,-58.459429,-34.613877,Comuna 6,calle_avenida,oeste,32698.0
2024-08-07,CORDOBA AV. 4570,-58.429776,-34.594591,Comuna 15,calle_avenida,oeste,31391.0
2024-08-07,CALLAO AV. 858,-58.39311,-34.599002,Comuna 2,calle_avenida,norte,31314.0
2024-08-07,CORRIENTES AV. 5220,-58.439127,-34.59969,Comuna 15,calle_avenida,este,30961.0
2024-08-07,AU. 25 DE MAYO - SENTIDO PROVINCIA - PK 1+261,-58.454008,-34.637039,Comuna 7,Autopista,oeste,29910.0
2024-08-07,ENTRE RIOS AV. 326,-58.391646,-34.613,Comuna 1,calle_avenida,norte,27857.0
2024-08-07,CALLAO AV. 1588,-58.391201,-34.591009,Comuna 2,calle_avenida,norte,27675.0
2024-08-07,DEL LIBERTADOR AV. 5722,-58.445603,-34.55931,Comuna 13,calle_avenida,sur,26831.0
2024-08-07,ALVAREZ THOMAS AV. 1294,-58.459831,-34.578312,Comuna 13,calle_avenida,oeste,26599.0
2024-08-07,CORDOBA AV. 1980,-58.395434,-34.599776,Comuna 3,calle_avenida,oeste,25491.0
2024-08-07,AVELLANEDA AV. 1825,-58.456423,-34.621237,Comuna 7,calle_avenida,este,25263.0
2024-08-07,PUEYRREDON AV. 214,-58.406212,-34.607467,Comuna 3,calle_avenida,sur,24188.0
2024-08-07,CORRIENTES AV. 3022,-58.408125,-34.604302,Comuna 3,calle_avenida,este,22150.0
2024-08-07,"ALBERDI, JUAN BAUTISTA AV. 890",-58.440541,-34.623013,Comuna 6,calle_avenida,oeste,22018.0
2024-08-07,CORDOBA AV. 4471,-58.428774,-34.594989,Comuna 14,calle_avenida,oeste,21366.0
2024-08-07,CORRIENTES AV. 6210,-58.448402,-34.591075,Comuna 15,calle_avenida,este,20909.0
2024-08-07,TRIUNVIRATO AV. 4520,-58.4848,-34.575403,Comuna 12,calle_avenida,este,20654.0
2024-08-07,"SCALABRINI ORTIZ, RAUL AV. 1385",-58.427003,-34.592379,Comuna 14,calle_avenida,este,20409.0
2024-08-07,SAN JUAN AV. 1119,-58.381832,-34.622096,Comuna 1,calle_avenida,este,18428.0
2024-08-07,SAN MARTIN AV. 1844,-58.454414,-34.605652,Comuna 6,calle_avenida,este,17395.0
2024-08-07,"LACROZE, FEDERICO AV. 4199",-58.455081,-34.587105,Comuna 15,calle_avenida,sur,17383.0
2024-08-07,RIVADAVIA AV. 9618,-58.499769,-34.637578,Comuna 10,calle_avenida,este,17216.0
2024-08-07,ENTRE RIOS AV. 1818,-58.390787,-34.629623,Comuna 1,calle_avenida,norte,17177.0
2024-08-07,INDEPENDENCIA AV. 2086,-58.395712,-34.618449,Comuna 3,calle_avenida,oeste,16904.0
2024-08-07,BELGRANO AV. 3218,-58.411416,-34.615436,Comuna 3,calle_avenida,este,16487.0
2024-08-07,BOEDO AV. 965,-58.416231,-34.624996,Comuna 5,calle_avenida,sur,15942.0
2024-08-07,BELGRANO AV. 324,-58.370911,-34.61249,Comuna 1,calle_avenida,este,15768.0
2024-08-07,RIVADAVIA AV. 2775,-58.405518,-34.610013,Comuna 3,calle_avenida,oeste,15387.0
2024-08-07,"GARAY, JUAN DE AV. 1769",-58.390037,-34.627139,Comuna 1,calle_avenida,oeste,15196.0
2024-08-07,PUEYRREDON AV. 1418,-58.402311,-34.594121,Comuna 2,calle_avenida,sur,15192.0
2024-08-07,SANTA FE AV. 2622,-58.403884,-34.594047,Comuna 2,calle_avenida,este,14274.0
2024-08-07,LIMA 1365,-58.381495,-34.624262,Comuna 1,calle_avenida,sur,13991.0
2024-08-07,VEDIA 3438,-58.86039,-34.544242,Comuna 12,calle_avenida,este,13912.0
2024-08-07,CABILDO AV. 1716,-58.453855,-34.565367,Comuna 13,calle_avenida,sur,13449.0
2024-08-07,PASEO COLON AV. 753,-58.369509,-34.616769,Comuna 1,calle_avenida,sur,13107.0
2024-08-07,RIVADAVIA AV. 7218,-58.467187,-34.630203,Comuna 7,calle_avenida,este,12668.0
2024-08-07,LAS HERAS GENERAL AV. 2289,-58.396838,-34.587651,Comuna 2,calle_avenida,oeste,12568.0
2024-08-07,SUAREZ 1635,-58.373758,-34.638502,Comuna 4,calle_avenida,este,11629.0
2024-08-07,LIMA 281,-58.381872,-34.611723,Comuna 1,calle_avenida,sur,11602.0
2024-08-07,CORDOBA AV. 3329,-58.413685,-34.597847,Comuna 2,Carriles Exclusivos,oeste,11311.0
2024-08-07,RIVADAVIA AV. 4987,-58.43608,-34.618047,Comuna 6,calle_avenida,oeste,11214.0
2024-08-07,AVELLANEDA AV. 2924,-58.471929,-34.626563,Comuna 7,calle_avenida,este,10805.0
2024-08-07,CORDOBA AV. 2149,-58.398175,-34.599668,Comuna 2,Carriles Exclusivos,oeste,10646.0
2024-08-07,INDEPENDENCIA AV. 1784,-58.391307,-34.618226,Comuna 1,calle_avenida,oeste,10573.0
2024-08-07,CORDOBA AV. 3647,-58.417813,-34.597727,Comuna 14,Carriles Exclusivos,oeste,10506.0
2024-08-07,"RABANAL, FRANCISCO, INTENDENTE AV. 1323",-58.417658,-34.654886,Comuna 4,calle_avenida,oeste,10205.0
2024-08-07,"JUSTO, JUAN B. AV. 4781",-58.466338,-34.610364,Comuna 11,calle_avenida,oeste,10180.0
2024-08-07,CORDOBA AV. 2801,-58.407164,-34.597965,Comuna 2,Carriles Exclusivos,oeste,9393.0
2024-08-07,"LACROZE, FEDERICO AV. 2462",-58.445413,-34.571098,Comuna 13,calle_avenida,norte,9036.0
2024-08-07,PUEYRREDON AV. 350,-58.405942,-34.606096,Comuna 3,Carriles Exclusivos,sur,8753.0
2024-08-07,CALLAO AV. 337,-58.392133,-34.605181,Comuna 1,Carriles Exclusivos,norte,8723.0
2024-08-07,RIVADAVIA AV. 10524,-58.511786,-34.639436,Comuna 9,calle_avenida,este,8152.0
2024-08-07,"MONTES DE OCA, MANUEL AV. 1685",-58.373211,-34.646401,Comuna 4,calle_avenida,sur,8110.0
2024-08-07,VERTIZ VIRREY AV. 2010,-58.449507,-34.559083,Comuna 13,calle_avenida,sur,7873.0
2024-08-07,RIVADAVIA AV. 7420,-58.469991,-34.630911,Comuna 7,calle_avenida,este,7845.0
2024-08-07,"ALEM, LEANDRO N. AV. 518",-58.370691,-34.601595,Comuna 1,calle_avenida,sur,7814.0
2024-08-07,"PERON, JUAN DOMINGO, TTE. GENERAL 2687",-58.404461,-34.607561,Comuna 3,calle_avenida,oeste,7433.0
2024-08-07,SANTA FE AV. 3889,-58.418132,-34.583669,Comuna 14,Carriles Exclusivos,oeste,7228.0
2024-08-07,ENTRE RIOS AV. 182,-58.391718,-34.611145,Comuna 1,Carriles Exclusivos,norte,7224.0
2024-08-07,"BEIRO, FRANCISCO AV. 2875",-58.494038,-34.594803,Comuna 15,calle_avenida,oeste,7046.0
2024-08-07,ROSARIO 21,-58.429075,-34.618311,Comuna 6,calle_avenida,este,7034.0
2024-08-07,PUEYRREDON AV. 367,-58.40571,-34.605973,Comuna 3,Carriles Exclusivos,norte,6796.0
2024-08-07,CALLAO AV. 681,-58.392623,-34.601114,Comuna 1,Carriles Exclusivos,norte,6735.0
2024-08-07,SANTA FE AV. 4650,-58.425858,-34.578448,Comuna 14,calle_avenida,este,6553.0
2024-08-07,CORDOBA AV. 1431,-58.387335,-34.599232,Comuna 2,Carriles Exclusivos,oeste,6534.0
2024-08-07,PUEYRREDON AV. 459,-58.405495,-34.60505,Comuna 3,Carriles Exclusivos,norte,6415.0
2024-08-07,MOSCONI GENERAL AV. 3000,-58.50334,-34.587077,Comuna 12,calle_avenida,norte,6264.0
2024-08-07,LARREA 477,-58.402156,-34.603736,Comuna 3,calle_avenida,norte,5886.0
2024-08-07,PUEYRREDON AV. 768,-58.404705,-34.601207,Comuna 3,Carriles Exclusivos,sur,5797.0
2024-08-07,OLIVERA AV. 187,-58.487032,-34.637596,Comuna 10,calle_avenida,sur,5519.0
2024-08-07,CORDOBA AV. 2523,-58.402911,-34.59879,Comuna 2,Carriles Exclusivos,oeste,5513.0
2024-08-07,CORDOBA AV. 1749,-58.392148,-34.599512,Comuna 2,Carriles Exclusivos,oeste,5505.0
2024-08-07,PASEO COLON AV. 400,-58.368952,-34.612207,Comuna 1,calle_avenida,norte,5452.0
2024-08-07,"DE LA TORRE, LISANDRO 663",-58.520368,-34.646059,Comuna 9,calle_avenida,sur,5368.0
2024-08-07,ENTRE RIOS AV. 926,-58.391557,-34.619431,Comuna 1,Carriles Exclusivos,norte,5318.0
2024-08-07,PUEYRREDON AV. 870,-58.404389,-34.600218,Comuna 3,Carriles Exclusivos,sur,5288.0
2024-08-07,LAS HERAS GENERAL AV. 1870,-58.392633,-34.591284,Comuna 2,Carriles Exclusivos,este,5213.0
2024-08-07,SANTA FE AV. 1483,-58.388215,-34.595676,Comuna 2,Carriles Exclusivos,oeste,5099.0
2024-08-07,"ROCA, CNEL. AV. 5870",-58.460539,-34.689402,Comuna 8,calle_avenida,este,4898.0
2024-08-07,CASEROS AV. 3020,-58.406358,-34.637334,Comuna 4,calle_avenida,este,4488.0
2024-08-07,RIVADAVIA AV. 6626,-58.459176,-34.62777,Comuna 7,calle_avenida,este,4424.0
2024-08-07,"LIMA ESTE Y GARAY, JUAN DE",-58.382235,-34.626842,Comuna 1,calle_avenida,sur,4293.0
2024-08-07,LAS HERAS GENERAL AV. 2252,-58.396535,-34.588012,Comuna 2,Carriles Exclusivos,este,4266.0
2024-08-07,ENTRE RIOS AV. 678,-58.391572,-34.616551,Comuna 1,Carriles Exclusivos,norte,3603.0
2024-08-07,VUELTA DE OBLIGADO 2179,-58.456328,-34.560704,Comuna 13,calle_avenida,norte,3544.0
2024-08-07,VARELA AV. 2779,-58.438057,-34.655973,Comuna 8,calle_avenida,sur,3290.0
2024-08-07,CORDOBA AV. 1147,-58.383217,-34.599039,Comuna 1,Carriles Exclusivos,oeste,3153.0
2024-08-07,LIMA OESTE 1524,-58.382189,-34.6262,Comuna 1,calle_avenida,norte,1982.0
2024-08-07,"AU 25 DE MAYO (AU10), SENTIDO CENTRO (ASCENDENTE), PK: 6+301",-58.40283,-34.625953,Comuna 3,Autopista,este,1718.0
2024-08-07,AU. PERITO MORENO - SENTIDO PROVINCIA - PK 0+701,-58.522022,-34.636805,Comuna 9,Autopista,oeste,1450.0
2024-08-07,CORDOBA AV. 3143,-58.410998,-34.597969,Comuna 2,Carriles Exclusivos,oeste,98.0
2024-08-14,FOREST AV. 634,-58.454309,-34.584925,Comuna 15,calle_avenida,sur,34973.0
2024-08-14,CORDOBA AV. 4570,-58.429776,-34.594591,Comuna 15,calle_avenida,oeste,33278.0
2024-08-14,GAONA AV. 2300,-58.459429,-34.613877,Comuna 6,calle_avenida,oeste,32747.0
2024-08-14,CORRIENTES AV. 5220,-58.439127,-34.59969,Comuna 15,calle_avenida,este,31206.0
2024-08-14,CALLAO AV. 858,-58.39311,-34.599002,Comuna 2,calle_avenida,norte,30309.0
2024-08-14,AU. 25 DE MAYO - SENTIDO PROVINCIA - PK 2+701,-58.439777,-34.631321,Comuna 7,Autopista,oeste,29059.0
2024-08-14,AU. 25 DE MAYO - SENTIDO PROVINCIA - PK 1+261,-58.454008,-34.637039,Comuna 7,Autopista,oeste,28351.0
2024-08-14,CALLAO AV. 1588,-58.391201,-34.591009,Comuna 2,calle_avenida,norte,27337.0
2024-08-14,DEL LIBERTADOR AV. 5722,-58.445603,-34.55931,Comuna 13,calle_avenida,sur,27045.0
2024-08-14,ALVAREZ THOMAS AV. 1294,-58.459831,-34.578312,Comuna 13,calle_avenida,oeste,26595.0
2024-08-14,CORDOBA AV. 1980,-58.395434,-34.599776,Comuna 3,calle_avenida,oeste,24672.0
2024-08-14,AVELLANEDA AV. 1825,-58.456423,-34.621237,Comuna 7,calle_avenida,este,24162.0
2024-08-14,PUEYRREDON AV. 214,-58.406212,-34.607467,Comuna 3,calle_avenida,sur,24104.0
2024-08-14,ENTRE RIOS AV. 326,-58.391646,-34.613,Comuna 1,calle_avenida,norte,23913.0
2024-08-14,CORDOBA AV. 4471,-58.428774,-34.594989,Comuna 14,calle_avenida,oeste,23563.0
2024-08-14,RIVADAVIA AV. 9618,-58.499769,-34.637578,Comuna 10,calle_avenida,este,22480.0
2024-08-14,TRIUNVIRATO AV. 4520,-58.4848,-34.575403,Comuna 12,calle_avenida,este,21355.0
2024-08-14,"ALBERDI, JUAN BAUTISTA AV. 890",-58.440541,-34.623013,Comuna 6,calle_avenida,oeste,21032.0
2024-08-14,CORRIENTES AV. 6210,-58.448402,-34.591075,Comuna 15,calle_avenida,este,20470.0
2024-08-14,CORRIENTES AV. 3022,-58.408125,-34.604302,Comuna 3,calle_avenida,este,20016.0
2024-08-14,BELGRANO AV. 3218,-58.411416,-34.615436,Comuna 3,calle_avenida,este,19813.0
2024-08-14,"SCALABRINI ORTIZ, RAUL AV. 1385",-58.427003,-34.592379,Comuna 14,calle_avenida,este,19006.0
2024-08-14,SAN JUAN AV. 1119,-58.381832,-34.622096,Comuna 1,calle_avenida,este,18532.0
2024-08-14,ENTRE RIOS AV. 1818,-58.390787,-34.629623,Comuna 1,calle_avenida,norte,18195.0
2024-08-14,INDEPENDENCIA AV. 2086,-58.395712,-34.618449,Comuna 3,calle_avenida,oeste,17859.0
2024-08-14,SAN MARTIN AV. 1844,-58.454414,-34.605652,Comuna 6,calle_avenida,este,17698.0
2024-08-14,"LACROZE, FEDERICO AV. 4199",-58.455081,-34.587105,Comuna 15,calle_avenida,sur,17401.0
2024-08-14,BELGRANO AV. 324,-58.370911,-34.61249,Comuna 1,calle_avenida,este,17262.0
2024-08-14,INDEPENDENCIA AV. 1784,-58.391307,-34.618226,Comuna 1,calle_avenida,oeste,16812.0
2024-08-14,BOEDO AV. 965,-58.416231,-34.624996,Comuna 5,calle_avenida,sur,16310.0
2024-08-14,RIVADAVIA AV. 2775,-58.405518,-34.610013,Comuna 3,calle_avenida,oeste,16076.0
2024-08-14,SANTA FE AV. 2622,-58.403884,-34.594047,Comuna 2,calle_avenida,este,15819.0
2024-08-14,"GARAY, JUAN DE AV. 1769",-58.390037,-34.627139,Comuna 1,calle_avenida,oeste,15779.0
2024-08-14,PASEO COLON AV. 753,-58.369509,-34.616769,Comuna 1,calle_avenida,sur,15325.0
2024-08-14,PUEYRREDON AV. 1418,-58.402311,-34.594121,Comuna 2,calle_avenida,sur,14945.0
2024-08-14,CABILDO AV. 1716,-58.453855,-34.565367,Comuna 13,calle_avenida,sur,14317.0
2024-08-14,LIMA 1365,-58.381495,-34.624262,Comuna 1,calle_avenida,sur,14248.0
2024-08-14,LAS HERAS GENERAL AV. 2289,-58.396838,-34.587651,Comuna 2,calle_avenida,oeste,13325.0
2024-08-14,LIMA 281,-58.381872,-34.611723,Comuna 1,calle_avenida,sur,12610.0
2024-08-14,SUAREZ 1635,-58.373758,-34.638502,Comuna 4,calle_avenida,este,12380.0
2024-08-14,VEDIA 3438,-58.86039,-34.544242,Comuna 12,calle_avenida,este,12083.0
2024-08-14,RIVADAVIA AV. 7218,-58.467187,-34.630203,Comuna 7,calle_avenida,este,12062.0
2024-08-14,CORDOBA AV. 3329,-58.413685,-34.597847,Comuna 2,Carriles Exclusivos,oeste,11385.0
2024-08-14,RIVADAVIA AV. 4987,-58.43608,-34.618047,Comuna 6,calle_avenida,oeste,10754.0
2024-08-14,CORDOBA AV. 2149,-58.398175,-34.599668,Comuna 2,Carriles Exclusivos,oeste,10251.0
2024-08-14,"LACROZE, FEDERICO AV. 2462",-58.445413,-34.571098,Comuna 13,calle_avenida,norte,10214.0
2024-08-14,"RABANAL, FRANCISCO, INTENDENTE AV. 1323",-58.417658,-34.654886,Comuna 4,calle_avenida,oeste,10184.0
2024-08-14,AVELLANEDA AV. 2924,-58.471929,-34.626563,Comuna 7,calle_avenida,este,9700.0
2024-08-14,CORDOBA AV. 2801,-58.407164,-34.597965,Comuna 2,Carriles Exclusivos,oeste,9557.0
2024-08-14,CORDOBA AV. 3647,-58.417813,-34.597727,Comuna 14,Carriles Exclusivos,oeste,8997.0
2024-08-14,"ALEM, LEANDRO N. AV. 518",-58.370691,-34.601595,Comuna 1,calle_avenida,sur,8839.0
2024-08-14,"JUSTO, JUAN B. AV. 4781",-58.466338,-34.610364,Comuna 11,calle_avenida,oeste,8732.0
2024-08-14,CALLAO AV. 337,-58.392133,-34.605181,Comuna 1,Carriles Exclusivos,norte,8446.0
2024-08-14,"MONTES DE OCA, MANUEL AV. 1685",-58.373211,-34.646401,Comuna 4,calle_avenida,sur,8384.0
2024-08-14,RIVADAVIA AV. 10524,-58.511786,-34.639436,Comuna 9,calle_avenida,este,8370.0
2024-08-14,PUEYRREDON AV. 350,-58.405942,-34.606096,Comuna 3,Carriles Exclusivos,sur,8186.0
2024-08-14,RIVADAVIA AV. 7420,-58.469991,-34.630911,Comuna 7,calle_avenida,este,8158.0
2024-08-14,ROSARIO 21,-58.429075,-34.618311,Comuna 6,calle_avenida,este,7932.0
2024-08-14,VERTIZ VIRREY AV. 2010,-58.449507,-34.559083,Comuna 13,calle_avenida,sur,7624.0
2024-08-14,"PERON, JUAN DOMINGO, TTE. GENERAL 2687",-58.404461,-34.607561,Comuna 3,calle_avenida,oeste,7597.0
2024-08-14,ENTRE RIOS AV. 182,-58.391718,-34.611145,Comuna 1,Carriles Exclusivos,norte,7272.0
2024-08-14,LARREA 477,-58.402156,-34.603736,Comuna 3,calle_avenida,norte,7268.0
2024-08-14,"BEIRO, FRANCISCO AV. 2875",-58.494038,-34.594803,Comuna 15,calle_avenida,oeste,7144.0
2024-08-14,SANTA FE AV. 4650,-58.425858,-34.578448,Comuna 14,calle_avenida,este,7079.0
2024-08-14,SANTA FE AV. 3889,-58.418132,-34.583669,Comuna 14,Carriles Exclusivos,oeste,7006.0
2024-08-14,PASEO COLON AV. 400,-58.368952,-34.612207,Comuna 1,calle_avenida,norte,6880.0
2024-08-14,PUEYRREDON AV. 367,-58.40571,-34.605973,Comuna 3,Carriles Exclusivos,norte,6753.0
2024-08-14,PUEYRREDON AV. 459,-58.405495,-34.60505,Comuna 3,Carriles Exclusivos,norte,6724.0
2024-08-14,CALLAO AV. 681,-58.392623,-34.601114,Comuna 1,Carriles Exclusivos,norte,6458.0
2024-08-14,CORDOBA AV. 1431,-58.387335,-34.599232,Comuna 2,Carriles Exclusivos,oeste,6368.0
2024-08-14,MOSCONI GENERAL AV. 3000,-58.50334,-34.587077,Comuna 12,calle_avenida,norte,6139.0
2024-08-14,CORDOBA AV. 2523,-58.402911,-34.59879,Comuna 2,Carriles Exclusivos,oeste,5983.0
2024-08-14,PUEYRREDON AV. 768,-58.404705,-34.601207,Comuna 3,Carriles Exclusivos,sur,5853.0
2024-08-14,CORDOBA AV. 3143,-58.410998,-34.597969,Comuna 2,Carriles Exclusivos,oeste,5834.0
2024-08-14,OLIVERA AV. 187,-58.487032,-34.637596,Comuna 10,calle_avenida,sur,5609.0
2024-08-14,ENTRE RIOS AV. 926,-58.391557,-34.619431,Comuna 1,Carriles Exclusivos,norte,5550.0
2024-08-14,CORDOBA AV. 1749,-58.392148,-34.599512,Comuna 2,Carriles Exclusivos,oeste,5421.0
2024-08-14,"DE LA TORRE, LISANDRO 663",-58.520368,-34.646059,Comuna 9,calle_avenida,sur,5313.0
2024-08-14,PUEYRREDON AV. 870,-58.404389,-34.600218,Comuna 3,Carriles Exclusivos,sur,5272.0
2024-08-14,LAS HERAS GENERAL AV. 1870,-58.392633,-34.591284,Comuna 2,Carriles Exclusivos,este,5226.0
2024-08-14,"LIMA ESTE Y GARAY, JUAN DE",-58.382235,-34.626842,Comuna 1,calle_avenida,sur,4834.0
2024-08-14,SANTA FE AV. 1483,-58.388215,-34.595676,Comuna 2,Carriles Exclusivos,oeste,4805.0
2024-08-14,LAS HERAS GENERAL AV. 2252,-58.396535,-34.588012,Comuna 2,Carriles Exclusivos,este,4743.0
2024-08-14,"ROCA, CNEL. AV. 5870",-58.460539,-34.689402,Comuna 8,calle_avenida,este,4740.0
2024-08-14,CASEROS AV. 3020,-58.406358,-34.637334,Comuna 4,calle_avenida,este,4624.0
2024-08-14,RIVADAVIA AV. 6626,-58.459176,-34.62777,Comuna 7,calle_avenida,este,4249.0
2024-08-14,ENTRE RIOS AV. 678,-58.391572,-34.616551,Comuna 1,Carriles Exclusivos,norte,3619.0
2024-08-14,VUELTA DE OBLIGADO 2179,-58.456328,-34.560704,Comuna 13,calle_avenida,norte,3516.0
2024-08-14,VARELA AV. 2779,-58.438057,-34.655973,Comuna 8,calle_avenida,sur,3311.0
2024-08-14,CORDOBA AV. 1147,-58.383217,-34.599039,Comuna 1,Carriles Exclusivos,oeste,3078.0
2024-08-14,LIMA OESTE 1524,-58.382189,-34.6262,Comuna 1,calle_avenida,norte,1925.0
2024-08-14,"AU 25 DE MAYO (AU10), SENTIDO CENTRO (ASCENDENTE), PK: 6+301",-58.40283,-34.625953,Comuna 3,Autopista,este,1633.0
2024-08-21,AU. 25 DE MAYO - SENTIDO PROVINCIA - PK 2+701,-58.439777,-34.631321,Comuna 7,Autopista,oeste,33689.0
2024-08-21,FOREST AV. 634,-58.454309,-34.584925,Comuna 15,calle_avenida,sur,33223.0
2024-08-21,GAONA AV. 2300,-58.459429,-34.613877,Comuna 6,calle_avenida,oeste,32227.0
2024-08-21,CORRIENTES AV. 5220,-58.439127,-34.59969,Comuna 15,calle_avenida,este,32087.0
2024-08-21,CORDOBA AV. 4570,-58.429776,-34.594591,Comuna 15,calle_avenida,oeste,31405.0
2024-08-21,CALLAO AV. 858,-58.39311,-34.599002,Comuna 2,calle_avenida,norte,30716.0
2024-08-21,AU. 25 DE MAYO - SENTIDO PROVINCIA - PK 1+261,-58.454008,-34.637039,Comuna 7,Autopista,oeste,29652.0
2024-08-21,CALLAO AV. 1588,-58.391201,-34.591009,Comuna 2,calle_avenida,norte,27704.0
2024-08-21,ALVAREZ THOMAS AV. 1294,-58.459831,-34.578312,Comuna 13,calle_avenida,oeste,26596.0
2024-08-21,DEL LIBERTADOR AV. 5722,-58.445603,-34.55931,Comuna 13,calle_avenida,sur,24643.0
2024-08-21,ENTRE RIOS AV. 326,-58.391646,-34.613,Comuna 1,calle_avenida,norte,24133.0
2024-08-21,AVELLANEDA AV. 1825,-58.456423,-34.621237,Comuna 7,calle_avenida,este,24047.0
2024-08-21,CORDOBA AV. 1980,-58.395434,-34.599776,Comuna 3,calle_avenida,oeste,23761.0
2024-08-21,PUEYRREDON AV. 214,-58.406212,-34.607467,Comuna 3,calle_avenida,sur,23574.0
2024-08-21,CORRIENTES AV. 3022,-58.408125,-34.604302,Comuna 3,calle_avenida,este,22886.0
2024-08-21,"ALBERDI, JUAN BAUTISTA AV. 890",-58.440541,-34.623013,Comuna 6,calle_avenida,oeste,22052.0
2024-08-21,RIVADAVIA AV. 9618,-58.499769,-34.637578,Comuna 10,calle_avenida,este,21775.0
2024-08-21,CORDOBA AV. 4471,-58.428774,-34.594989,Comuna 14,calle_avenida,oeste,20182.0
2024-08-21,TRIUNVIRATO AV. 4520,-58.4848,-34.575403,Comuna 12,calle_avenida,este,20157.0
2024-08-21,"SCALABRINI ORTIZ, RAUL AV. 1385",-58.427003,-34.592379,Comuna 14,calle_avenida,este,19266.0
2024-08-21,CORRIENTES AV. 6210,-58.448402,-34.591075,Comuna 15,calle_avenida,este,19108.0
2024-08-21,ENTRE RIOS AV. 1818,-58.390787,-34.629623,Comuna 1,calle_avenida,norte,18599.0
2024-08-21,BELGRANO AV. 3218,-58.411416,-34.615436,Comuna 3,calle_avenida,este,17549.0
2024-08-21,"LACROZE, FEDERICO AV. 4199",-58.455081,-34.587105,Comuna 15,calle_avenida,sur,16909.0
2024-08-21,BELGRANO AV. 324,-58.370911,-34.61249,Comuna 1,calle_avenida,este,16333.0
2024-08-21,RIVADAVIA AV. 2775,-58.405518,-34.610013,Comuna 3,calle_avenida,oeste,16195.0
2024-08-21,SANTA FE AV. 2622,-58.403884,-34.594047,Comuna 2,calle_avenida,este,15938.0
2024-08-21,SAN MARTIN AV. 1844,-58.454414,-34.605652,Comuna 6,calle_avenida,este,15684.0
2024-08-21,BOEDO AV. 965,-58.416231,-34.624996,Comuna 5,calle_avenida,sur,15525.0
2024-08-21,"GARAY, JUAN DE AV. 1769",-58.390037,-34.627139,Comuna 1,calle_avenida,oeste,14422.0
2024-08-21,INDEPENDENCIA AV. 2086,-58.395712,-34.618449,Comuna 3,calle_avenida,oeste,14347.0
2024-08-21,VEDIA 3438,-58.86039,-34.544242,Comuna 12,calle_avenida,este,14252.0
2024-08-21,PUEYRREDON AV. 1418,-58.402311,-34.594121,Comuna 2,calle_avenida,sur,14207.0
2024-08-21,SAN JUAN AV. 1119,-58.381832,-34.622096,Comuna 1,calle_avenida,este,13890.0
2024-08-21,CABILDO AV. 1716,-58.453855,-34.565367,Comuna 13,calle_avenida,sur,13868.0
2024-08-21,LAS HERAS GENERAL AV. 2289,-58.396838,-34.587651,Comuna 2,calle_avenida,oeste,13297.0
2024-08-21,LIMA 1365,-58.381495,-34.624262,Comuna 1,calle_avenida,sur,13085.0
2024-08-21,INDEPENDENCIA AV. 1784,-58.391307,-34.618226,Comuna 1,calle_avenida,oeste,12307.0
2024-08-21,RIVADAVIA AV. 7218,-58.467187,-34.630203,Comuna 7,calle_avenida,este,12129.0
2024-08-21,"DE IRIGIOYEN, BERNARDO 1026",-58.3799,-34.62006,Comuna 1,calle_avenida,norte,11973.0
2024-08-21,SUAREZ 1635,-58.373758,-34.638502,Comuna 4,calle_avenida,este,11588.0
2024-08-21,AU. PERITO MORENO - SENTIDO PROVINCIA - PK 0+701,-58.522022,-34.636805,Comuna 9,Autopista,oeste,11498.0
2024-08-21,PASEO COLON AV. 753,-58.369509,-34.616769,Comuna 1,calle_avenida,sur,11332.0
2024-08-21,AVELLANEDA AV. 2924,-58.471929,-34.626563,Comuna 7,calle_avenida,este,10858.0
2024-08-21,CORDOBA AV. 3329,-58.413685,-34.597847,Comuna 2,Carriles Exclusivos,oeste,10814.0
2024-08-21,LIMA 281,-58.381872,-34.611723,Comuna 1,calle_avenida,sur,10488.0
2024-08-21,NAZCA AV. 479,-58.471328,-34.626678,Comuna 7,calle_avenida,norte,10398.0
2024-08-21,"LACROZE, FEDERICO AV. 2462",-58.445413,-34.571098,Comuna 13,calle_avenida,norte,9917.0
2024-08-21,"JUSTO, JUAN B. AV. 4781",-58.466338,-34.610364,Comuna 11,calle_avenida,oeste,9904.0
2024-08-21,"RABANAL, FRANCISCO, INTENDENTE AV. 1323",-58.417658,-34.654886,Comuna 4,calle_avenida,oeste,9501.0
2024-08-21,CORDOBA AV. 2149,-58.398175,-34.599668,Comuna 2,Carriles Exclusivos,oeste,9417.0
2024-08-21,RIVADAVIA AV. 4987,-58.43608,-34.618047,Comuna 6,calle_avenida,oeste,9186.0
2024-08-21,CORDOBA AV. 2801,-58.407164,-34.597965,Comuna 2,Carriles Exclusivos,oeste,9034.0
2024-08-21,CALLAO AV. 337,-58.392133,-34.605181,Comuna 1,Carriles Exclusivos,norte,8772.0
2024-08-21,RIVADAVIA AV. 10524,-58.511786,-34.639436,Comuna 9,calle_avenida,este,8674.0
2024-08-21,CORDOBA AV. 3647,-58.417813,-34.597727,Comuna 14,Carriles Exclusivos,oeste,8559.0
2024-08-21,PUEYRREDON AV. 350,-58.405942,-34.606096,Comuna 3,Carriles Exclusivos,sur,8050.0
2024-08-21,"MONTES DE OCA, MANUEL AV. 1685",-58.373211,-34.646401,Comuna 4,calle_avenida,sur,7918.0
2024-08-21,VERTIZ VIRREY AV. 2010,-58.449507,-34.559083,Comuna 13,calle_avenida,sur,7803.0
2024-08-21,RIVADAVIA AV. 7420,-58.469991,-34.630911,Comuna 7,calle_avenida,este,7796.0
2024-08-21,CALLAO AV. 681,-58.392623,-34.601114,Comuna 1,Carriles Exclusivos,norte,7463.0
2024-08-21,SANTA FE AV. 4650,-58.425858,-34.578448,Comuna 14,calle_avenida,este,7252.0
2024-08-21,"PERON, JUAN DOMINGO, TTE. GENERAL 2687",-58.404461,-34.607561,Comuna 3,calle_avenida,oeste,7246.0
2024-08-21,SANTA FE AV. 3889,-58.418132,-34.583669,Comuna 14,Carriles Exclusivos,oeste,7194.0
2024-08-21,"BEIRO, FRANCISCO AV. 2875",-58.494038,-34.594803,Comuna 15,calle_avenida,oeste,7160.0
2024-08-21,ENTRE RIOS AV. 182,-58.391718,-34.611145,Comuna 1,Carriles Exclusivos,norte,6918.0
2024-08-21,LARREA 477,-58.402156,-34.603736,Comuna 3,calle_avenida,norte,6860.0
2024-08-21,CORDOBA AV. 1431,-58.387335,-34.599232,Comuna 2,Carriles Exclusivos,oeste,6809.0
2024-08-21,ROSARIO 21,-58.429075,-34.618311,Comuna 6,calle_avenida,este,6384.0
2024-08-21,PUEYRREDON AV. 367,-58.40571,-34.605973,Comuna 3,Carriles Exclusivos,norte,6250.0
2024-08-21,PUEYRREDON AV. 459,-58.405495,-34.60505,Comuna 3,Carriles Exclusivos,norte,6240.0
2024-08-21,PASEO COLON AV. 400,-58.368952,-34.612207,Comuna 1,calle_avenida,norte,5651.0
2024-08-21,PUEYRREDON AV. 870,-58.404389,-34.600218,Comuna 3,Carriles Exclusivos,sur,5628.0
2024-08-21,CORDOBA AV. 3143,-58.410998,-34.597969,Comuna 2,Carriles Exclusivos,oeste,5448.0
2024-08-21,MOSCONI GENERAL AV. 3000,-58.50334,-34.587077,Comuna 12,calle_avenida,norte,5418.0
2024-08-21,PUEYRREDON AV. 768,-58.404705,-34.601207,Comuna 3,Carriles Exclusivos,sur,5334.0
2024-08-21,CORDOBA AV. 1749,-58.392148,-34.599512,Comuna 2,Carriles Exclusivos,oeste,5218.0
2024-08-21,ENTRE RIOS AV. 926,-58.391557,-34.619431,Comuna 1,Carriles Exclusivos,norte,5087.0
2024-08-21,OLIVERA AV. 187,-58.487032,-34.637596,Comuna 10,calle_avenida,sur,4970.0
2024-08-21,LAS HERAS GENERAL AV. 1870,-58.392633,-34.591284,Comuna 2,Carriles Exclusivos,este,4907.0
2024-08-21,CORDOBA AV. 2523,-58.402911,-34.59879,Comuna 2,Carriles Exclusivos,oeste,4835.0
2024-08-21,SANTA FE AV. 1483,-58.388215,-34.595676,Comuna 2,Carriles Exclusivos,oeste,4769.0
2024-08-21,"DE LA TORRE, LISANDRO 663",-58.520368,-34.646059,Comuna 9,calle_avenida,sur,4742.0
2024-08-21,RIVADAVIA AV. 6626,-58.459176,-34.62777,Comuna 7,calle_avenida,este,4375.0
2024-08-21,LAS HERAS GENERAL AV. 2252,-58.396535,-34.588012,Comuna 2,Carriles Exclusivos,este,4352.0
2024-08-21,"ROCA, CNEL. AV. 5870",-58.460539,-34.689402,Comuna 8,calle_avenida,este,4273.0
2024-08-21,CASEROS AV. 3020,-58.406358,-34.637334,Comuna 4,calle_avenida,este,4043.0
2024-08-21,VUELTA DE OBLIGADO 2179,-58.456328,-34.560704,Comuna 13,calle_avenida,norte,3891.0
2024-08-21,"LIMA ESTE Y GARAY, JUAN DE",-58.382235,-34.626842,Comuna 1,calle_avenida,sur,3511.0
2024-08-21,ENTRE RIOS AV. 678,-58.391572,-34.616551,Comuna 1,Carriles Exclusivos,norte,3393.0
2024-08-21,VARELA AV. 2779,-58.438057,-34.655973,Comuna 8,calle_avenida,sur,3108.0
2024-08-21,CORDOBA AV. 1147,-58.383217,-34.599039,Comuna 1,Carriles Exclusivos,oeste,2982.0
2024-08-21,LIMA OESTE 1524,-58.382189,-34.6262,Comuna 1,calle_avenida,norte,2163.0
2024-08-21,"AU 25 DE MAYO (AU10), SENTIDO CENTRO (ASCENDENTE), PK: 6+301",-58.40283,-34.625953,Comuna 3,Autopista,este,1678.0
2024-08-21,"ALEM, LEANDRO N. AV. 518",-58.370691,-34.601595,Comuna 1,calle_avenida,sur,309.0
2024-08-28,FOREST AV. 634,-58.454309,-34.584925,Comuna 15,calle_avenida,sur,35617.0
2024-08-28,CORDOBA AV. 4570,-58.429776,-34.594591,Comuna 15,calle_avenida,oeste,32699.0
2024-08-28,GAONA AV. 2300,-58.459429,-34.613877,Comuna 6,calle_avenida,oeste,32581.0
2024-08-28,CORRIENTES AV. 5220,-58.439127,-34.59969,Comuna 15,calle_avenida,este,31148.0
2024-08-28,CALLAO AV. 858,-58.39311,-34.599002,Comuna 2,calle_avenida,norte,31115.0
2024-08-28,AU. 25 DE MAYO - SENTIDO PROVINCIA - PK 2+701,-58.439777,-34.631321,Comuna 7,Autopista,oeste,28416.0
2024-08-28,CALLAO AV. 1588,-58.391201,-34.591009,Comuna 2,calle_avenida,norte,28038.0
2024-08-28,ENTRE RIOS AV. 326,-58.391646,-34.613,Comuna 1,calle_avenida,norte,27398.0
2024-08-28,DEL LIBERTADOR AV. 5722,-58.445603,-34.55931,Comuna 13,calle_avenida,sur,26620.0
2024-08-28,CORDOBA AV. 1980,-58.395434,-34.599776,Comuna 3,calle_avenida,oeste,25929.0
2024-08-28,ALVAREZ THOMAS AV. 1294,-58.459831,-34.578312,Comuna 13,calle_avenida,oeste,24645.0
2024-08-28,AVELLANEDA AV. 1825,-58.456423,-34.621237,Comuna 7,calle_avenida,este,24492.0
2024-08-28,PUEYRREDON AV. 214,-58.406212,-34.607467,Comuna 3,calle_avenida,sur,24232.0
2024-08-28,AU. 25 DE MAYO - SENTIDO PROVINCIA - PK 1+261,-58.454008,-34.637039,Comuna 7,Autopista,oeste,23783.0
2024-08-28,CORDOBA AV. 4471,-58.428774,-34.594989,Comuna 14,calle_avenida,oeste,23142.0
2024-08-28,CORRIENTES AV. 3022,-58.408125,-34.604302,Comuna 3,calle_avenida,este,22310.0
2024-08-28,RIVADAVIA AV. 9618,-58.499769,-34.637578,Comuna 10,calle_avenida,este,22144.0
2024-08-28,"ALBERDI, JUAN BAUTISTA AV. 890",-58.440541,-34.623013,Comuna 6,calle_avenida,oeste,21345.0
2024-08-28,TRIUNVIRATO AV. 4520,-58.4848,-34.575403,Comuna 12,calle_avenida,este,20544.0
2024-08-28,CORRIENTES AV. 6210,-58.448402,-34.591075,Comuna 15,calle_avenida,este,20284.0
2024-08-28,BELGRANO AV. 3218,-58.411416,-34.615436,Comuna 3,calle_avenida,este,19750.0
2024-08-28,INDEPENDENCIA AV. 2086,-58.395712,-34.618449,Comuna 3,calle_avenida,oeste,19295.0
2024-08-28,"SCALABRINI ORTIZ, RAUL AV. 1385",-58.427003,-34.592379,Comuna 14,calle_avenida,este,19011.0
2024-08-28,"LACROZE, FEDERICO AV. 4199",-58.455081,-34.587105,Comuna 15,calle_avenida,sur,17204.0
2024-08-28,BELGRANO AV. 324,-58.370911,-34.61249,Comuna 1,calle_avenida,este,16958.0
2024-08-28,SAN MARTIN AV. 1844,-58.454414,-34.605652,Comuna 6,calle_avenida,este,16755.0
2024-08-28,ENTRE RIOS AV. 1818,-58.390787,-34.629623,Comuna 1,calle_avenida,norte,16670.0
2024-08-28,INDEPENDENCIA AV. 1784,-58.391307,-34.618226,Comuna 1,calle_avenida,oeste,16416.0
2024-08-28,BOEDO AV. 965,-58.416231,-34.624996,Comuna 5,calle_avenida,sur,16183.0
2024-08-28,PUEYRREDON AV. 1418,-58.402311,-34.594121,Comuna 2,calle_avenida,sur,15297.0
2024-08-28,"GARAY, JUAN DE AV. 1769",-58.390037,-34.627139,Comuna 1,calle_avenida,oeste,15279.0
2024-08-28,SAN JUAN AV. 1119,-58.381832,-34.622096,Comuna 1,calle_avenida,este,15167.0
2024-08-28,PASEO COLON AV. 753,-58.369509,-34.616769,Comuna 1,calle_avenida,sur,14971.0
2024-08-28,SANTA FE AV. 2622,-58.403884,-34.594047,Comuna 2,calle_avenida,este,14743.0
2024-08-28,RIVADAVIA AV. 2775,-58.405518,-34.610013,Comuna 3,calle_avenida,oeste,14708.0
2024-08-28,CABILDO AV. 1716,-58.453855,-34.565367,Comuna 13,calle_avenida,sur,13988.0
2024-08-28,LIMA 1365,-58.381495,-34.624262,Comuna 1,calle_avenida,sur,13764.0
2024-08-28,"DE IRIGIOYEN, BERNARDO 1026",-58.3799,-34.62006,Comuna 1,calle_avenida,norte,13484.0
2024-08-28,LIMA 281,-58.381872,-34.611723,Comuna 1,calle_avenida,sur,13470.0
2024-08-28,LAS HERAS GENERAL AV. 2289,-58.396838,-34.587651,Comuna 2,calle_avenida,oeste,13044.0
2024-08-28,VEDIA 3438,-58.86039,-34.544242,Comuna 12,calle_avenida,este,12006.0
2024-08-28,RIVADAVIA AV. 4987,-58.43608,-34.618047,Comuna 6,calle_avenida,oeste,11853.0
2024-08-28,SUAREZ 1635,-58.373758,-34.638502,Comuna 4,calle_avenida,este,11762.0
2024-08-28,AU. PERITO MORENO - SENTIDO PROVINCIA - PK 0+701,-58.522022,-34.636805,Comuna 9,Autopista,oeste,11616.0
2024-08-28,NAZCA AV. 479,-58.471328,-34.626678,Comuna 7,calle_avenida,norte,11468.0
2024-08-28,RIVADAVIA AV. 7218,-58.467187,-34.630203,Comuna 7,calle_avenida,este,11214.0
2024-08-28,CORDOBA AV. 3329,-58.413685,-34.597847,Comuna 2,Carriles Exclusivos,oeste,11176.0
2024-08-28,"LACROZE, FEDERICO AV. 2462",-58.445413,-34.571098,Comuna 13,calle_avenida,norte,10160.0
2024-08-28,"JUSTO, JUAN B. AV. 4781",-58.466338,-34.610364,Comuna 11,calle_avenida,oeste,10111.0
2024-08-28,CORDOBA AV. 2149,-58.398175,-34.599668,Comuna 2,Carriles Exclusivos,oeste,9942.0
2024-08-28,AVELLANEDA AV. 2924,-58.471929,-34.626563,Comuna 7,calle_avenida,este,9629.0
2024-08-28,"RABANAL, FRANCISCO, INTENDENTE AV. 1323",-58.417658,-34.654886,Comuna 4,calle_avenida,oeste,9082.0
2024-08-28,PUEYRREDON AV. 350,-58.405942,-34.606096,Comuna 3,Carriles Exclusivos,sur,8886.0
2024-08-28,CORDOBA AV. 2801,-58.407164,-34.597965,Comuna 2,Carriles Exclusivos,oeste,8872.0
2024-08-28,CORDOBA AV. 3647,-58.417813,-34.597727,Comuna 14,Carriles Exclusivos,oeste,8812.0
2024-08-28,CALLAO AV. 337,-58.392133,-34.605181,Comuna 1,Carriles Exclusivos,norte,8641.0
2024-08-28,RIVADAVIA AV. 7420,-58.469991,-34.630911,Comuna 7,calle_avenida,este,8446.0
2024-08-28,"ALEM, LEANDRO N. AV. 518",-58.370691,-34.601595,Comuna 1,calle_avenida,sur,8436.0
2024-08-28,"MONTES DE OCA, MANUEL AV. 1685",-58.373211,-34.646401,Comuna 4,calle_avenida,sur,7705.0
2024-08-28,"PERON, JUAN DOMINGO, TTE. GENERAL 2687",-58.404461,-34.607561,Comuna 3,calle_avenida,oeste,7660.0
2024-08-28,LARREA 477,-58.402156,-34.603736,Comuna 3,calle_avenida,norte,7462.0
2024-08-28,ROSARIO 21,-58.429075,-34.618311,Comuna 6,calle_avenida,este,7375.0
2024-08-28,RIVADAVIA AV. 10524,-58.511786,-34.639436,Comuna 9,calle_avenida,este,7260.0
2024-08-28,ENTRE RIOS AV. 182,-58.391718,-34.611145,Comuna 1,Carriles Exclusivos,norte,6764.0
2024-08-28,"BEIRO, FRANCISCO AV. 2875",-58.494038,-34.594803,Comuna 15,calle_avenida,oeste,6653.0
2024-08-28,SANTA FE AV. 3889,-58.418132,-34.583669,Comuna 14,Carriles Exclusivos,oeste,6556.0
2024-08-28,CALLAO AV. 681,-58.392623,-34.601114,Comuna 1,Carriles Exclusivos,norte,6355.0
2024-08-28,CORDOBA AV. 1431,-58.387335,-34.599232,Comuna 2,Carriles Exclusivos,oeste,6343.0
2024-08-28,VERTIZ VIRREY AV. 2010,-58.449507,-34.559083,Comuna 13,calle_avenida,sur,6330.0
2024-08-28,PUEYRREDON AV. 459,-58.405495,-34.60505,Comuna 3,Carriles Exclusivos,norte,6290.0
2024-08-28,SANTA FE AV. 4650,-58.425858,-34.578448,Comuna 14,calle_avenida,este,6047.0
2024-08-28,PUEYRREDON AV. 367,-58.40571,-34.605973,Comuna 3,Carriles Exclusivos,norte,5807.0
2024-08-28,PASEO COLON AV. 400,-58.368952,-34.612207,Comuna 1,calle_avenida,norte,5746.0
2024-08-28,MOSCONI GENERAL AV. 3000,-58.50334,-34.587077,Comuna 12,calle_avenida,norte,5726.0
2024-08-28,PUEYRREDON AV. 768,-58.404705,-34.601207,Comuna 3,Carriles Exclusivos,sur,5702.0
2024-08-28,OLIVERA AV. 187,-58.487032,-34.637596,Comuna 10,calle_avenida,sur,5687.0
2024-08-28,CORDOBA AV. 3143,-58.410998,-34.597969,Comuna 2,Carriles Exclusivos,oeste,5601.0
2024-08-28,ENTRE RIOS AV. 926,-58.391557,-34.619431,Comuna 1,Carriles Exclusivos,norte,5430.0
2024-08-28,CORDOBA AV. 1749,-58.392148,-34.599512,Comuna 2,Carriles Exclusivos,oeste,5421.0
2024-08-28,CORDOBA AV. 2523,-58.402911,-34.59879,Comuna 2,Carriles Exclusivos,oeste,5301.0
2024-08-28,"DE LA TORRE, LISANDRO 663",-58.520368,-34.646059,Comuna 9,calle_avenida,sur,5185.0
2024-08-28,PUEYRREDON AV. 870,-58.404389,-34.600218,Comuna 3,Carriles Exclusivos,sur,5145.0
2024-08-28,SANTA FE AV. 1483,-58.388215,-34.595676,Comuna 2,Carriles Exclusivos,oeste,5136.0
2024-08-28,LAS HERAS GENERAL AV. 1870,-58.392633,-34.591284,Comuna 2,Carriles Exclusivos,este,5109.0
2024-08-28,"ROCA, CNEL. AV. 5870",-58.460539,-34.689402,Comuna 8,calle_avenida,este,4936.0
2024-08-28,RIVADAVIA AV. 6626,-58.459176,-34.62777,Comuna 7,calle_avenida,este,4854.0
2024-08-28,LAS HERAS GENERAL AV. 2252,-58.396535,-34.588012,Comuna 2,Carriles Exclusivos,este,4769.0
2024-08-28,"LIMA ESTE Y GARAY, JUAN DE",-58.382235,-34.626842,Comuna 1,calle_avenida,sur,4497.0
2024-08-28,ENTRE RIOS AV. 678,-58.391572,-34.616551,Comuna 1,Carriles Exclusivos,norte,3766.0
2024-08-28,CASEROS AV. 3020,-58.406358,-34.637334,Comuna 4,calle_avenida,este,3627.0
2024-08-28,VARELA AV. 2779,-58.438057,-34.655973,Comuna 8,calle_avenida,sur,3216.0
2024-08-28,CORDOBA AV. 1147,-58.383217,-34.599039,Comuna 1,Carriles Exclusivos,oeste,3122.0
2024-08-28,VUELTA DE OBLIGADO 2179,-58.456328,-34.560704,Comuna 13,calle_avenida,norte,3105.0
2024-08-28,LIMA OESTE 1524,-58.382189,-34.6262,Comuna 1,calle_avenida,norte,1920.0
2024-08-28,"AU 25 DE MAYO (AU10), SENTIDO CENTRO (ASCENDENTE), PK: 6+301",-58.40283,-34.625953,Comuna 3,Autopista,este,1561.0
2024-09-04,FOREST AV. 634,-58.454309,-34.584925,Comuna 15,calle_avenida,sur,35279.0
2024-09-04,CORDOBA AV. 4570,-58.429776,-34.594591,Comuna 15,calle_avenida,oeste,33044.0
2024-09-04,GAONA AV. 2300,-58.459429,-34.613877,Comuna 6,calle_avenida,oeste,32710.0
2024-09-04,AU. 25 DE MAYO - SENTIDO PROVINCIA - PK 2+701,-58.439777,-34.631321,Comuna 7,Autopista,oeste,32188.0
2024-09-04,CORRIENTES AV. 5220,-58.439127,-34.59969,Comuna 15,calle_avenida,este,31515.0
2024-09-04,CALLAO AV. 1588,-58.391201,-34.591009,Comuna 2,calle_avenida,norte,28803.0
2024-09-04,DEL LIBERTADOR AV. 5722,-58.445603,-34.55931,Comuna 13,calle_avenida,sur,27620.0
2024-09-04,AU. 25 DE MAYO - SENTIDO PROVINCIA - PK 1+261,-58.454008,-34.637039,Comuna 7,Autopista,oeste,26607.0
2024-09-04,CORDOBA AV. 1980,-58.395434,-34.599776,Comuna 3,calle_avenida,oeste,25714.0
2024-09-04,AVELLANEDA AV. 1825,-58.456423,-34.621237,Comuna 7,calle_avenida,este,25308.0
2024-09-04,ALVAREZ THOMAS AV. 1294,-58.459831,-34.578312,Comuna 13,calle_avenida,oeste,25294.0
2024-09-04,PUEYRREDON AV. 214,-58.406212,-34.607467,Comuna 3,calle_avenida,sur,24723.0
2024-09-04,CORDOBA AV. 4471,-58.428774,-34.594989,Comuna 14,calle_avenida,oeste,23954.0
2024-09-04,ENTRE RIOS AV. 326,-58.391646,-34.613,Comuna 1,calle_avenida,norte,23859.0
2024-09-04,RIVADAVIA AV. 9618,-58.499769,-34.637578,Comuna 10,calle_avenida,este,23397.0
2024-09-04,CORRIENTES AV. 3022,-58.408125,-34.604302,Comuna 3,calle_avenida,este,22113.0
2024-09-04,TRIUNVIRATO AV. 4520,-58.4848,-34.575403,Comuna 12,calle_avenida,este,21172.0
2024-09-04,CORRIENTES AV. 6210,-58.448402,-34.591075,Comuna 15,calle_avenida,este,20578.0
2024-09-04,"SCALABRINI ORTIZ, RAUL AV. 1385",-58.427003,-34.592379,Comuna 14,calle_avenida,este,19603.0
2024-09-04,BELGRANO AV. 3218,-58.411416,-34.615436,Comuna 3,calle_avenida,este,18836.0
2024-09-04,SAN JUAN AV. 1119,-58.381832,-34.622096,Comuna 1,calle_avenida,este,18117.0
2024-09-04,SAN MARTIN AV. 1844,-58.454414,-34.605652,Comuna 6,calle_avenida,este,17762.0
2024-09-04,INDEPENDENCIA AV. 1784,-58.391307,-34.618226,Comuna 1,calle_avenida,oeste,17750.0
2024-09-04,"LACROZE, FEDERICO AV. 4199",-58.455081,-34.587105,Comuna 15,calle_avenida,sur,17566.0
2024-09-04,BELGRANO AV. 324,-58.370911,-34.61249,Comuna 1,calle_avenida,este,17328.0
2024-09-04,CALLAO AV. 858,-58.39311,-34.599002,Comuna 2,calle_avenida,norte,17300.0
2024-09-04,ENTRE RIOS AV. 1818,-58.390787,-34.629623,Comuna 1,calle_avenida,norte,17143.0
2024-09-04,BOEDO AV. 965,-58.416231,-34.624996,Comuna 5,calle_avenida,sur,16327.0
2024-09-04,PASEO COLON AV. 753,-58.369509,-34.616769,Comuna 1,calle_avenida,sur,15739.0
2024-09-04,"GARAY, JUAN DE AV. 1769",-58.390037,-34.627139,Comuna 1,calle_avenida,oeste,15532.0
2024-09-04,SANTA FE AV. 2622,-58.403884,-34.594047,Comuna 2,calle_avenida,este,15521.0
2024-09-04,PUEYRREDON AV. 1418,-58.402311,-34.594121,Comuna 2,calle_avenida,sur,14997.0
2024-09-04,RIVADAVIA AV. 2775,-58.405518,-34.610013,Comuna 3,calle_avenida,oeste,14930.0
2024-09-04,CABILDO AV. 1716,-58.453855,-34.565367,Comuna 13,calle_avenida,sur,14055.0
2024-09-04,LIMA 281,-58.381872,-34.611723,Comuna 1,calle_avenida,sur,13740.0
2024-09-04,LAS HERAS GENERAL AV. 2289,-58.396838,-34.587651,Comuna 2,calle_avenida,oeste,13701.0
2024-09-04,LIMA 1365,-58.381495,-34.624262,Comuna 1,calle_avenida,sur,13663.0
2024-09-04,"DE IRIGIOYEN, BERNARDO 1026",-58.3799,-34.62006,Comuna 1,calle_avenida,norte,13618.0
2024-09-04,VEDIA 3438,-58.86039,-34.544242,Comuna 12,calle_avenida,este,13219.0
2024-09-04,RIVADAVIA AV. 4987,-58.43608,-34.618047,Comuna 6,calle_avenida,oeste,12592.0
2024-09-04,NAZCA AV. 479,-58.471328,-34.626678,Comuna 7,calle_avenida,norte,12579.0
2024-09-04,RIVADAVIA AV. 7218,-58.467187,-34.630203,Comuna 7,calle_avenida,este,12393.0
2024-09-04,SUAREZ 1635,-58.373758,-34.638502,Comuna 4,calle_avenida,este,12204.0
2024-09-04,AU. PERITO MORENO - SENTIDO PROVINCIA - PK 0+701,-58.522022,-34.636805,Comuna 9,Autopista,oeste,12087.0
2024-09-04,CORDOBA AV. 3329,-58.413685,-34.597847,Comuna 2,Carriles Exclusivos,oeste,11325.0
2024-09-04,AVELLANEDA AV. 2924,-58.471929,-34.626563,Comuna 7,calle_avenida,este,10684.0
2024-09-04,CORDOBA AV. 2149,-58.398175,-34.599668,Comuna 2,Carriles Exclusivos,oeste,10343.0
2024-09-04,"LACROZE, FEDERICO AV. 2462",-58.445413,-34.571098,Comuna 13,calle_avenida,norte,10197.0
2024-09-04,"JUSTO, JUAN B. AV. 4781",-58.466338,-34.610364,Comuna 11,calle_avenida,oeste,9890.0
2024-09-04,"RABANAL, FRANCISCO, INTENDENTE AV. 1323",-58.417658,-34.654886,Comuna 4,calle_avenida,oeste,9610.0
2024-09-04,PUEYRREDON AV. 350,-58.405942,-34.606096,Comuna 3,Carriles Exclusivos,sur,9490.0
2024-09-04,CORDOBA AV. 2801,-58.407164,-34.597965,Comuna 2,Carriles Exclusivos,oeste,9317.0
2024-09-04,CORDOBA AV. 3647,-58.417813,-34.597727,Comuna 14,Carriles Exclusivos,oeste,9093.0
2024-09-04,RIVADAVIA AV. 7420,-58.469991,-34.630911,Comuna 7,calle_avenida,este,8593.0
2024-09-04,VERTIZ VIRREY AV. 2010,-58.449507,-34.559083,Comuna 13,calle_avenida,sur,8188.0
2024-09-04,RIVADAVIA AV. 10524,-58.511786,-34.639436,Comuna 9,calle_avenida,este,8046.0
2024-09-04,"MONTES DE OCA, MANUEL AV. 1685",-58.373211,-34.646401,Comuna 4,calle_avenida,sur,7925.0
2024-09-04,ROSARIO 21,-58.429075,-34.618311,Comuna 6,calle_avenida,este,7746.0
2024-09-04,CALLAO AV. 337,-58.392133,-34.605181,Comuna 1,Carriles Exclusivos,norte,7642.0
2024-09-04,LARREA 477,-58.402156,-34.603736,Comuna 3,calle_avenida,norte,7639.0
2024-09-04,"ALBERDI, JUAN BAUTISTA AV. 890",-58.440541,-34.623013,Comuna 6,calle_avenida,oeste,7430.0
2024-09-04,"PERON, JUAN DOMINGO, TTE. GENERAL 2687",-58.404461,-34.607561,Comuna 3,calle_avenida,oeste,6879.0
2024-09-04,ENTRE RIOS AV. 182,-58.391718,-34.611145,Comuna 1,Carriles Exclusivos,norte,6863.0
2024-09-04,SANTA FE AV. 3889,-58.418132,-34.583669,Comuna 14,Carriles Exclusivos,oeste,6734.0
2024-09-04,PUEYRREDON AV. 459,-58.405495,-34.60505,Comuna 3,Carriles Exclusivos,norte,6602.0
2024-09-04,"BEIRO, FRANCISCO AV. 2875",-58.494038,-34.594803,Comuna 15,calle_avenida,oeste,6346.0
2024-09-04,MOSCONI GENERAL AV. 3000,-58.50334,-34.587077,Comuna 12,calle_avenida,norte,6272.0
2024-09-04,PUEYRREDON AV. 367,-58.40571,-34.605973,Comuna 3,Carriles Exclusivos,norte,6213.0
2024-09-04,CALLAO AV. 681,-58.392623,-34.601114,Comuna 1,Carriles Exclusivos,norte,6151.0
2024-09-04,PASEO COLON AV. 400,-58.368952,-34.612207,Comuna 1,calle_avenida,norte,6004.0
2024-09-04,PUEYRREDON AV. 768,-58.404705,-34.601207,Comuna 3,Carriles Exclusivos,sur,5861.0
2024-09-04,CORDOBA AV. 2523,-58.402911,-34.59879,Comuna 2,Carriles Exclusivos,oeste,5794.0
2024-09-04,ENTRE RIOS AV. 926,-58.391557,-34.619431,Comuna 1,Carriles Exclusivos,norte,5625.0
2024-09-04,CORDOBA AV. 3143,-58.410998,-34.597969,Comuna 2,Carriles Exclusivos,oeste,5573.0
2024-09-04,CORDOBA AV. 1749,-58.392148,-34.599512,Comuna 2,Carriles Exclusivos,oeste,5562.0
2024-09-04,"DE LA TORRE, LISANDRO 663",-58.520368,-34.646059,Comuna 9,calle_avenida,sur,5535.0
2024-09-04,SANTA FE AV. 1483,-58.388215,-34.595676,Comuna 2,Carriles Exclusivos,oeste,5325.0
2024-09-04,PUEYRREDON AV. 870,-58.404389,-34.600218,Comuna 3,Carriles Exclusivos,sur,5275.0
2024-09-04,SANTA FE AV. 4650,-58.425858,-34.578448,Comuna 14,calle_avenida,este,5247.0
2024-09-04,"ROCA, CNEL. AV. 5870",-58.460539,-34.689402,Comuna 8,calle_avenida,este,5156.0
2024-09-04,LAS HERAS GENERAL AV. 1870,-58.392633,-34.591284,Comuna 2,Carriles Exclusivos,este,5004.0
2024-09-04,RIVADAVIA AV. 6626,-58.459176,-34.62777,Comuna 7,calle_avenida,este,4894.0
2024-09-04,LAS HERAS GENERAL AV. 2252,-58.396535,-34.588012,Comuna 2,Carriles Exclusivos,este,4881.0
2024-09-04,"LIMA ESTE Y GARAY, JUAN DE",-58.382235,-34.626842,Comuna 1,calle_avenida,sur,4668.0
2024-09-04,CORDOBA AV. 1431,-58.387335,-34.599232,Comuna 2,Carriles Exclusivos,oeste,4354.0
2024-09-04,CASEROS AV. 3020,-58.406358,-34.637334,Comuna 4,calle_avenida,este,4146.0
2024-09-04,ENTRE RIOS AV. 678,-58.391572,-34.616551,Comuna 1,Carriles Exclusivos,norte,3520.0
2024-09-04,VUELTA DE OBLIGADO 2179,-58.456328,-34.560704,Comuna 13,calle_avenida,norte,3346.0
2024-09-04,VARELA AV. 2779,-58.438057,-34.655973,Comuna 8,calle_avenida,sur,3288.0
2024-09-04,CORDOBA AV. 1147,-58.383217,-34.599039,Comuna 1,Carriles Exclusivos,oeste,3215.0
2024-09-04,"AU 25 DE MAYO (AU10), SENTIDO CENTRO (ASCENDENTE), PK: 6+301",-58.40283,-34.625953,Comuna 3,Autopista,este,1770.0
2024-09-04,LIMA OESTE 1524,-58.382189,-34.6262,Comuna 1,calle_avenida,norte,613.0
2024-09-11,FOREST AV. 634,-58.454309,-34.584925,Comuna 15,calle_avenida,sur,35498.0
2024-09-11,CORDOBA AV. 4570,-58.429776,-34.594591,Comuna 15,calle_avenida,oeste,35265.0
2024-09-11,GAONA AV. 2300,-58.459429,-34.613877,Comuna 6,calle_avenida,oeste,33200.0
2024-09-11,CORRIENTES AV. 5220,-58.439127,-34.59969,Comuna 15,calle_avenida,este,31942.0
2024-09-11,AU. 25 DE MAYO - SENTIDO PROVINCIA - PK 1+261,-58.454008,-34.637039,Comuna 7,Autopista,oeste,30327.0
2024-09-11,"ALBERDI, JUAN BAUTISTA AV. 890",-58.440541,-34.623013,Comuna 6,calle_avenida,oeste,28910.0
2024-09-11,AU. 25 DE MAYO - SENTIDO PROVINCIA - PK 2+701,-58.439777,-34.631321,Comuna 7,Autopista,oeste,27672.0
2024-09-11,CALLAO AV. 1588,-58.391201,-34.591009,Comuna 2,calle_avenida,norte,26878.0
2024-09-11,DEL LIBERTADOR AV. 5722,-58.445603,-34.55931,Comuna 13,calle_avenida,sur,26507.0
2024-09-11,CORDOBA AV. 4471,-58.428774,-34.594989,Comuna 14,calle_avenida,oeste,26498.0
2024-09-11,ALVAREZ THOMAS AV. 1294,-58.459831,-34.578312,Comuna 13,calle_avenida,oeste,26189.0
2024-09-11,CALLAO AV. 858,-58.39311,-34.599002,Comuna 2,calle_avenida,norte,25252.0
2024-09-11,PUEYRREDON AV. 214,-58.406212,-34.607467,Comuna 3,calle_avenida,sur,24588.0
2024-09-11,CORDOBA AV. 1980,-58.395434,-34.599776,Comuna 3,calle_avenida,oeste,24546.0
2024-09-11,AVELLANEDA AV. 1825,-58.456423,-34.621237,Comuna 7,calle_avenida,este,24412.0
2024-09-11,CORRIENTES AV. 6210,-58.448402,-34.591075,Comuna 15,calle_avenida,este,21480.0
2024-09-11,CORRIENTES AV. 3022,-58.408125,-34.604302,Comuna 3,calle_avenida,este,20917.0
2024-09-11,TRIUNVIRATO AV. 4520,-58.4848,-34.575403,Comuna 12,calle_avenida,este,20760.0
2024-09-11,"SCALABRINI ORTIZ, RAUL AV. 1385",-58.427003,-34.592379,Comuna 14,calle_avenida,este,20360.0
2024-09-11,RIVADAVIA AV. 9618,-58.499769,-34.637578,Comuna 10,calle_avenida,este,19576.0
2024-09-11,SAN JUAN AV. 1119,-58.381832,-34.622096,Comuna 1,calle_avenida,este,19024.0
2024-09-11,BELGRANO AV. 3218,-58.411416,-34.615436,Comuna 3,calle_avenida,este,18861.0
2024-09-11,ENTRE RIOS AV. 326,-58.391646,-34.613,Comuna 1,calle_avenida,norte,17975.0
2024-09-11,SAN MARTIN AV. 1844,-58.454414,-34.605652,Comuna 6,calle_avenida,este,17738.0
2024-09-11,ENTRE RIOS AV. 1818,-58.390787,-34.629623,Comuna 1,calle_avenida,norte,17519.0
2024-09-11,INDEPENDENCIA AV. 2086,-58.395712,-34.618449,Comuna 3,calle_avenida,oeste,17223.0
2024-09-11,"LACROZE, FEDERICO AV. 4199",-58.455081,-34.587105,Comuna 15,calle_avenida,sur,17091.0
2024-09-11,BOEDO AV. 965,-58.416231,-34.624996,Comuna 5,calle_avenida,sur,16350.0
2024-09-11,INDEPENDENCIA AV. 1784,-58.391307,-34.618226,Comuna 1,calle_avenida,oeste,16150.0
2024-09-11,"GARAY, JUAN DE AV. 1769",-58.390037,-34.627139,Comuna 1,calle_avenida,oeste,16084.0
2024-09-11,PASEO COLON AV. 753,-58.369509,-34.616769,Comuna 1,calle_avenida,sur,15858.0
2024-09-11,BELGRANO AV. 324,-58.370911,-34.61249,Comuna 1,calle_avenida,este,15832.0
2024-09-11,SANTA FE AV. 2622,-58.403884,-34.594047,Comuna 2,calle_avenida,este,15475.0
2024-09-11,LAS HERAS GENERAL AV. 2289,-58.396838,-34.587651,Comuna 2,calle_avenida,oeste,14681.0
2024-09-11,RIVADAVIA AV. 2775,-58.405518,-34.610013,Comuna 3,calle_avenida,oeste,14102.0
2024-09-11,VEDIA 3438,-58.86039,-34.544242,Comuna 12,calle_avenida,este,13999.0
2024-09-11,CABILDO AV. 1716,-58.453855,-34.565367,Comuna 13,calle_avenida,sur,13896.0
2024-09-11,LIMA 1365,-58.381495,-34.624262,Comuna 1,calle_avenida,sur,13117.0
2024-09-11,"DE IRIGIOYEN, BERNARDO 1026",-58.3799,-34.62006,Comuna 1,calle_avenida,norte,12975.0
2024-09-11,RIVADAVIA AV. 7218,-58.467187,-34.630203,Comuna 7,calle_avenida,este,12703.0
2024-09-11,NAZCA AV. 479,-58.471328,-34.626678,Comuna 7,calle_avenida,norte,12647.0
2024-09-11,RIVADAVIA AV. 4987,-58.43608,-34.618047,Comuna 6,calle_avenida,oeste,12626.0
2024-09-11,LIMA 281,-58.381872,-34.611723,Comuna 1,calle_avenida,sur,12237.0
2024-09-11,AU. PERITO MORENO - SENTIDO PROVINCIA - PK 0+701,-58.522022,-34.636805,Comuna 9,Autopista,oeste,11339.0
2024-09-11,AVELLANEDA AV. 2924,-58.471929,-34.626563,Comuna 7,calle_avenida,este,11326.0
2024-09-11,"JUSTO, JUAN B. AV. 4781",-58.466338,-34.610364,Comuna 11,calle_avenida,oeste,11138.0
2024-09-11,SUAREZ 1635,-58.373758,-34.638502,Comuna 4,calle_avenida,este,11052.0
2024-09-11,CORDOBA AV. 3329,-58.413685,-34.597847,Comuna 2,Carriles Exclusivos,oeste,10856.0
2024-09-11,"LACROZE, FEDERICO AV. 2462",-58.445413,-34.571098,Comuna 13,calle_avenida,norte,10049.0
2024-09-11,CORDOBA AV. 2149,-58.398175,-34.599668,Comuna 2,Carriles Exclusivos,oeste,10001.0
2024-09-11,"RABANAL, FRANCISCO, INTENDENTE AV. 1323",-58.417658,-34.654886,Comuna 4,calle_avenida,oeste,9977.0
2024-09-11,CORDOBA AV. 2801,-58.407164,-34.597965,Comuna 2,Carriles Exclusivos,oeste,9519.0
2024-09-11,PUEYRREDON AV. 350,-58.405942,-34.606096,Comuna 3,Carriles Exclusivos,sur,9270.0
2024-09-11,"ALEM, LEANDRO N. AV. 518",-58.370691,-34.601595,Comuna 1,calle_avenida,sur,9076.0
2024-09-11,RIVADAVIA AV. 10524,-58.511786,-34.639436,Comuna 9,calle_avenida,este,9002.0
2024-09-11,CORDOBA AV. 3647,-58.417813,-34.597727,Comuna 14,Carriles Exclusivos,oeste,8676.0
2024-09-11,RIVADAVIA AV. 7420,-58.469991,-34.630911,Comuna 7,calle_avenida,este,8560.0
2024-09-11,PASEO COLON AV. 400,-58.368952,-34.612207,Comuna 1,calle_avenida,norte,8498.0
2024-09-11,VERTIZ VIRREY AV. 2010,-58.449507,-34.559083,Comuna 13,calle_avenida,sur,8249.0
2024-09-11,ROSARIO 21,-58.429075,-34.618311,Comuna 6,calle_avenida,este,8038.0
2024-09-11,MOSCONI GENERAL AV. 3000,-58.50334,-34.587077,Comuna 12,calle_avenida,norte,7960.0
2024-09-11,"BEIRO, FRANCISCO AV. 2875",-58.494038,-34.594803,Comuna 15,calle_avenida,oeste,7941.0
2024-09-11,LARREA 477,-58.402156,-34.603736,Comuna 3,calle_avenida,norte,7844.0
2024-09-11,"MONTES DE OCA, MANUEL AV. 1685",-58.373211,-34.646401,Comuna 4,calle_avenida,sur,7478.0
2024-09-11,SANTA FE AV. 4650,-58.425858,-34.578448,Comuna 14,calle_avenida,este,7073.0
2024-09-11,PUEYRREDON AV. 367,-58.40571,-34.605973,Comuna 3,Carriles Exclusivos,norte,7035.0
2024-09-11,SANTA FE AV. 3889,-58.418132,-34.583669,Comuna 14,Carriles Exclusivos,oeste,6977.0
2024-09-11,CALLAO AV. 337,-58.392133,-34.605181,Comuna 1,Carriles Exclusivos,norte,6975.0
2024-09-11,"PERON, JUAN DOMINGO, TTE. GENERAL 2687",-58.404461,-34.607561,Comuna 3,calle_avenida,oeste,6848.0
2024-09-11,PUEYRREDON AV. 459,-58.405495,-34.60505,Comuna 3,Carriles Exclusivos,norte,6795.0
2024-09-11,CORDOBA AV. 2523,-58.402911,-34.59879,Comuna 2,Carriles Exclusivos,oeste,6446.0
2024-09-11,CORDOBA AV. 1431,-58.387335,-34.599232,Comuna 2,Carriles Exclusivos,oeste,6237.0
2024-09-11,CALLAO AV. 681,-58.392623,-34.601114,Comuna 1,Carriles Exclusivos,norte,5935.0
2024-09-11,PUEYRREDON AV. 768,-58.404705,-34.601207,Comuna 3,Carriles Exclusivos,sur,5855.0
2024-09-11,OLIVERA AV. 187,-58.487032,-34.637596,Comuna 10,calle_avenida,sur,5838.0
2024-09-11,CORDOBA AV. 1749,-58.392148,-34.599512,Comuna 2,Carriles Exclusivos,oeste,5535.0
2024-09-11,CORDOBA AV. 3143,-58.410998,-34.597969,Comuna 2,Carriles Exclusivos,oeste,5320.0
2024-09-11,LAS HERAS GENERAL AV. 1870,-58.392633,-34.591284,Comuna 2,Carriles Exclusivos,este,5274.0
2024-09-11,SANTA FE AV. 1483,-58.388215,-34.595676,Comuna 2,Carriles Exclusivos,oeste,5167.0
2024-09-11,PUEYRREDON AV. 870,-58.404389,-34.600218,Comuna 3,Carriles Exclusivos,sur,5048.0
2024-09-11,CASEROS AV. 3020,-58.406358,-34.637334,Comuna 4,calle_avenida,este,4977.0
2024-09-11,LAS HERAS GENERAL AV. 2252,-58.396535,-34.588012,Comuna 2,Carriles Exclusivos,este,4803.0
2024-09-11,"ROCA, CNEL. AV. 5870",-58.460539,-34.689402,Comuna 8,calle_avenida,este,4774.0
2024-09-11,RIVADAVIA AV. 6626,-58.459176,-34.62777,Comuna 7,calle_avenida,este,4724.0
2024-09-11,"DE LA TORRE, LISANDRO 663",-58.520368,-34.646059,Comuna 9,calle_avenida,sur,4718.0
2024-09-11,"LIMA ESTE Y GARAY, JUAN DE",-58.382235,-34.626842,Comuna 1,calle_avenida,sur,4633.0
2024-09-11,ENTRE RIOS AV. 182,-58.391718,-34.611145,Comuna 1,Carriles Exclusivos,norte,4445.0
2024-09-11,ENTRE RIOS AV. 926,-58.391557,-34.619431,Comuna 1,Carriles Exclusivos,norte,3889.0
2024-09-11,VUELTA DE OBLIGADO 2179,-58.456328,-34.560704,Comuna 13,calle_avenida,norte,3170.0
2024-09-11,CORDOBA AV. 1147,-58.383217,-34.599039,Comuna 1,Carriles Exclusivos,oeste,3098.0
2024-09-11,VARELA AV. 2779,-58.438057,-34.655973,Comuna 8,calle_avenida,sur,2995.0
2024-09-11,ENTRE RIOS AV. 678,-58.391572,-34.616551,Comuna 1,Carriles Exclusivos,norte,2654.0
2024-09-11,LIMA OESTE 1524,-58.382189,-34.6262,Comuna 1,calle_avenida,norte,2194.0
2024-09-11,"AU 25 DE MAYO (AU10), SENTIDO CENTRO (ASCENDENTE), PK: 6+301",-58.40283,-34.625953,Comuna 3,Autopista,este,1790.0
2024-09-18,FOREST AV. 634,-58.454309,-34.584925,Comuna 15,calle_avenida,sur,35913.0
2024-09-18,CORDOBA AV. 4570,-58.429776,-34.594591,Comuna 15,calle_avenida,oeste,34166.0
2024-09-18,GAONA AV. 2300,-58.459429,-34.613877,Comuna 6,calle_avenida,oeste,32308.0
2024-09-18,AU. 25 DE MAYO - SENTIDO PROVINCIA - PK 2+701,-58.439777,-34.631321,Comuna 7,Autopista,oeste,30896.0
2024-09-18,CORRIENTES AV. 5220,-58.439127,-34.59969,Comuna 15,calle_avenida,este,30859.0
2024-09-18,CALLAO AV. 858,-58.39311,-34.599002,Comuna 2,calle_avenida,norte,28998.0
2024-09-18,"ALBERDI, JUAN BAUTISTA AV. 890",-58.440541,-34.623013,Comuna 6,calle_avenida,oeste,28253.0
2024-09-18,ENTRE RIOS AV. 326,-58.391646,-34.613,Comuna 1,calle_avenida,norte,27842.0
2024-09-18,AU. 25 DE MAYO - SENTIDO PROVINCIA - PK 1+261,-58.454008,-34.637039,Comuna 7,Autopista,oeste,27633.0
2024-09-18,DEL LIBERTADOR AV. 5722,-58.445603,-34.55931,Comuna 13,calle_avenida,sur,27400.0
2024-09-18,CALLAO AV. 1588,-58.391201,-34.591009,Comuna 2,calle_avenida,norte,26097.0
2024-09-18,CORDOBA AV. 1980,-58.395434,-34.599776,Comuna 3,calle_avenida,oeste,26080.0
2024-09-18,CORDOBA AV. 4471,-58.428774,-34.594989,Comuna 14,calle_avenida,oeste,25879.0
2024-09-18,AVELLANEDA AV. 1825,-58.456423,-34.621237,Comuna 7,calle_avenida,este,25296.0
2024-09-18,ALVAREZ THOMAS AV. 1294,-58.459831,-34.578312,Comuna 13,calle_avenida,oeste,24362.0
2024-09-18,PUEYRREDON AV. 214,-58.406212,-34.607467,Comuna 3,calle_avenida,sur,24320.0
2024-09-18,CORRIENTES AV. 3022,-58.408125,-34.604302,Comuna 3,calle_avenida,este,20699.0
2024-09-18,CORRIENTES AV. 6210,-58.448402,-34.591075,Comuna 15,calle_avenida,este,20000.0
2024-09-18,INDEPENDENCIA AV. 2086,-58.395712,-34.618449,Comuna 3,calle_avenida,oeste,19370.0
2024-09-18,BELGRANO AV. 3218,-58.411416,-34.615436,Comuna 3,calle_avenida,este,18024.0
2024-09-18,ENTRE RIOS AV. 1818,-58.390787,-34.629623,Comuna 1,calle_avenida,norte,17761.0
2024-09-18,SAN MARTIN AV. 1844,-58.454414,-34.605652,Comuna 6,calle_avenida,este,17741.0
2024-09-18,RIVADAVIA AV. 9618,-58.499769,-34.637578,Comuna 10,calle_avenida,este,17442.0
2024-09-18,SAN JUAN AV. 1119,-58.381832,-34.622096,Comuna 1,calle_avenida,este,17435.0
2024-09-18,"LACROZE, FEDERICO AV. 4199",-58.455081,-34.587105,Comuna 15,calle_avenida,sur,17178.0
2024-09-18,INDEPENDENCIA AV. 1784,-58.391307,-34.618226,Comuna 1,calle_avenida,oeste,17033.0
2024-09-18,BELGRANO AV. 324,-58.370911,-34.61249,Comuna 1,calle_avenida,este,16750.0
2024-09-18,"SCALABRINI ORTIZ, RAUL AV. 1385",-58.427003,-34.592379,Comuna 14,calle_avenida,este,16159.0
2024-09-18,SANTA FE AV. 2622,-58.403884,-34.594047,Comuna 2,calle_avenida,este,15816.0
2024-09-18,"GARAY, JUAN DE AV. 1769",-58.390037,-34.627139,Comuna 1,calle_avenida,oeste,15807.0
2024-09-18,BOEDO AV. 965,-58.416231,-34.624996,Comuna 5,calle_avenida,sur,15588.0
2024-09-18,PUEYRREDON AV. 1418,-58.402311,-34.594121,Comuna 2,calle_avenida,sur,15066.0
2024-09-18,RIVADAVIA AV. 2775,-58.405518,-34.610013,Comuna 3,calle_avenida,oeste,14659.0
2024-09-18,CABILDO AV. 1716,-58.453855,-34.565367,Comuna 13,calle_avenida,sur,13853.0
2024-09-18,"DE IRIGIOYEN, BERNARDO 1026",-58.3799,-34.62006,Comuna 1,calle_avenida,norte,13451.0
2024-09-18,LIMA 1365,-58.381495,-34.624262,Comuna 1,calle_avenida,sur,13436.0
2024-09-18,LIMA 281,-58.381872,-34.611723,Comuna 1,calle_avenida,sur,13329.0
2024-09-18,VEDIA 3438,-58.86039,-34.544242,Comuna 12,calle_avenida,este,13144.0
2024-09-18,LAS HERAS GENERAL AV. 2289,-58.396838,-34.587651,Comuna 2,calle_avenida,oeste,12892.0
2024-09-18,AU. PERITO MORENO - SENTIDO PROVINCIA - PK 0+701,-58.522022,-34.636805,Comuna 9,Autopista,oeste,12524.0
2024-09-18,RIVADAVIA AV. 4987,-58.43608,-34.618047,Comuna 6,calle_avenida,oeste,12248.0
2024-09-18,SUAREZ 1635,-58.373758,-34.638502,Comuna 4,calle_avenida,este,11556.0
2024-09-18,RIVADAVIA AV. 7218,-58.467187,-34.630203,Comuna 7,calle_avenida,este,11492.0
2024-09-18,CORDOBA AV. 3329,-58.413685,-34.597847,Comuna 2,Carriles Exclusivos,oeste,11242.0
2024-09-18,"LACROZE, FEDERICO AV. 2462",-58.445413,-34.571098,Comuna 13,calle_avenida,norte,10571.0
2024-09-18,"RABANAL, FRANCISCO, INTENDENTE AV. 1323",-58.417658,-34.654886,Comuna 4,calle_avenida,oeste,10087.0
2024-09-18,CORDOBA AV. 2149,-58.398175,-34.599668,Comuna 2,Carriles Exclusivos,oeste,10055.0
2024-09-18,AVELLANEDA AV. 2924,-58.471929,-34.626563,Comuna 7,calle_avenida,este,9864.0
2024-09-18,"JUSTO, JUAN B. AV. 4781",-58.466338,-34.610364,Comuna 11,calle_avenida,oeste,9765.0
2024-09-18,CORDOBA AV. 2801,-58.407164,-34.597965,Comuna 2,Carriles Exclusivos,oeste,9356.0
2024-09-18,PUEYRREDON AV. 350,-58.405942,-34.606096,Comuna 3,Carriles Exclusivos,sur,9278.0
2024-09-18,CORDOBA AV. 3647,-58.417813,-34.597727,Comuna 14,Carriles Exclusivos,oeste,8945.0
2024-09-18,"ALEM, LEANDRO N. AV. 518",-58.370691,-34.601595,Comuna 1,calle_avenida,sur,8574.0
2024-09-18,CALLAO AV. 337,-58.392133,-34.605181,Comuna 1,Carriles Exclusivos,norte,8511.0
2024-09-18,RIVADAVIA AV. 7420,-58.469991,-34.630911,Comuna 7,calle_avenida,este,8301.0
2024-09-18,VERTIZ VIRREY AV. 2010,-58.449507,-34.559083,Comuna 13,calle_avenida,sur,8135.0
2024-09-18,ROSARIO 21,-58.429075,-34.618311,Comuna 6,calle_avenida,este,7762.0
2024-09-18,"MONTES DE OCA, MANUEL AV. 1685",-58.373211,-34.646401,Comuna 4,calle_avenida,sur,7695.0
2024-09-18,LARREA 477,-58.402156,-34.603736,Comuna 3,calle_avenida,norte,7650.0
2024-09-18,SANTA FE AV. 3889,-58.418132,-34.583669,Comuna 14,Carriles Exclusivos,oeste,6980.0
2024-09-18,ENTRE RIOS AV. 182,-58.391718,-34.611145,Comuna 1,Carriles Exclusivos,norte,6898.0
2024-09-18,"PERON, JUAN DOMINGO, TTE. GENERAL 2687",-58.404461,-34.607561,Comuna 3,calle_avenida,oeste,6869.0
2024-09-18,RIVADAVIA AV. 10524,-58.511786,-34.639436,Comuna 9,calle_avenida,este,6784.0
2024-09-18,PUEYRREDON AV. 459,-58.405495,-34.60505,Comuna 3,Carriles Exclusivos,norte,6700.0
2024-09-18,"BEIRO, FRANCISCO AV. 2875",-58.494038,-34.594803,Comuna 15,calle_avenida,oeste,6578.0
2024-09-18,MOSCONI GENERAL AV. 3000,-58.50334,-34.587077,Comuna 12,calle_avenida,norte,6538.0
2024-09-18,CORDOBA AV. 1431,-58.387335,-34.599232,Comuna 2,Carriles Exclusivos,oeste,6537.0
2024-09-18,PUEYRREDON AV. 367,-58.40571,-34.605973,Comuna 3,Carriles Exclusivos,norte,6418.0
2024-09-18,CALLAO AV. 681,-58.392623,-34.601114,Comuna 1,Carriles Exclusivos,norte,6332.0
2024-09-18,NAZCA AV. 479,-58.471328,-34.626678,Comuna 7,calle_avenida,norte,6113.0
2024-09-18,CORDOBA AV. 2523,-58.402911,-34.59879,Comuna 2,Carriles Exclusivos,oeste,6089.0
2024-09-18,PASEO COLON AV. 400,-58.368952,-34.612207,Comuna 1,calle_avenida,norte,6006.0
2024-09-18,SANTA FE AV. 4650,-58.425858,-34.578448,Comuna 14,calle_avenida,este,5838.0
2024-09-18,OLIVERA AV. 187,-58.487032,-34.637596,Comuna 10,calle_avenida,sur,5521.0
2024-09-18,PUEYRREDON AV. 768,-58.404705,-34.601207,Comuna 3,Carriles Exclusivos,sur,5513.0
2024-09-18,CORDOBA AV. 3143,-58.410998,-34.597969,Comuna 2,Carriles Exclusivos,oeste,5461.0
2024-09-18,CORDOBA AV. 1749,-58.392148,-34.599512,Comuna 2,Carriles Exclusivos,oeste,5436.0
2024-09-18,"ROCA, CNEL. AV. 5870",-58.460539,-34.689402,Comuna 8,calle_avenida,este,5348.0
2024-09-18,SANTA FE AV. 1483,-58.388215,-34.595676,Comuna 2,Carriles Exclusivos,oeste,5294.0
2024-09-18,"DE LA TORRE, LISANDRO 663",-58.520368,-34.646059,Comuna 9,calle_avenida,sur,5275.0
2024-09-18,ENTRE RIOS AV. 926,-58.391557,-34.619431,Comuna 1,Carriles Exclusivos,norte,5253.0
2024-09-18,PUEYRREDON AV. 870,-58.404389,-34.600218,Comuna 3,Carriles Exclusivos,sur,5140.0
2024-09-18,LAS HERAS GENERAL AV. 2252,-58.396535,-34.588012,Comuna 2,Carriles Exclusivos,este,4926.0
2024-09-18,RIVADAVIA AV. 6626,-58.459176,-34.62777,Comuna 7,calle_avenida,este,4846.0
2024-09-18,LAS HERAS GENERAL AV. 1870,-58.392633,-34.591284,Comuna 2,Carriles Exclusivos,este,4845.0
2024-09-18,"LIMA ESTE Y GARAY, JUAN DE",-58.382235,-34.626842,Comuna 1,calle_avenida,sur,4734.0
2024-09-18,TRIUNVIRATO AV. 4520,-58.4848,-34.575403,Comuna 12,calle_avenida,este,4645.0
2024-09-18,CASEROS AV. 3020,-58.406358,-34.637334,Comuna 4,calle_avenida,este,4276.0
2024-09-18,ENTRE RIOS AV. 678,-58.391572,-34.616551,Comuna 1,Carriles Exclusivos,norte,3662.0
2024-09-18,CORDOBA AV. 1147,-58.383217,-34.599039,Comuna 1,Carriles Exclusivos,oeste,3281.0
2024-09-18,VUELTA DE OBLIGADO 2179,-58.456328,-34.560704,Comuna 13,calle_avenida,norte,3232.0
2024-09-18,VARELA AV. 2779,-58.438057,-34.655973,Comuna 8,calle_avenida,sur,3191.0
2024-09-18,LIMA OESTE 1524,-58.382189,-34.6262,Comuna 1,calle_avenida,norte,1982.0
2024-09-18,"AU 25 DE MAYO (AU10), SENTIDO CENTRO (ASCENDENTE), PK: 6+301",-58.40283,-34.625953,Comuna 3,Autopista,este,1783.0
2024-09-25,FOREST AV. 634,-58.454309,-34.584925,Comuna 15,calle_avenida,sur,36732.0
2024-09-25,AU. 25 DE MAYO - SENTIDO PROVINCIA - PK 2+701,-58.439777,-34.631321,Comuna 7,Autopista,oeste,35595.0
2024-09-25,CORDOBA AV. 4570,-58.429776,-34.594591,Comuna 15,calle_avenida,oeste,35012.0
2024-09-25,AU. 25 DE MAYO - SENTIDO PROVINCIA - PK 1+261,-58.454008,-34.637039,Comuna 7,Autopista,oeste,34125.0
2024-09-25,GAONA AV. 2300,-58.459429,-34.613877,Comuna 6,calle_avenida,oeste,32807.0
2024-09-25,CORRIENTES AV. 5220,-58.439127,-34.59969,Comuna 15,calle_avenida,este,32545.0
2024-09-25,CALLAO AV. 858,-58.39311,-34.599002,Comuna 2,calle_avenida,norte,31704.0
2024-09-25,CALLAO AV. 1588,-58.391201,-34.591009,Comuna 2,calle_avenida,norte,29397.0
2024-09-25,DEL LIBERTADOR AV. 5722,-58.445603,-34.55931,Comuna 13,calle_avenida,sur,28218.0
2024-09-25,ENTRE RIOS AV. 326,-58.391646,-34.613,Comuna 1,calle_avenida,norte,27983.0
2024-09-25,"ALBERDI, JUAN BAUTISTA AV. 890",-58.440541,-34.623013,Comuna 6,calle_avenida,oeste,27154.0
2024-09-25,CORDOBA AV. 4471,-58.428774,-34.594989,Comuna 14,calle_avenida,oeste,26593.0
2024-09-25,ALVAREZ THOMAS AV. 1294,-58.459831,-34.578312,Comuna 13,calle_avenida,oeste,25507.0
2024-09-25,CORDOBA AV. 1980,-58.395434,-34.599776,Comuna 3,calle_avenida,oeste,25346.0
2024-09-25,AVELLANEDA AV. 1825,-58.456423,-34.621237,Comuna 7,calle_avenida,este,24875.0
2024-09-25,PUEYRREDON AV. 214,-58.406212,-34.607467,Comuna 3,calle_avenida,sur,24642.0
2024-09-25,CORRIENTES AV. 6210,-58.448402,-34.591075,Comuna 15,calle_avenida,este,21198.0
2024-09-25,TRIUNVIRATO AV. 4520,-58.4848,-34.575403,Comuna 12,calle_avenida,este,21152.0
2024-09-25,CORRIENTES AV. 3022,-58.408125,-34.604302,Comuna 3,calle_avenida,este,20846.0
2024-09-25,BELGRANO AV. 3218,-58.411416,-34.615436,Comuna 3,calle_avenida,este,20707.0
2024-09-25,"SCALABRINI ORTIZ, RAUL AV. 1385",-58.427003,-34.592379,Comuna 14,calle_avenida,este,19541.0
2024-09-25,INDEPENDENCIA AV. 2086,-58.395712,-34.618449,Comuna 3,calle_avenida,oeste,18603.0
2024-09-25,ENTRE RIOS AV. 1818,-58.390787,-34.629623,Comuna 1,calle_avenida,norte,18416.0
2024-09-25,RIVADAVIA AV. 9618,-58.499769,-34.637578,Comuna 10,calle_avenida,este,18313.0
2024-09-25,SAN JUAN AV. 1119,-58.381832,-34.622096,Comuna 1,calle_avenida,este,17736.0
2024-09-25,"LACROZE, FEDERICO AV. 4199",-58.455081,-34.587105,Comuna 15,calle_avenida,sur,17642.0
2024-09-25,BELGRANO AV. 324,-58.370911,-34.61249,Comuna 1,calle_avenida,este,17501.0
2024-09-25,SAN MARTIN AV. 1844,-58.454414,-34.605652,Comuna 6,calle_avenida,este,17285.0
2024-09-25,"GARAY, JUAN DE AV. 1769",-58.390037,-34.627139,Comuna 1,calle_avenida,oeste,16168.0
2024-09-25,SANTA FE AV. 2622,-58.403884,-34.594047,Comuna 2,calle_avenida,este,16153.0
2024-09-25,BOEDO AV. 965,-58.416231,-34.624996,Comuna 5,calle_avenida,sur,15619.0
2024-09-25,PUEYRREDON AV. 1418,-58.402311,-34.594121,Comuna 2,calle_avenida,sur,15303.0
2024-09-25,VEDIA 3438,-58.86039,-34.544242,Comuna 12,calle_avenida,este,15001.0
2024-09-25,CABILDO AV. 1716,-58.453855,-34.565367,Comuna 13,calle_avenida,sur,14788.0
2024-09-25,RIVADAVIA AV. 2775,-58.405518,-34.610013,Comuna 3,calle_avenida,oeste,14417.0
2024-09-25,AU. PERITO MORENO - SENTIDO PROVINCIA - PK 0+701,-58.522022,-34.636805,Comuna 9,Autopista,oeste,14180.0
2024-09-25,LIMA 1365,-58.381495,-34.624262,Comuna 1,calle_avenida,sur,13723.0
2024-09-25,"DE IRIGIOYEN, BERNARDO 1026",-58.3799,-34.62006,Comuna 1,calle_avenida,norte,13687.0
2024-09-25,LAS HERAS GENERAL AV. 2289,-58.396838,-34.587651,Comuna 2,calle_avenida,oeste,13607.0
2024-09-25,RIVADAVIA AV. 7218,-58.467187,-34.630203,Comuna 7,calle_avenida,este,13193.0
2024-09-25,LIMA 281,-58.381872,-34.611723,Comuna 1,calle_avenida,sur,12909.0
2024-09-25,RIVADAVIA AV. 4987,-58.43608,-34.618047,Comuna 6,calle_avenida,oeste,12498.0
2024-09-25,SUAREZ 1635,-58.373758,-34.638502,Comuna 4,calle_avenida,este,11685.0
2024-09-25,AVELLANEDA AV. 2924,-58.471929,-34.626563,Comuna 7,calle_avenida,este,11543.0
2024-09-25,CORDOBA AV. 3329,-58.413685,-34.597847,Comuna 2,Carriles Exclusivos,oeste,10947.0
2024-09-25,INDEPENDENCIA AV. 1784,-58.391307,-34.618226,Comuna 1,calle_avenida,oeste,10796.0
2024-09-25,"LACROZE, FEDERICO AV. 2462",-58.445413,-34.571098,Comuna 13,calle_avenida,norte,10547.0
2024-09-25,"RABANAL, FRANCISCO, INTENDENTE AV. 1323",-58.417658,-34.654886,Comuna 4,calle_avenida,oeste,10524.0
2024-09-25,CORDOBA AV. 2149,-58.398175,-34.599668,Comuna 2,Carriles Exclusivos,oeste,9953.0
2024-09-25,"JUSTO, JUAN B. AV. 4781",-58.466338,-34.610364,Comuna 11,calle_avenida,oeste,9682.0
2024-09-25,CORDOBA AV. 2801,-58.407164,-34.597965,Comuna 2,Carriles Exclusivos,oeste,9582.0
2024-09-25,"ALEM, LEANDRO N. AV. 518",-58.370691,-34.601595,Comuna 1,calle_avenida,sur,9214.0
2024-09-25,VERTIZ VIRREY AV. 2010,-58.449507,-34.559083,Comuna 13,calle_avenida,sur,9204.0
2024-09-25,PUEYRREDON AV. 350,-58.405942,-34.606096,Comuna 3,Carriles Exclusivos,sur,9055.0
2024-09-25,RIVADAVIA AV. 7420,-58.469991,-34.630911,Comuna 7,calle_avenida,este,8521.0
2024-09-25,CORDOBA AV. 3647,-58.417813,-34.597727,Comuna 14,Carriles Exclusivos,oeste,8494.0
2024-09-25,ROSARIO 21,-58.429075,-34.618311,Comuna 6,calle_avenida,este,8257.0
2024-09-25,RIVADAVIA AV. 10524,-58.511786,-34.639436,Comuna 9,calle_avenida,este,8243.0
2024-09-25,PASEO COLON AV. 400,-58.368952,-34.612207,Comuna 1,calle_avenida,norte,7807.0
2024-09-25,"MONTES DE OCA, MANUEL AV. 1685",-58.373211,-34.646401,Comuna 4,calle_avenida,sur,7749.0
2024-09-25,LARREA 477,-58.402156,-34.603736,Comuna 3,calle_avenida,norte,7510.0
2024-09-25,MOSCONI GENERAL AV. 3000,-58.50334,-34.587077,Comuna 12,calle_avenida,norte,7272.0
2024-09-25,"BEIRO, FRANCISCO AV. 2875",-58.494038,-34.594803,Comuna 15,calle_avenida,oeste,7207.0
2024-09-25,CALLAO AV. 681,-58.392623,-34.601114,Comuna 1,Carriles Exclusivos,norte,7169.0
2024-09-25,CALLAO AV. 337,-58.392133,-34.605181,Comuna 1,Carriles Exclusivos,norte,7152.0
2024-09-25,ENTRE RIOS AV. 182,-58.391718,-34.611145,Comuna 1,Carriles Exclusivos,norte,6982.0
2024-09-25,SANTA FE AV. 3889,-58.418132,-34.583669,Comuna 14,Carriles Exclusivos,oeste,6939.0
2024-09-25,NAZCA AV. 479,-58.471328,-34.626678,Comuna 7,calle_avenida,norte,6838.0
2024-09-25,CORDOBA AV. 2523,-58.402911,-34.59879,Comuna 2,Carriles Exclusivos,oeste,6751.0
2024-09-25,"PERON, JUAN DOMINGO, TTE. GENERAL 2687",-58.404461,-34.607561,Comuna 3,calle_avenida,oeste,6704.0
2024-09-25,PUEYRREDON AV. 367,-58.40571,-34.605973,Comuna 3,Carriles Exclusivos,norte,6682.0
2024-09-25,PUEYRREDON AV. 459,-58.405495,-34.60505,Comuna 3,Carriles Exclusivos,norte,6653.0
2024-09-25,CORDOBA AV. 1431,-58.387335,-34.599232,Comuna 2,Carriles Exclusivos,oeste,6098.0
2024-09-25,SANTA FE AV. 4650,-58.425858,-34.578448,Comuna 14,calle_avenida,este,6029.0
2024-09-25,PUEYRREDON AV. 768,-58.404705,-34.601207,Comuna 3,Carriles Exclusivos,sur,5822.0
2024-09-25,OLIVERA AV. 187,-58.487032,-34.637596,Comuna 10,calle_avenida,sur,5759.0
2024-09-25,CORDOBA AV. 1749,-58.392148,-34.599512,Comuna 2,Carriles Exclusivos,oeste,5565.0
2024-09-25,ENTRE RIOS AV. 926,-58.391557,-34.619431,Comuna 1,Carriles Exclusivos,norte,5440.0
2024-09-25,PUEYRREDON AV. 870,-58.404389,-34.600218,Comuna 3,Carriles Exclusivos,sur,5381.0
2024-09-25,CORDOBA AV. 3143,-58.410998,-34.597969,Comuna 2,Carriles Exclusivos,oeste,5347.0
2024-09-25,SANTA FE AV. 1483,-58.388215,-34.595676,Comuna 2,Carriles Exclusivos,oeste,5297.0
2024-09-25,"DE LA TORRE, LISANDRO 663",-58.520368,-34.646059,Comuna 9,calle_avenida,sur,5265.0
2024-09-25,CASEROS AV. 3020,-58.406358,-34.637334,Comuna 4,calle_avenida,este,5169.0
2024-09-25,LAS HERAS GENERAL AV. 1870,-58.392633,-34.591284,Comuna 2,Carriles Exclusivos,este,5119.0
2024-09-25,"ROCA, CNEL. AV. 5870",-58.460539,-34.689402,Comuna 8,calle_avenida,este,5005.0
2024-09-25,"LIMA ESTE Y GARAY, JUAN DE",-58.382235,-34.626842,Comuna 1,calle_avenida,sur,4890.0
2024-09-25,LAS HERAS GENERAL AV. 2252,-58.396535,-34.588012,Comuna 2,Carriles Exclusivos,este,4875.0
2024-09-25,RIVADAVIA AV. 6626,-58.459176,-34.62777,Comuna 7,calle_avenida,este,4734.0
2024-09-25,ENTRE RIOS AV. 678,-58.391572,-34.616551,Comuna 1,Carriles Exclusivos,norte,3597.0
2024-09-25,VUELTA DE OBLIGADO 2179,-58.456328,-34.560704,Comuna 13,calle_avenida,norte,3268.0
2024-09-25,CORDOBA AV. 1147,-58.383217,-34.599039,Comuna 1,Carriles Exclusivos,oeste,3206.0
2024-09-25,VARELA AV. 2779,-58.438057,-34.655973,Comuna 8,calle_avenida,sur,3168.0
2024-09-25,LIMA OESTE 1524,-58.382189,-34.6262,Comuna 1,calle_avenida,norte,2030.0
2024-10-02,FOREST AV. 634,-58.454309,-34.584925,Comuna 15,calle_avenida,sur,34530.0
2024-10-02,CORDOBA AV. 4570,-58.429776,-34.594591,Comuna 15,calle_avenida,oeste,33683.0
2024-10-02,AU. 25 DE MAYO - SENTIDO PROVINCIA - PK 2+701,-58.439777,-34.631321,Comuna 7,Autopista,oeste,32200.0
2024-10-02,GAONA AV. 2300,-58.459429,-34.613877,Comuna 6,calle_avenida,oeste,31760.0
2024-10-02,CORRIENTES AV. 5220,-58.439127,-34.59969,Comuna 15,calle_avenida,este,30429.0
2024-10-02,CORDOBA AV. 4471,-58.428774,-34.594989,Comuna 14,calle_avenida,oeste,27467.0
2024-10-02,DEL LIBERTADOR AV. 5722,-58.445603,-34.55931,Comuna 13,calle_avenida,sur,27226.0
2024-10-02,AU. 25 DE MAYO - SENTIDO PROVINCIA - PK 1+261,-58.454008,-34.637039,Comuna 7,Autopista,oeste,27045.0
2024-10-02,AVELLANEDA AV. 1825,-58.456423,-34.621237,Comuna 7,calle_avenida,este,25543.0
2024-10-02,CALLAO AV. 1588,-58.391201,-34.591009,Comuna 2,calle_avenida,norte,25005.0
2024-10-02,"ALBERDI, JUAN BAUTISTA AV. 890",-58.440541,-34.623013,Comuna 6,calle_avenida,oeste,23526.0
2024-10-02,ALVAREZ THOMAS AV. 1294,-58.459831,-34.578312,Comuna 13,calle_avenida,oeste,23359.0
2024-10-02,CALLAO AV. 858,-58.39311,-34.599002,Comuna 2,calle_avenida,norte,22297.0
2024-10-02,TRIUNVIRATO AV. 4520,-58.4848,-34.575403,Comuna 12,calle_avenida,este,21786.0
2024-10-02,PUEYRREDON AV. 214,-58.406212,-34.607467,Comuna 3,calle_avenida,sur,20778.0
2024-10-02,"SCALABRINI ORTIZ, RAUL AV. 1385",-58.427003,-34.592379,Comuna 14,calle_avenida,este,20263.0
2024-10-02,CORRIENTES AV. 3022,-58.408125,-34.604302,Comuna 3,calle_avenida,este,19934.0
2024-10-02,CORDOBA AV. 1980,-58.395434,-34.599776,Comuna 3,calle_avenida,oeste,19860.0
2024-10-02,CORRIENTES AV. 6210,-58.448402,-34.591075,Comuna 15,calle_avenida,este,19758.0
2024-10-02,"LACROZE, FEDERICO AV. 4199",-58.455081,-34.587105,Comuna 15,calle_avenida,sur,17643.0
2024-10-02,BELGRANO AV. 3218,-58.411416,-34.615436,Comuna 3,calle_avenida,este,17089.0
2024-10-02,SAN MARTIN AV. 1844,-58.454414,-34.605652,Comuna 6,calle_avenida,este,16700.0
2024-10-02,ENTRE RIOS AV. 1818,-58.390787,-34.629623,Comuna 1,calle_avenida,norte,16290.0
2024-10-02,BOEDO AV. 965,-58.416231,-34.624996,Comuna 5,calle_avenida,sur,15533.0
2024-10-02,"GARAY, JUAN DE AV. 1769",-58.390037,-34.627139,Comuna 1,calle_avenida,oeste,15478.0
2024-10-02,INDEPENDENCIA AV. 2086,-58.395712,-34.618449,Comuna 3,calle_avenida,oeste,15313.0
2024-10-02,SAN JUAN AV. 1119,-58.381832,-34.622096,Comuna 1,calle_avenida,este,14589.0
2024-10-02,CABILDO AV. 1716,-58.453855,-34.565367,Comuna 13,calle_avenida,sur,14438.0
2024-10-02,ENTRE RIOS AV. 326,-58.391646,-34.613,Comuna 1,calle_avenida,norte,14036.0
2024-10-02,PASEO COLON AV. 753,-58.369509,-34.616769,Comuna 1,calle_avenida,sur,13877.0
2024-10-02,PUEYRREDON AV. 1418,-58.402311,-34.594121,Comuna 2,calle_avenida,sur,13604.0
2024-10-02,NAZCA AV. 479,-58.471328,-34.626678,Comuna 7,calle_avenida,norte,13542.0
2024-10-02,VEDIA 3438,-58.86039,-34.544242,Comuna 12,calle_avenida,este,13191.0
2024-10-02,RIVADAVIA AV. 7218,-58.467187,-34.630203,Comuna 7,calle_avenida,este,12501.0
2024-10-02,"DE IRIGIOYEN, BERNARDO 1026",-58.3799,-34.62006,Comuna 1,calle_avenida,norte,12485.0
2024-10-02,LIMA 1365,-58.381495,-34.624262,Comuna 1,calle_avenida,sur,12383.0
2024-10-02,BELGRANO AV. 324,-58.370911,-34.61249,Comuna 1,calle_avenida,este,12217.0
2024-10-02,AU. PERITO MORENO - SENTIDO PROVINCIA - PK 0+701,-58.522022,-34.636805,Comuna 9,Autopista,oeste,11694.0
2024-10-02,LAS HERAS GENERAL AV. 2289,-58.396838,-34.587651,Comuna 2,calle_avenida,oeste,11556.0
2024-10-02,LIMA 281,-58.381872,-34.611723,Comuna 1,calle_avenida,sur,11313.0
2024-10-02,RIVADAVIA AV. 4987,-58.43608,-34.618047,Comuna 6,calle_avenida,oeste,11302.0
2024-10-02,"LACROZE, FEDERICO AV. 2462",-58.445413,-34.571098,Comuna 13,calle_avenida,norte,10996.0
2024-10-02,SUAREZ 1635,-58.373758,-34.638502,Comuna 4,calle_avenida,este,10720.0
2024-10-02,SANTA FE AV. 2622,-58.403884,-34.594047,Comuna 2,calle_avenida,este,10554.0
2024-10-02,RIVADAVIA AV. 2775,-58.405518,-34.610013,Comuna 3,calle_avenida,oeste,10261.0
2024-10-02,"RABANAL, FRANCISCO, INTENDENTE AV. 1323",-58.417658,-34.654886,Comuna 4,calle_avenida,oeste,9716.0
2024-10-02,CORDOBA AV. 3329,-58.413685,-34.597847,Comuna 2,Carriles Exclusivos,oeste,9565.0
2024-10-02,"JUSTO, JUAN B. AV. 4781",-58.466338,-34.610364,Comuna 11,calle_avenida,oeste,8869.0
2024-10-02,INDEPENDENCIA AV. 1784,-58.391307,-34.618226,Comuna 1,calle_avenida,oeste,8650.0
2024-10-02,"ALEM, LEANDRO N. AV. 518",-58.370691,-34.601595,Comuna 1,calle_avenida,sur,8159.0
2024-10-02,RIVADAVIA AV. 7420,-58.469991,-34.630911,Comuna 7,calle_avenida,este,7997.0
2024-10-02,VERTIZ VIRREY AV. 2010,-58.449507,-34.559083,Comuna 13,calle_avenida,sur,7798.0
2024-10-02,LARREA 477,-58.402156,-34.603736,Comuna 3,calle_avenida,norte,7724.0
2024-10-02,CORDOBA AV. 2801,-58.407164,-34.597965,Comuna 2,Carriles Exclusivos,oeste,7646.0
2024-10-02,CORDOBA AV. 2149,-58.398175,-34.599668,Comuna 2,Carriles Exclusivos,oeste,7556.0
2024-10-02,CORDOBA AV. 3647,-58.417813,-34.597727,Comuna 14,Carriles Exclusivos,oeste,7547.0
2024-10-02,PUEYRREDON AV. 350,-58.405942,-34.606096,Comuna 3,Carriles Exclusivos,sur,7484.0
2024-10-02,"MONTES DE OCA, MANUEL AV. 1685",-58.373211,-34.646401,Comuna 4,calle_avenida,sur,7365.0
2024-10-02,PASEO COLON AV. 400,-58.368952,-34.612207,Comuna 1,calle_avenida,norte,7323.0
2024-10-02,ROSARIO 21,-58.429075,-34.618311,Comuna 6,calle_avenida,este,7315.0
2024-10-02,SANTA FE AV. 3889,-58.418132,-34.583669,Comuna 14,Carriles Exclusivos,oeste,7074.0
2024-10-02,RIVADAVIA AV. 9618,-58.499769,-34.637578,Comuna 10,calle_avenida,este,6654.0
2024-10-02,RIVADAVIA AV. 10524,-58.511786,-34.639436,Comuna 9,calle_avenida,este,6606.0
2024-10-02,"PERON, JUAN DOMINGO, TTE. GENERAL 2687",-58.404461,-34.607561,Comuna 3,calle_avenida,oeste,6312.0
2024-10-02,MOSCONI GENERAL AV. 3000,-58.50334,-34.587077,Comuna 12,calle_avenida,norte,6144.0
2024-10-02,PUEYRREDON AV. 367,-58.40571,-34.605973,Comuna 3,Carriles Exclusivos,norte,6010.0
2024-10-02,PUEYRREDON AV. 459,-58.405495,-34.60505,Comuna 3,Carriles Exclusivos,norte,5950.0
2024-10-02,SANTA FE AV. 4650,-58.425858,-34.578448,Comuna 14,calle_avenida,este,5888.0
2024-10-02,CORDOBA AV. 1431,-58.387335,-34.599232,Comuna 2,Carriles Exclusivos,oeste,5421.0
2024-10-02,SANTA FE AV. 1483,-58.388215,-34.595676,Comuna 2,Carriles Exclusivos,oeste,5349.0
2024-10-02,CORDOBA AV. 2523,-58.402911,-34.59879,Comuna 2,Carriles Exclusivos,oeste,5113.0
2024-10-02,CORDOBA AV. 3143,-58.410998,-34.597969,Comuna 2,Carriles Exclusivos,oeste,5030.0
2024-10-02,PUEYRREDON AV. 768,-58.404705,-34.601207,Comuna 3,Carriles Exclusivos,sur,4923.0
2024-10-02,"DE LA TORRE, LISANDRO 663",-58.520368,-34.646059,Comuna 9,calle_avenida,sur,4917.0
2024-10-02,"BEIRO, FRANCISCO AV. 2875",-58.494038,-34.594803,Comuna 15,calle_avenida,oeste,4890.0
2024-10-02,LAS HERAS GENERAL AV. 1870,-58.392633,-34.591284,Comuna 2,Carriles Exclusivos,este,4874.0
2024-10-02,CALLAO AV. 337,-58.392133,-34.605181,Comuna 1,Carriles Exclusivos,norte,4867.0
2024-10-02,CORDOBA AV. 1749,-58.392148,-34.599512,Comuna 2,Carriles Exclusivos,oeste,4816.0
2024-10-02,OLIVERA AV. 187,-58.487032,-34.637596,Comuna 10,calle_avenida,sur,4810.0
2024-10-02,"ROCA, CNEL. AV. 5870",-58.460539,-34.689402,Comuna 8,calle_avenida,este,4645.0
2024-10-02,LAS HERAS GENERAL AV. 2252,-58.396535,-34.588012,Comuna 2,Carriles Exclusivos,este,4507.0
2024-10-02,CASEROS AV. 3020,-58.406358,-34.637334,Comuna 4,calle_avenida,este,4483.0
2024-10-02,PUEYRREDON AV. 870,-58.404389,-34.600218,Comuna 3,Carriles Exclusivos,sur,4420.0
2024-10-02,"LIMA ESTE Y GARAY, JUAN DE",-58.382235,-34.626842,Comuna 1,calle_avenida,sur,4291.0
2024-10-02,ENTRE RIOS AV. 182,-58.391718,-34.611145,Comuna 1,Carriles Exclusivos,norte,3788.0
2024-10-02,CALLAO AV. 681,-58.392623,-34.601114,Comuna 1,Carriles Exclusivos,norte,3684.0
2024-10-02,ENTRE RIOS AV. 926,-58.391557,-34.619431,Comuna 1,Carriles Exclusivos,norte,3458.0
2024-10-02,VUELTA DE OBLIGADO 2179,-58.456328,-34.560704,Comuna 13,calle_avenida,norte,3349.0
2024-10-02,RIVADAVIA AV. 6626,-58.459176,-34.62777,Comuna 7,calle_avenida,este,3303.0
2024-10-02,VARELA AV. 2779,-58.438057,-34.655973,Comuna 8,calle_avenida,sur,3059.0
2024-10-02,CORDOBA AV. 1147,-58.383217,-34.599039,Comuna 1,Carriles Exclusivos,oeste,2500.0
2024-10-02,ENTRE RIOS AV. 678,-58.391572,-34.616551,Comuna 1,Carriles Exclusivos,norte,2194.0
2024-10-02,LIMA OESTE 1524,-58.382189,-34.6262,Comuna 1,calle_avenida,norte,1937.0
2024-10-02,"AU 25 DE MAYO (AU10), SENTIDO CENTRO (ASCENDENTE), PK: 6+301",-58.40283,-34.625953,Comuna 3,Autopista,este,1790.0
2024-10-09,AU. 25 DE MAYO - SENTIDO PROVINCIA - PK 1+261,-58.454008,-34.637039,Comuna 7,Autopista,oeste,36063.0
2024-10-09,FOREST AV. 634,-58.454309,-34.584925,Comuna 15,calle_avenida,sur,35327.0
2024-10-09,CORDOBA AV. 4570,-58.429776,-34.594591,Comuna 15,calle_avenida,oeste,33221.0
2024-10-09,GAONA AV. 2300,-58.459429,-34.613877,Comuna 6,calle_avenida,oeste,31544.0
2024-10-09,CORRIENTES AV. 5220,-58.439127,-34.59969,Comuna 15,calle_avenida,este,30742.0
2024-10-09,CALLAO AV. 1588,-58.391201,-34.591009,Comuna 2,calle_avenida,norte,28235.0
2024-10-09,CALLAO AV. 858,-58.39311,-34.599002,Comuna 2,calle_avenida,norte,27439.0
2024-10-09,"ALBERDI, JUAN BAUTISTA AV. 890",-58.440541,-34.623013,Comuna 6,calle_avenida,oeste,27229.0
2024-10-09,CORDOBA AV. 4471,-58.428774,-34.594989,Comuna 14,calle_avenida,oeste,27025.0
2024-10-09,AVELLANEDA AV. 1825,-58.456423,-34.621237,Comuna 7,calle_avenida,este,25282.0
2024-10-09,ALVAREZ THOMAS AV. 1294,-58.459831,-34.578312,Comuna 13,calle_avenida,oeste,24913.0
2024-10-09,CORDOBA AV. 1980,-58.395434,-34.599776,Comuna 3,calle_avenida,oeste,22660.0
2024-10-09,TRIUNVIRATO AV. 4520,-58.4848,-34.575403,Comuna 12,calle_avenida,este,22381.0
2024-10-09,PUEYRREDON AV. 214,-58.406212,-34.607467,Comuna 3,calle_avenida,sur,22240.0
2024-10-09,"SCALABRINI ORTIZ, RAUL AV. 1385",-58.427003,-34.592379,Comuna 14,calle_avenida,este,20809.0
2024-10-09,CORRIENTES AV. 6210,-58.448402,-34.591075,Comuna 15,calle_avenida,este,20567.0
2024-10-09,BELGRANO AV. 3218,-58.411416,-34.615436,Comuna 3,calle_avenida,este,19816.0
2024-10-09,INDEPENDENCIA AV. 2086,-58.395712,-34.618449,Comuna 3,calle_avenida,oeste,19711.0
2024-10-09,CORRIENTES AV. 3022,-58.408125,-34.604302,Comuna 3,calle_avenida,este,19301.0
2024-10-09,SAN JUAN AV. 1119,-58.381832,-34.622096,Comuna 1,calle_avenida,este,18624.0
2024-10-09,ENTRE RIOS AV. 1818,-58.390787,-34.629623,Comuna 1,calle_avenida,norte,17949.0
2024-10-09,"LACROZE, FEDERICO AV. 4199",-58.455081,-34.587105,Comuna 15,calle_avenida,sur,17467.0
2024-10-09,"GARAY, JUAN DE AV. 1769",-58.390037,-34.627139,Comuna 1,calle_avenida,oeste,17312.0
2024-10-09,SAN MARTIN AV. 1844,-58.454414,-34.605652,Comuna 6,calle_avenida,este,17184.0
2024-10-09,INDEPENDENCIA AV. 1784,-58.391307,-34.618226,Comuna 1,calle_avenida,oeste,16522.0
2024-10-09,BOEDO AV. 965,-58.416231,-34.624996,Comuna 5,calle_avenida,sur,16113.0
2024-10-09,VEDIA 3438,-58.86039,-34.544242,Comuna 12,calle_avenida,este,15589.0
2024-10-09,DEL LIBERTADOR AV. 5722,-58.445603,-34.55931,Comuna 13,calle_avenida,sur,15562.0
2024-10-09,PUEYRREDON AV. 1418,-58.402311,-34.594121,Comuna 2,calle_avenida,sur,15147.0
2024-10-09,BELGRANO AV. 324,-58.370911,-34.61249,Comuna 1,calle_avenida,este,15064.0
2024-10-09,PASEO COLON AV. 753,-58.369509,-34.616769,Comuna 1,calle_avenida,sur,14717.0
2024-10-09,CABILDO AV. 1716,-58.453855,-34.565367,Comuna 13,calle_avenida,sur,14358.0
2024-10-09,NAZCA AV. 479,-58.471328,-34.626678,Comuna 7,calle_avenida,norte,14055.0
2024-10-09,RIVADAVIA AV. 7218,-58.467187,-34.630203,Comuna 7,calle_avenida,este,13682.0
2024-10-09,LIMA 1365,-58.381495,-34.624262,Comuna 1,calle_avenida,sur,13590.0
2024-10-09,ENTRE RIOS AV. 326,-58.391646,-34.613,Comuna 1,calle_avenida,norte,13579.0
2024-10-09,"DE IRIGIOYEN, BERNARDO 1026",-58.3799,-34.62006,Comuna 1,calle_avenida,norte,13506.0
2024-10-09,RIVADAVIA AV. 2775,-58.405518,-34.610013,Comuna 3,calle_avenida,oeste,13239.0
2024-10-09,LAS HERAS GENERAL AV. 2289,-58.396838,-34.587651,Comuna 2,calle_avenida,oeste,13203.0
2024-10-09,RIVADAVIA AV. 4987,-58.43608,-34.618047,Comuna 6,calle_avenida,oeste,12842.0
2024-10-09,LIMA 281,-58.381872,-34.611723,Comuna 1,calle_avenida,sur,12800.0
2024-10-09,SUAREZ 1635,-58.373758,-34.638502,Comuna 4,calle_avenida,este,11600.0
2024-10-09,"LACROZE, FEDERICO AV. 2462",-58.445413,-34.571098,Comuna 13,calle_avenida,norte,10755.0
2024-10-09,"JUSTO, JUAN B. AV. 4781",-58.466338,-34.610364,Comuna 11,calle_avenida,oeste,10580.0
2024-10-09,"RABANAL, FRANCISCO, INTENDENTE AV. 1323",-58.417658,-34.654886,Comuna 4,calle_avenida,oeste,10527.0
2024-10-09,CORDOBA AV. 3329,-58.413685,-34.597847,Comuna 2,Carriles Exclusivos,oeste,10080.0
2024-10-09,AVELLANEDA AV. 2924,-58.471929,-34.626563,Comuna 7,calle_avenida,este,9369.0
2024-10-09,PASEO COLON AV. 400,-58.368952,-34.612207,Comuna 1,calle_avenida,norte,9114.0
2024-10-09,RIVADAVIA AV. 9618,-58.499769,-34.637578,Comuna 10,calle_avenida,este,8980.0
2024-10-09,RIVADAVIA AV. 10524,-58.511786,-34.639436,Comuna 9,calle_avenida,este,8928.0
2024-10-09,CORDOBA AV. 2801,-58.407164,-34.597965,Comuna 2,Carriles Exclusivos,oeste,8601.0
2024-10-09,CORDOBA AV. 3647,-58.417813,-34.597727,Comuna 14,Carriles Exclusivos,oeste,8366.0
2024-10-09,"ALEM, LEANDRO N. AV. 518",-58.370691,-34.601595,Comuna 1,calle_avenida,sur,8302.0
2024-10-09,VERTIZ VIRREY AV. 2010,-58.449507,-34.559083,Comuna 13,calle_avenida,sur,8291.0
2024-10-09,ROSARIO 21,-58.429075,-34.618311,Comuna 6,calle_avenida,este,8010.0
2024-10-09,CORDOBA AV. 2149,-58.398175,-34.599668,Comuna 2,Carriles Exclusivos,oeste,7965.0
2024-10-09,LARREA 477,-58.402156,-34.603736,Comuna 3,calle_avenida,norte,7756.0
2024-10-09,MOSCONI GENERAL AV. 3000,-58.50334,-34.587077,Comuna 12,calle_avenida,norte,7565.0
2024-10-09,"MONTES DE OCA, MANUEL AV. 1685",-58.373211,-34.646401,Comuna 4,calle_avenida,sur,7528.0
2024-10-09,PUEYRREDON AV. 459,-58.405495,-34.60505,Comuna 3,Carriles Exclusivos,norte,7448.0
2024-10-09,PUEYRREDON AV. 367,-58.40571,-34.605973,Comuna 3,Carriles Exclusivos,norte,7433.0
2024-10-09,"BEIRO, FRANCISCO AV. 2875",-58.494038,-34.594803,Comuna 15,calle_avenida,oeste,7429.0
2024-10-09,SANTA FE AV. 3889,-58.418132,-34.583669,Comuna 14,Carriles Exclusivos,oeste,7136.0
2024-10-09,PUEYRREDON AV. 350,-58.405942,-34.606096,Comuna 3,Carriles Exclusivos,sur,6824.0
2024-10-09,CORDOBA AV. 2523,-58.402911,-34.59879,Comuna 2,Carriles Exclusivos,oeste,6611.0
2024-10-09,SANTA FE AV. 4650,-58.425858,-34.578448,Comuna 14,calle_avenida,este,6234.0
2024-10-09,CALLAO AV. 337,-58.392133,-34.605181,Comuna 1,Carriles Exclusivos,norte,6105.0
2024-10-09,CORDOBA AV. 1749,-58.392148,-34.599512,Comuna 2,Carriles Exclusivos,oeste,6081.0
2024-10-09,"PERON, JUAN DOMINGO, TTE. GENERAL 2687",-58.404461,-34.607561,Comuna 3,calle_avenida,oeste,5634.0
2024-10-09,"ROCA, CNEL. AV. 5870",-58.460539,-34.689402,Comuna 8,calle_avenida,este,5415.0
2024-10-09,SANTA FE AV. 1483,-58.388215,-34.595676,Comuna 2,Carriles Exclusivos,oeste,5290.0
2024-10-09,"DE LA TORRE, LISANDRO 663",-58.520368,-34.646059,Comuna 9,calle_avenida,sur,5268.0
2024-10-09,CASEROS AV. 3020,-58.406358,-34.637334,Comuna 4,calle_avenida,este,5206.0
2024-10-09,OLIVERA AV. 187,-58.487032,-34.637596,Comuna 10,calle_avenida,sur,5127.0
2024-10-09,LAS HERAS GENERAL AV. 1870,-58.392633,-34.591284,Comuna 2,Carriles Exclusivos,este,5071.0
2024-10-09,PUEYRREDON AV. 768,-58.404705,-34.601207,Comuna 3,Carriles Exclusivos,sur,4986.0
2024-10-09,CALLAO AV. 681,-58.392623,-34.601114,Comuna 1,Carriles Exclusivos,norte,4876.0
2024-10-09,CORDOBA AV. 3143,-58.410998,-34.597969,Comuna 2,Carriles Exclusivos,oeste,4796.0
2024-10-09,"LIMA ESTE Y GARAY, JUAN DE",-58.382235,-34.626842,Comuna 1,calle_avenida,sur,4792.0
2024-10-09,ENTRE RIOS AV. 926,-58.391557,-34.619431,Comuna 1,Carriles Exclusivos,norte,4625.0
2024-10-09,LAS HERAS GENERAL AV. 2252,-58.396535,-34.588012,Comuna 2,Carriles Exclusivos,este,4525.0
2024-10-09,PUEYRREDON AV. 870,-58.404389,-34.600218,Comuna 3,Carriles Exclusivos,sur,4389.0
2024-10-09,SANTA FE AV. 2622,-58.403884,-34.594047,Comuna 2,calle_avenida,este,4253.0
2024-10-09,RIVADAVIA AV. 7420,-58.469991,-34.630911,Comuna 7,calle_avenida,este,4186.0
2024-10-09,ENTRE RIOS AV. 182,-58.391718,-34.611145,Comuna 1,Carriles Exclusivos,norte,3675.0
2024-10-09,VARELA AV. 2779,-58.438057,-34.655973,Comuna 8,calle_avenida,sur,3418.0
2024-10-09,VUELTA DE OBLIGADO 2179,-58.456328,-34.560704,Comuna 13,calle_avenida,norte,3314.0
2024-10-09,ENTRE RIOS AV. 678,-58.391572,-34.616551,Comuna 1,Carriles Exclusivos,norte,3093.0
2024-10-09,CORDOBA AV. 1147,-58.383217,-34.599039,Comuna 1,Carriles Exclusivos,oeste,3020.0
2024-10-09,LIMA OESTE 1524,-58.382189,-34.6262,Comuna 1,calle_avenida,norte,2033.0
2024-10-09,"AU 25 DE MAYO (AU10), SENTIDO CENTRO (ASCENDENTE), PK: 6+301",-58.40283,-34.625953,Comuna 3,Autopista,este,1929.0
2024-10-09,CORDOBA AV. 1431,-58.387335,-34.599232,Comuna 2,Carriles Exclusivos,oeste,1709.0
2024-10-09,AU. PERITO MORENO - SENTIDO PROVINCIA - PK 0+701,-58.522022,-34.636805,Comuna 9,Autopista,oeste,179.0
2024-10-16,FOREST AV. 634,-58.454309,-34.584925,Comuna 15,calle_avenida,sur,35045.0
2024-10-16,CORDOBA AV. 4570,-58.429776,-34.594591,Comuna 15,calle_avenida,oeste,33796.0
2024-10-16,AU. 25 DE MAYO - SENTIDO PROVINCIA - PK 2+701,-58.439777,-34.631321,Comuna 7,Autopista,oeste,33001.0
2024-10-16,GAONA AV. 2300,-58.459429,-34.613877,Comuna 6,calle_avenida,oeste,31991.0
2024-10-16,CORRIENTES AV. 5220,-58.439127,-34.59969,Comuna 15,calle_avenida,este,30828.0
2024-10-16,ENTRE RIOS AV. 326,-58.391646,-34.613,Comuna 1,calle_avenida,norte,29404.0
2024-10-16,CALLAO AV. 1588,-58.391201,-34.591009,Comuna 2,calle_avenida,norte,29333.0
2024-10-16,AU. 25 DE MAYO - SENTIDO PROVINCIA - PK 1+261,-58.454008,-34.637039,Comuna 7,Autopista,oeste,29311.0
2024-10-16,CORDOBA AV. 4471,-58.428774,-34.594989,Comuna 14,calle_avenida,oeste,28577.0
2024-10-16,CALLAO AV. 858,-58.39311,-34.599002,Comuna 2,calle_avenida,norte,28112.0
2024-10-16,DEL LIBERTADOR AV. 5722,-58.445603,-34.55931,Comuna 13,calle_avenida,sur,27960.0
2024-10-16,AVELLANEDA AV. 1825,-58.456423,-34.621237,Comuna 7,calle_avenida,este,24467.0
2024-10-16,CORDOBA AV. 1980,-58.395434,-34.599776,Comuna 3,calle_avenida,oeste,22186.0
2024-10-16,CORRIENTES AV. 3022,-58.408125,-34.604302,Comuna 3,calle_avenida,este,21795.0
2024-10-16,ALVAREZ THOMAS AV. 1294,-58.459831,-34.578312,Comuna 13,calle_avenida,oeste,21550.0
2024-10-16,TRIUNVIRATO AV. 4520,-58.4848,-34.575403,Comuna 12,calle_avenida,este,21269.0
2024-10-16,"ALBERDI, JUAN BAUTISTA AV. 890",-58.440541,-34.623013,Comuna 6,calle_avenida,oeste,20593.0
2024-10-16,"SCALABRINI ORTIZ, RAUL AV. 1385",-58.427003,-34.592379,Comuna 14,calle_avenida,este,20581.0
2024-10-16,CORRIENTES AV. 6210,-58.448402,-34.591075,Comuna 15,calle_avenida,este,20276.0
2024-10-16,PUEYRREDON AV. 214,-58.406212,-34.607467,Comuna 3,calle_avenida,sur,19317.0
2024-10-16,BELGRANO AV. 3218,-58.411416,-34.615436,Comuna 3,calle_avenida,este,18972.0
2024-10-16,ENTRE RIOS AV. 1818,-58.390787,-34.629623,Comuna 1,calle_avenida,norte,17801.0
2024-10-16,"LACROZE, FEDERICO AV. 4199",-58.455081,-34.587105,Comuna 15,calle_avenida,sur,17537.0
2024-10-16,INDEPENDENCIA AV. 2086,-58.395712,-34.618449,Comuna 3,calle_avenida,oeste,16876.0
2024-10-16,BOEDO AV. 965,-58.416231,-34.624996,Comuna 5,calle_avenida,sur,15760.0
2024-10-16,"GARAY, JUAN DE AV. 1769",-58.390037,-34.627139,Comuna 1,calle_avenida,oeste,15505.0
2024-10-16,PUEYRREDON AV. 1418,-58.402311,-34.594121,Comuna 2,calle_avenida,sur,15501.0
2024-10-16,INDEPENDENCIA AV. 1784,-58.391307,-34.618226,Comuna 1,calle_avenida,oeste,14980.0
2024-10-16,CABILDO AV. 1716,-58.453855,-34.565367,Comuna 13,calle_avenida,sur,14649.0
2024-10-16,VEDIA 3438,-58.86039,-34.544242,Comuna 12,calle_avenida,este,14247.0
2024-10-16,"DE IRIGIOYEN, BERNARDO 1026",-58.3799,-34.62006,Comuna 1,calle_avenida,norte,13865.0
2024-10-16,NAZCA AV. 479,-58.471328,-34.626678,Comuna 7,calle_avenida,norte,13825.0
2024-10-16,LIMA 1365,-58.381495,-34.624262,Comuna 1,calle_avenida,sur,13821.0
2024-10-16,SAN MARTIN AV. 1844,-58.454414,-34.605652,Comuna 6,calle_avenida,este,13532.0
2024-10-16,BELGRANO AV. 324,-58.370911,-34.61249,Comuna 1,calle_avenida,este,13078.0
2024-10-16,RIVADAVIA AV. 7218,-58.467187,-34.630203,Comuna 7,calle_avenida,este,13043.0
2024-10-16,RIVADAVIA AV. 4987,-58.43608,-34.618047,Comuna 6,calle_avenida,oeste,12910.0
2024-10-16,LIMA 281,-58.381872,-34.611723,Comuna 1,calle_avenida,sur,12380.0
2024-10-16,RIVADAVIA AV. 2775,-58.405518,-34.610013,Comuna 3,calle_avenida,oeste,11624.0
2024-10-16,SUAREZ 1635,-58.373758,-34.638502,Comuna 4,calle_avenida,este,11211.0
2024-10-16,AU. PERITO MORENO - SENTIDO PROVINCIA - PK 0+701,-58.522022,-34.636805,Comuna 9,Autopista,oeste,11132.0
2024-10-16,"LACROZE, FEDERICO AV. 2462",-58.445413,-34.571098,Comuna 13,calle_avenida,norte,10875.0
2024-10-16,CORDOBA AV. 3329,-58.413685,-34.597847,Comuna 2,Carriles Exclusivos,oeste,10088.0
2024-10-16,SAN JUAN AV. 1119,-58.381832,-34.622096,Comuna 1,calle_avenida,este,9773.0
2024-10-16,"RABANAL, FRANCISCO, INTENDENTE AV. 1323",-58.417658,-34.654886,Comuna 4,calle_avenida,oeste,9629.0
2024-10-16,CALLAO AV. 337,-58.392133,-34.605181,Comuna 1,Carriles Exclusivos,norte,8867.0
2024-10-16,"ALEM, LEANDRO N. AV. 518",-58.370691,-34.601595,Comuna 1,calle_avenida,sur,8636.0
2024-10-16,"JUSTO, JUAN B. AV. 4781",-58.466338,-34.610364,Comuna 11,calle_avenida,oeste,8607.0
2024-10-16,CORDOBA AV. 2149,-58.398175,-34.599668,Comuna 2,Carriles Exclusivos,oeste,8246.0
2024-10-16,VERTIZ VIRREY AV. 2010,-58.449507,-34.559083,Comuna 13,calle_avenida,sur,8049.0
2024-10-16,PASEO COLON AV. 753,-58.369509,-34.616769,Comuna 1,calle_avenida,sur,7936.0
2024-10-16,CORDOBA AV. 2801,-58.407164,-34.597965,Comuna 2,Carriles Exclusivos,oeste,7840.0
2024-10-16,AVELLANEDA AV. 2924,-58.471929,-34.626563,Comuna 7,calle_avenida,este,7594.0
2024-10-16,"MONTES DE OCA, MANUEL AV. 1685",-58.373211,-34.646401,Comuna 4,calle_avenida,sur,7573.0
2024-10-16,LARREA 477,-58.402156,-34.603736,Comuna 3,calle_avenida,norte,7553.0
2024-10-16,ROSARIO 21,-58.429075,-34.618311,Comuna 6,calle_avenida,este,7537.0
2024-10-16,PASEO COLON AV. 400,-58.368952,-34.612207,Comuna 1,calle_avenida,norte,7439.0
2024-10-16,SANTA FE AV. 3889,-58.418132,-34.583669,Comuna 14,Carriles Exclusivos,oeste,7308.0
2024-10-16,RIVADAVIA AV. 10524,-58.511786,-34.639436,Comuna 9,calle_avenida,este,7156.0
2024-10-16,CORDOBA AV. 3647,-58.417813,-34.597727,Comuna 14,Carriles Exclusivos,oeste,7116.0
2024-10-16,RIVADAVIA AV. 7420,-58.469991,-34.630911,Comuna 7,calle_avenida,este,6941.0
2024-10-16,CALLAO AV. 681,-58.392623,-34.601114,Comuna 1,Carriles Exclusivos,norte,6748.0
2024-10-16,PUEYRREDON AV. 459,-58.405495,-34.60505,Comuna 3,Carriles Exclusivos,norte,6725.0
2024-10-16,"PERON, JUAN DOMINGO, TTE. GENERAL 2687",-58.404461,-34.607561,Comuna 3,calle_avenida,oeste,6716.0
2024-10-16,CORDOBA AV. 1431,-58.387335,-34.599232,Comuna 2,Carriles Exclusivos,oeste,6287.0
2024-10-16,"BEIRO, FRANCISCO AV. 2875",-58.494038,-34.594803,Comuna 15,calle_avenida,oeste,6190.0
2024-10-16,MOSCONI GENERAL AV. 3000,-58.50334,-34.587077,Comuna 12,calle_avenida,norte,5896.0
2024-10-16,ENTRE RIOS AV. 926,-58.391557,-34.619431,Comuna 1,Carriles Exclusivos,norte,5879.0
2024-10-16,ENTRE RIOS AV. 182,-58.391718,-34.611145,Comuna 1,Carriles Exclusivos,norte,5779.0
2024-10-16,CORDOBA AV. 2523,-58.402911,-34.59879,Comuna 2,Carriles Exclusivos,oeste,5736.0
2024-10-16,"ROCA, CNEL. AV. 5870",-58.460539,-34.689402,Comuna 8,calle_avenida,este,5666.0
2024-10-16,SANTA FE AV. 4650,-58.425858,-34.578448,Comuna 14,calle_avenida,este,5642.0
2024-10-16,CORDOBA AV. 1749,-58.392148,-34.599512,Comuna 2,Carriles Exclusivos,oeste,5359.0
2024-10-16,SANTA FE AV. 1483,-58.388215,-34.595676,Comuna 2,Carriles Exclusivos,oeste,5240.0
2024-10-16,PUEYRREDON AV. 768,-58.404705,-34.601207,Comuna 3,Carriles Exclusivos,sur,5093.0
2024-10-16,CORDOBA AV. 3143,-58.410998,-34.597969,Comuna 2,Carriles Exclusivos,oeste,5081.0
2024-10-16,LAS HERAS GENERAL AV. 1870,-58.392633,-34.591284,Comuna 2,Carriles Exclusivos,este,5065.0
2024-10-16,OLIVERA AV. 187,-58.487032,-34.637596,Comuna 10,calle_avenida,sur,4864.0
2024-10-16,"LIMA ESTE Y GARAY, JUAN DE",-58.382235,-34.626842,Comuna 1,calle_avenida,sur,4809.0
2024-10-16,CASEROS AV. 3020,-58.406358,-34.637334,Comuna 4,calle_avenida,este,4804.0
2024-10-16,PUEYRREDON AV. 870,-58.404389,-34.600218,Comuna 3,Carriles Exclusivos,sur,4782.0
2024-10-16,"DE LA TORRE, LISANDRO 663",-58.520368,-34.646059,Comuna 9,calle_avenida,sur,4746.0
2024-10-16,PUEYRREDON AV. 350,-58.405942,-34.606096,Comuna 3,Carriles Exclusivos,sur,4722.0
2024-10-16,RIVADAVIA AV. 6626,-58.459176,-34.62777,Comuna 7,calle_avenida,este,4693.0
2024-10-16,SANTA FE AV. 2622,-58.403884,-34.594047,Comuna 2,calle_avenida,este,4631.0
2024-10-16,LAS HERAS GENERAL AV. 2252,-58.396535,-34.588012,Comuna 2,Carriles Exclusivos,este,4588.0
2024-10-16,PUEYRREDON AV. 367,-58.40571,-34.605973,Comuna 3,Carriles Exclusivos,norte,4272.0
2024-10-16,ENTRE RIOS AV. 678,-58.391572,-34.616551,Comuna 1,Carriles Exclusivos,norte,3779.0
2024-10-16,VUELTA DE OBLIGADO 2179,-58.456328,-34.560704,Comuna 13,calle_avenida,norte,3277.0
2024-10-16,VARELA AV. 2779,-58.438057,-34.655973,Comuna 8,calle_avenida,sur,3105.0
2024-10-16,CORDOBA AV. 1147,-58.383217,-34.599039,Comuna 1,Carriles Exclusivos,oeste,2847.0
2024-10-16,LIMA OESTE 1524,-58.382189,-34.6262,Comuna 1,calle_avenida,norte,1976.0
2024-10-16,"AU 25 DE MAYO (AU10), SENTIDO CENTRO (ASCENDENTE), PK: 6+301",-58.40283,-34.625953,Comuna 3,Autopista,este,1829.0
2024-10-23,AU. 25 DE MAYO - SENTIDO PROVINCIA - PK 2+701,-58.439777,-34.631321,Comuna 7,Autopista,oeste,34988.0
2024-10-23,AU. 25 DE MAYO - SENTIDO PROVINCIA - PK 1+261,-58.454008,-34.637039,Comuna 7,Autopista,oeste,33869.0
2024-10-23,CORDOBA AV. 4570,-58.429776,-34.594591,Comuna 15,calle_avenida,oeste,31862.0
2024-10-23,CORRIENTES AV. 5220,-58.439127,-34.59969,Comuna 15,calle_avenida,este,31492.0
2024-10-23,GAONA AV. 2300,-58.459429,-34.613877,Comuna 6,calle_avenida,oeste,31072.0
2024-10-23,CALLAO AV. 858,-58.39311,-34.599002,Comuna 2,calle_avenida,norte,29433.0
2024-10-23,ENTRE RIOS AV. 326,-58.391646,-34.613,Comuna 1,calle_avenida,norte,27766.0
2024-10-23,CALLAO AV. 1588,-58.391201,-34.591009,Comuna 2,calle_avenida,norte,27350.0
2024-10-23,ALVAREZ THOMAS AV. 1294,-58.459831,-34.578312,Comuna 13,calle_avenida,oeste,26110.0
2024-10-23,CORDOBA AV. 4471,-58.428774,-34.594989,Comuna 14,calle_avenida,oeste,23715.0
2024-10-23,CORDOBA AV. 1980,-58.395434,-34.599776,Comuna 3,calle_avenida,oeste,23638.0
2024-10-23,AVELLANEDA AV. 1825,-58.456423,-34.621237,Comuna 7,calle_avenida,este,23603.0
2024-10-23,PUEYRREDON AV. 214,-58.406212,-34.607467,Comuna 3,calle_avenida,sur,22132.0
2024-10-23,CORRIENTES AV. 3022,-58.408125,-34.604302,Comuna 3,calle_avenida,este,21934.0
2024-10-23,CORRIENTES AV. 6210,-58.448402,-34.591075,Comuna 15,calle_avenida,este,21495.0
2024-10-23,TRIUNVIRATO AV. 4520,-58.4848,-34.575403,Comuna 12,calle_avenida,este,20414.0
2024-10-23,BELGRANO AV. 3218,-58.411416,-34.615436,Comuna 3,calle_avenida,este,20150.0
2024-10-23,"SCALABRINI ORTIZ, RAUL AV. 1385",-58.427003,-34.592379,Comuna 14,calle_avenida,este,18913.0
2024-10-23,ENTRE RIOS AV. 1818,-58.390787,-34.629623,Comuna 1,calle_avenida,norte,18693.0
2024-10-23,RIVADAVIA AV. 2775,-58.405518,-34.610013,Comuna 3,calle_avenida,oeste,17937.0
2024-10-23,"ALBERDI, JUAN BAUTISTA AV. 890",-58.440541,-34.623013,Comuna 6,calle_avenida,oeste,17557.0
2024-10-23,"LACROZE, FEDERICO AV. 4199",-58.455081,-34.587105,Comuna 15,calle_avenida,sur,16969.0
2024-10-23,BELGRANO AV. 324,-58.370911,-34.61249,Comuna 1,calle_avenida,este,16872.0
2024-10-23,SAN MARTIN AV. 1844,-58.454414,-34.605652,Comuna 6,calle_avenida,este,16332.0
2024-10-23,"GARAY, JUAN DE AV. 1769",-58.390037,-34.627139,Comuna 1,calle_avenida,oeste,16287.0
2024-10-23,INDEPENDENCIA AV. 2086,-58.395712,-34.618449,Comuna 3,calle_avenida,oeste,15731.0
2024-10-23,BOEDO AV. 965,-58.416231,-34.624996,Comuna 5,calle_avenida,sur,15623.0
2024-10-23,VEDIA 3438,-58.86039,-34.544242,Comuna 12,calle_avenida,este,15199.0
2024-10-23,PUEYRREDON AV. 1418,-58.402311,-34.594121,Comuna 2,calle_avenida,sur,14392.0
2024-10-23,CABILDO AV. 1716,-58.453855,-34.565367,Comuna 13,calle_avenida,sur,14150.0
2024-10-23,FOREST AV. 634,-58.454309,-34.584925,Comuna 15,calle_avenida,sur,13461.0
2024-10-23,NAZCA AV. 479,-58.471328,-34.626678,Comuna 7,calle_avenida,norte,12866.0
2024-10-23,LIMA 1365,-58.381495,-34.624262,Comuna 1,calle_avenida,sur,12839.0
2024-10-23,RIVADAVIA AV. 7218,-58.467187,-34.630203,Comuna 7,calle_avenida,este,12665.0
2024-10-23,"DE IRIGIOYEN, BERNARDO 1026",-58.3799,-34.62006,Comuna 1,calle_avenida,norte,12244.0
2024-10-23,LIMA 281,-58.381872,-34.611723,Comuna 1,calle_avenida,sur,11736.0
2024-10-23,AU. PERITO MORENO - SENTIDO PROVINCIA - PK 0+701,-58.522022,-34.636805,Comuna 9,Autopista,oeste,11642.0
2024-10-23,"RABANAL, FRANCISCO, INTENDENTE AV. 1323",-58.417658,-34.654886,Comuna 4,calle_avenida,oeste,10831.0
2024-10-23,SUAREZ 1635,-58.373758,-34.638502,Comuna 4,calle_avenida,este,10817.0
2024-10-23,AVELLANEDA AV. 2924,-58.471929,-34.626563,Comuna 7,calle_avenida,este,10409.0
2024-10-23,"LACROZE, FEDERICO AV. 2462",-58.445413,-34.571098,Comuna 13,calle_avenida,norte,10352.0
2024-10-23,CORDOBA AV. 3329,-58.413685,-34.597847,Comuna 2,Carriles Exclusivos,oeste,10341.0
2024-10-23,SAN JUAN AV. 1119,-58.381832,-34.622096,Comuna 1,calle_avenida,este,9488.0
2024-10-23,CORDOBA AV. 2801,-58.407164,-34.597965,Comuna 2,Carriles Exclusivos,oeste,9264.0
2024-10-23,CORDOBA AV. 2149,-58.398175,-34.599668,Comuna 2,Carriles Exclusivos,oeste,9152.0
2024-10-23,"JUSTO, JUAN B. AV. 4781",-58.466338,-34.610364,Comuna 11,calle_avenida,oeste,9146.0
2024-10-23,CALLAO AV. 337,-58.392133,-34.605181,Comuna 1,Carriles Exclusivos,norte,9105.0
2024-10-23,"ALEM, LEANDRO N. AV. 518",-58.370691,-34.601595,Comuna 1,calle_avenida,sur,9054.0
2024-10-23,RIVADAVIA AV. 10524,-58.511786,-34.639436,Comuna 9,calle_avenida,este,8808.0
2024-10-23,VERTIZ VIRREY AV. 2010,-58.449507,-34.559083,Comuna 13,calle_avenida,sur,8722.0
2024-10-23,RIVADAVIA AV. 7420,-58.469991,-34.630911,Comuna 7,calle_avenida,este,8471.0
2024-10-23,RIVADAVIA AV. 4987,-58.43608,-34.618047,Comuna 6,calle_avenida,oeste,8439.0
2024-10-23,CORDOBA AV. 3647,-58.417813,-34.597727,Comuna 14,Carriles Exclusivos,oeste,8417.0
2024-10-23,PASEO COLON AV. 400,-58.368952,-34.612207,Comuna 1,calle_avenida,norte,8288.0
2024-10-23,SANTA FE AV. 4650,-58.425858,-34.578448,Comuna 14,calle_avenida,este,8006.0
2024-10-23,"BEIRO, FRANCISCO AV. 2875",-58.494038,-34.594803,Comuna 15,calle_avenida,oeste,7853.0
2024-10-23,"MONTES DE OCA, MANUEL AV. 1685",-58.373211,-34.646401,Comuna 4,calle_avenida,sur,7420.0
2024-10-23,ROSARIO 21,-58.429075,-34.618311,Comuna 6,calle_avenida,este,7329.0
2024-10-23,LARREA 477,-58.402156,-34.603736,Comuna 3,calle_avenida,norte,6940.0
2024-10-23,SANTA FE AV. 3889,-58.418132,-34.583669,Comuna 14,Carriles Exclusivos,oeste,6612.0
2024-10-23,CORDOBA AV. 1431,-58.387335,-34.599232,Comuna 2,Carriles Exclusivos,oeste,6449.0
2024-10-23,ENTRE RIOS AV. 182,-58.391718,-34.611145,Comuna 1,Carriles Exclusivos,norte,6331.0
2024-10-23,MOSCONI GENERAL AV. 3000,-58.50334,-34.587077,Comuna 12,calle_avenida,norte,6166.0
2024-10-23,PUEYRREDON AV. 459,-58.405495,-34.60505,Comuna 3,Carriles Exclusivos,norte,5724.0
2024-10-23,PASEO COLON AV. 753,-58.369509,-34.616769,Comuna 1,calle_avenida,sur,5582.0
2024-10-23,CORDOBA AV. 2523,-58.402911,-34.59879,Comuna 2,Carriles Exclusivos,oeste,5511.0
2024-10-23,OLIVERA AV. 187,-58.487032,-34.637596,Comuna 10,calle_avenida,sur,5402.0
2024-10-23,CORDOBA AV. 3143,-58.410998,-34.597969,Comuna 2,Carriles Exclusivos,oeste,5309.0
2024-10-23,ENTRE RIOS AV. 926,-58.391557,-34.619431,Comuna 1,Carriles Exclusivos,norte,5289.0
2024-10-23,PUEYRREDON AV. 768,-58.404705,-34.601207,Comuna 3,Carriles Exclusivos,sur,5250.0
2024-10-23,"PERON, JUAN DOMINGO, TTE. GENERAL 2687",-58.404461,-34.607561,Comuna 3,calle_avenida,oeste,5226.0
2024-10-23,"DE LA TORRE, LISANDRO 663",-58.520368,-34.646059,Comuna 9,calle_avenida,sur,5143.0
2024-10-23,CASEROS AV. 3020,-58.406358,-34.637334,Comuna 4,calle_avenida,este,5123.0
2024-10-23,PUEYRREDON AV. 870,-58.404389,-34.600218,Comuna 3,Carriles Exclusivos,sur,4985.0
2024-10-23,SANTA FE AV. 1483,-58.388215,-34.595676,Comuna 2,Carriles Exclusivos,oeste,4942.0
2024-10-23,LAS HERAS GENERAL AV. 1870,-58.392633,-34.591284,Comuna 2,Carriles Exclusivos,este,4869.0
2024-10-23,CORDOBA AV. 1749,-58.392148,-34.599512,Comuna 2,Carriles Exclusivos,oeste,4860.0
2024-10-23,"ROCA, CNEL. AV. 5870",-58.460539,-34.689402,Comuna 8,calle_avenida,este,4463.0
2024-10-23,"LIMA ESTE Y GARAY, JUAN DE",-58.382235,-34.626842,Comuna 1,calle_avenida,sur,4446.0
2024-10-23,SANTA FE AV. 2622,-58.403884,-34.594047,Comuna 2,calle_avenida,este,4439.0
2024-10-23,RIVADAVIA AV. 6626,-58.459176,-34.62777,Comuna 7,calle_avenida,este,4405.0
2024-10-23,PUEYRREDON AV. 367,-58.40571,-34.605973,Comuna 3,Carriles Exclusivos,norte,4227.0
2024-10-23,LAS HERAS GENERAL AV. 2252,-58.396535,-34.588012,Comuna 2,Carriles Exclusivos,este,4148.0
2024-10-23,CALLAO AV. 681,-58.392623,-34.601114,Comuna 1,Carriles Exclusivos,norte,4088.0
2024-10-23,ENTRE RIOS AV. 678,-58.391572,-34.616551,Comuna 1,Carriles Exclusivos,norte,3340.0
2024-10-23,VUELTA DE OBLIGADO 2179,-58.456328,-34.560704,Comuna 13,calle_avenida,norte,3218.0
2024-10-23,VARELA AV. 2779,-58.438057,-34.655973,Comuna 8,calle_avenida,sur,3189.0
2024-10-23,CORDOBA AV. 1147,-58.383217,-34.599039,Comuna 1,Carriles Exclusivos,oeste,2658.0
2024-10-23,PUEYRREDON AV. 350,-58.405942,-34.606096,Comuna 3,Carriles Exclusivos,sur,2640.0
2024-10-23,LIMA OESTE 1524,-58.382189,-34.6262,Comuna 1,calle_avenida,norte,2195.0
2024-10-23,"AU 25 DE MAYO (AU10), SENTIDO CENTRO (ASCENDENTE), PK: 6+301",-58.40283,-34.625953,Comuna 3,Autopista,este,1888.0
2024-10-30,CORDOBA AV. 4570,-58.429776,-34.594591,Comuna 15,calle_avenida,oeste,35313.0
2024-10-30,GAONA AV. 2300,-58.459429,-34.613877,Comuna 6,calle_avenida,oeste,32206.0
2024-10-30,CORRIENTES AV. 5220,-58.439127,-34.59969,Comuna 15,calle_avenida,este,31648.0
2024-10-30,CALLAO AV. 858,-58.39311,-34.599002,Comuna 2,calle_avenida,norte,31489.0
2024-10-30,CORDOBA AV. 4471,-58.428774,-34.594989,Comuna 14,calle_avenida,oeste,30412.0
2024-10-30,ENTRE RIOS AV. 326,-58.391646,-34.613,Comuna 1,calle_avenida,norte,29020.0
2024-10-30,CALLAO AV. 1588,-58.391201,-34.591009,Comuna 2,calle_avenida,norte,28879.0
2024-10-30,AU. 25 DE MAYO - SENTIDO PROVINCIA - PK 2+701,-58.439777,-34.631321,Comuna 7,Autopista,oeste,27570.0
2024-10-30,AVELLANEDA AV. 1825,-58.456423,-34.621237,Comuna 7,calle_avenida,este,26096.0
2024-10-30,AU. 25 DE MAYO - SENTIDO PROVINCIA - PK 1+261,-58.454008,-34.637039,Comuna 7,Autopista,oeste,25411.0
2024-10-30,"ALBERDI, JUAN BAUTISTA AV. 890",-58.440541,-34.623013,Comuna 6,calle_avenida,oeste,25308.0
2024-10-30,CORDOBA AV. 1980,-58.395434,-34.599776,Comuna 3,calle_avenida,oeste,24305.0
2024-10-30,ALVAREZ THOMAS AV. 1294,-58.459831,-34.578312,Comuna 13,calle_avenida,oeste,23098.0
2024-10-30,TRIUNVIRATO AV. 4520,-58.4848,-34.575403,Comuna 12,calle_avenida,este,21229.0
2024-10-30,CORRIENTES AV. 6210,-58.448402,-34.591075,Comuna 15,calle_avenida,este,21045.0
2024-10-30,CORRIENTES AV. 3022,-58.408125,-34.604302,Comuna 3,calle_avenida,este,20293.0
2024-10-30,PUEYRREDON AV. 214,-58.406212,-34.607467,Comuna 3,calle_avenida,sur,20102.0
2024-10-30,"SCALABRINI ORTIZ, RAUL AV. 1385",-58.427003,-34.592379,Comuna 14,calle_avenida,este,19747.0
2024-10-30,INDEPENDENCIA AV. 2086,-58.395712,-34.618449,Comuna 3,calle_avenida,oeste,19537.0
2024-10-30,BELGRANO AV. 3218,-58.411416,-34.615436,Comuna 3,calle_avenida,este,18165.0
2024-10-30,SAN MARTIN AV. 1844,-58.454414,-34.605652,Comuna 6,calle_avenida,este,18120.0
2024-10-30,"LACROZE, FEDERICO AV. 4199",-58.455081,-34.587105,Comuna 15,calle_avenida,sur,17425.0
2024-10-30,ENTRE RIOS AV. 1818,-58.390787,-34.629623,Comuna 1,calle_avenida,norte,17411.0
2024-10-30,CABILDO AV. 1716,-58.453855,-34.565367,Comuna 13,calle_avenida,sur,15593.0
2024-10-30,NAZCA AV. 479,-58.471328,-34.626678,Comuna 7,calle_avenida,norte,15514.0
2024-10-30,BOEDO AV. 965,-58.416231,-34.624996,Comuna 5,calle_avenida,sur,15225.0
2024-10-30,PUEYRREDON AV. 1418,-58.402311,-34.594121,Comuna 2,calle_avenida,sur,15080.0
2024-10-30,"GARAY, JUAN DE AV. 1769",-58.390037,-34.627139,Comuna 1,calle_avenida,oeste,14105.0
2024-10-30,LIMA 1365,-58.381495,-34.624262,Comuna 1,calle_avenida,sur,13709.0
2024-10-30,RIVADAVIA AV. 4987,-58.43608,-34.618047,Comuna 6,calle_avenida,oeste,13606.0
2024-10-30,VEDIA 3438,-58.86039,-34.544242,Comuna 12,calle_avenida,este,13174.0
2024-10-30,SAN JUAN AV. 1119,-58.381832,-34.622096,Comuna 1,calle_avenida,este,13083.0
2024-10-30,BELGRANO AV. 324,-58.370911,-34.61249,Comuna 1,calle_avenida,este,12557.0
2024-10-30,"DE IRIGIOYEN, BERNARDO 1026",-58.3799,-34.62006,Comuna 1,calle_avenida,norte,12314.0
2024-10-30,LIMA 281,-58.381872,-34.611723,Comuna 1,calle_avenida,sur,11552.0
2024-10-30,RIVADAVIA AV. 2775,-58.405518,-34.610013,Comuna 3,calle_avenida,oeste,11440.0
2024-10-30,"LACROZE, FEDERICO AV. 2462",-58.445413,-34.571098,Comuna 13,calle_avenida,norte,11268.0
2024-10-30,SUAREZ 1635,-58.373758,-34.638502,Comuna 4,calle_avenida,este,11112.0
2024-10-30,AU. PERITO MORENO - SENTIDO PROVINCIA - PK 0+701,-58.522022,-34.636805,Comuna 9,Autopista,oeste,9074.0
2024-10-30,PASEO COLON AV. 753,-58.369509,-34.616769,Comuna 1,calle_avenida,sur,8849.0
2024-10-30,VERTIZ VIRREY AV. 2010,-58.449507,-34.559083,Comuna 13,calle_avenida,sur,8733.0
2024-10-30,CALLAO AV. 337,-58.392133,-34.605181,Comuna 1,Carriles Exclusivos,norte,8688.0
2024-10-30,CORDOBA AV. 2149,-58.398175,-34.599668,Comuna 2,Carriles Exclusivos,oeste,8618.0
2024-10-30,LARREA 477,-58.402156,-34.603736,Comuna 3,calle_avenida,norte,8448.0
2024-10-30,"RABANAL, FRANCISCO, INTENDENTE AV. 1323",-58.417658,-34.654886,Comuna 4,calle_avenida,oeste,8287.0
2024-10-30,RIVADAVIA AV. 7420,-58.469991,-34.630911,Comuna 7,calle_avenida,este,8070.0
2024-10-30,PUEYRREDON AV. 350,-58.405942,-34.606096,Comuna 3,Carriles Exclusivos,sur,8062.0
2024-10-30,CORDOBA AV. 2801,-58.407164,-34.597965,Comuna 2,Carriles Exclusivos,oeste,7879.0
2024-10-30,RIVADAVIA AV. 10524,-58.511786,-34.639436,Comuna 9,calle_avenida,este,7818.0
2024-10-30,CORDOBA AV. 3329,-58.413685,-34.597847,Comuna 2,Carriles Exclusivos,oeste,7804.0
2024-10-30,"ALEM, LEANDRO N. AV. 518",-58.370691,-34.601595,Comuna 1,calle_avenida,sur,7719.0
2024-10-30,"JUSTO, JUAN B. AV. 4781",-58.466338,-34.610364,Comuna 11,calle_avenida,oeste,7706.0
2024-10-30,PASEO COLON AV. 400,-58.368952,-34.612207,Comuna 1,calle_avenida,norte,7426.0
2024-10-30,SANTA FE AV. 3889,-58.418132,-34.583669,Comuna 14,Carriles Exclusivos,oeste,7335.0
2024-10-30,"MONTES DE OCA, MANUEL AV. 1685",-58.373211,-34.646401,Comuna 4,calle_avenida,sur,7284.0
2024-10-30,CORDOBA AV. 3647,-58.417813,-34.597727,Comuna 14,Carriles Exclusivos,oeste,7204.0
2024-10-30,AVELLANEDA AV. 2924,-58.471929,-34.626563,Comuna 7,calle_avenida,este,7184.0
2024-10-30,CORDOBA AV. 2523,-58.402911,-34.59879,Comuna 2,Carriles Exclusivos,oeste,6982.0
2024-10-30,ROSARIO 21,-58.429075,-34.618311,Comuna 6,calle_avenida,este,6756.0
2024-10-30,ENTRE RIOS AV. 182,-58.391718,-34.611145,Comuna 1,Carriles Exclusivos,norte,6511.0
2024-10-30,PUEYRREDON AV. 459,-58.405495,-34.60505,Comuna 3,Carriles Exclusivos,norte,6454.0
2024-10-30,CORDOBA AV. 1431,-58.387335,-34.599232,Comuna 2,Carriles Exclusivos,oeste,6316.0
2024-10-30,"BEIRO, FRANCISCO AV. 2875",-58.494038,-34.594803,Comuna 15,calle_avenida,oeste,6275.0
2024-10-30,FOREST AV. 634,-58.454309,-34.584925,Comuna 15,calle_avenida,sur,6194.0
2024-10-30,MOSCONI GENERAL AV. 3000,-58.50334,-34.587077,Comuna 12,calle_avenida,norte,6165.0
2024-10-30,PUEYRREDON AV. 768,-58.404705,-34.601207,Comuna 3,Carriles Exclusivos,sur,5768.0
2024-10-30,CALLAO AV. 681,-58.392623,-34.601114,Comuna 1,Carriles Exclusivos,norte,5681.0
2024-10-30,PUEYRREDON AV. 870,-58.404389,-34.600218,Comuna 3,Carriles Exclusivos,sur,5497.0
2024-10-30,ENTRE RIOS AV. 926,-58.391557,-34.619431,Comuna 1,Carriles Exclusivos,norte,5433.0
2024-10-30,CORDOBA AV. 3143,-58.410998,-34.597969,Comuna 2,Carriles Exclusivos,oeste,5162.0
2024-10-30,RIVADAVIA AV. 6626,-58.459176,-34.62777,Comuna 7,calle_avenida,este,5111.0
2024-10-30,CORDOBA AV. 1749,-58.392148,-34.599512,Comuna 2,Carriles Exclusivos,oeste,5093.0
2024-10-30,SANTA FE AV. 1483,-58.388215,-34.595676,Comuna 2,Carriles Exclusivos,oeste,5013.0
2024-10-30,PUEYRREDON AV. 367,-58.40571,-34.605973,Comuna 3,Carriles Exclusivos,norte,4900.0
2024-10-30,SANTA FE AV. 2622,-58.403884,-34.594047,Comuna 2,calle_avenida,este,4885.0
2024-10-30,"LIMA ESTE Y GARAY, JUAN DE",-58.382235,-34.626842,Comuna 1,calle_avenida,sur,4547.0
2024-10-30,CASEROS AV. 3020,-58.406358,-34.637334,Comuna 4,calle_avenida,este,4545.0
2024-10-30,OLIVERA AV. 187,-58.487032,-34.637596,Comuna 10,calle_avenida,sur,4538.0
2024-10-30,"DE LA TORRE, LISANDRO 663",-58.520368,-34.646059,Comuna 9,calle_avenida,sur,4499.0
2024-10-30,"ROCA, CNEL. AV. 5870",-58.460539,-34.689402,Comuna 8,calle_avenida,este,4422.0
2024-10-30,LAS HERAS GENERAL AV. 2252,-58.396535,-34.588012,Comuna 2,Carriles Exclusivos,este,3962.0
2024-10-30,VUELTA DE OBLIGADO 2179,-58.456328,-34.560704,Comuna 13,calle_avenida,norte,3652.0
2024-10-30,LAS HERAS GENERAL AV. 1870,-58.392633,-34.591284,Comuna 2,Carriles Exclusivos,este,3476.0
2024-10-30,ENTRE RIOS AV. 678,-58.391572,-34.616551,Comuna 1,Carriles Exclusivos,norte,3445.0
2024-10-30,VARELA AV. 2779,-58.438057,-34.655973,Comuna 8,calle_avenida,sur,2661.0
2024-10-30,CORDOBA AV. 1147,-58.383217,-34.599039,Comuna 1,Carriles Exclusivos,oeste,2619.0
2024-10-30,LIMA OESTE 1524,-58.382189,-34.6262,Comuna 1,calle_avenida,norte,2124.0
2024-10-30,"AU 25 DE MAYO (AU10), SENTIDO CENTRO (ASCENDENTE), PK: 6+301",-58.40283,-34.625953,Comuna 3,Autopista,este,1585.0
2024-11-06,CORDOBA AV. 4570,-58.429776,-34.594591,Comuna 15,calle_avenida,oeste,33813.0
2024-11-06,CALLAO AV. 858,-58.39311,-34.599002,Comuna 2,calle_avenida,norte,32702.0
2024-11-06,GAONA AV. 2300,-58.459429,-34.613877,Comuna 6,calle_avenida,oeste,31454.0
2024-11-06,AU. 25 DE MAYO - SENTIDO PROVINCIA - PK 2+701,-58.439777,-34.631321,Comuna 7,Autopista,oeste,30907.0
2024-11-06,CORRIENTES AV. 5220,-58.439127,-34.59969,Comuna 15,calle_avenida,este,30136.0
2024-11-06,CORDOBA AV. 4471,-58.428774,-34.594989,Comuna 14,calle_avenida,oeste,29632.0
2024-11-06,ENTRE RIOS AV. 326,-58.391646,-34.613,Comuna 1,calle_avenida,norte,29601.0
2024-11-06,AU. 25 DE MAYO - SENTIDO PROVINCIA - PK 1+261,-58.454008,-34.637039,Comuna 7,Autopista,oeste,29384.0
2024-11-06,CALLAO AV. 1588,-58.391201,-34.591009,Comuna 2,calle_avenida,norte,28677.0
2024-11-06,DEL LIBERTADOR AV. 5722,-58.445603,-34.55931,Comuna 13,calle_avenida,sur,25715.0
2024-11-06,AVELLANEDA AV. 1825,-58.456423,-34.621237,Comuna 7,calle_avenida,este,25618.0
2024-11-06,CORDOBA AV. 1980,-58.395434,-34.599776,Comuna 3,calle_avenida,oeste,25353.0
2024-11-06,"ALBERDI, JUAN BAUTISTA AV. 890",-58.440541,-34.623013,Comuna 6,calle_avenida,oeste,24573.0
2024-11-06,ALVAREZ THOMAS AV. 1294,-58.459831,-34.578312,Comuna 13,calle_avenida,oeste,22839.0
2024-11-06,"SCALABRINI ORTIZ, RAUL AV. 1385",-58.427003,-34.592379,Comuna 14,calle_avenida,este,20816.0
2024-11-06,TRIUNVIRATO AV. 4520,-58.4848,-34.575403,Comuna 12,calle_avenida,este,20470.0
2024-11-06,INDEPENDENCIA AV. 2086,-58.395712,-34.618449,Comuna 3,calle_avenida,oeste,19763.0
2024-11-06,CORRIENTES AV. 3022,-58.408125,-34.604302,Comuna 3,calle_avenida,este,19621.0
2024-11-06,CORRIENTES AV. 6210,-58.448402,-34.591075,Comuna 15,calle_avenida,este,19318.0
2024-11-06,PUEYRREDON AV. 214,-58.406212,-34.607467,Comuna 3,calle_avenida,sur,19117.0
2024-11-06,ENTRE RIOS AV. 1818,-58.390787,-34.629623,Comuna 1,calle_avenida,norte,18823.0
2024-11-06,BELGRANO AV. 3218,-58.411416,-34.615436,Comuna 3,calle_avenida,este,18771.0
2024-11-06,SAN MARTIN AV. 1844,-58.454414,-34.605652,Comuna 6,calle_avenida,este,18007.0
2024-11-06,"LACROZE, FEDERICO AV. 4199",-58.455081,-34.587105,Comuna 15,calle_avenida,sur,16961.0
2024-11-06,"GARAY, JUAN DE AV. 1769",-58.390037,-34.627139,Comuna 1,calle_avenida,oeste,16661.0
2024-11-06,INDEPENDENCIA AV. 1784,-58.391307,-34.618226,Comuna 1,calle_avenida,oeste,16339.0
2024-11-06,BOEDO AV. 965,-58.416231,-34.624996,Comuna 5,calle_avenida,sur,15631.0
2024-11-06,PUEYRREDON AV. 1418,-58.402311,-34.594121,Comuna 2,calle_avenida,sur,14635.0
2024-11-06,VEDIA 3438,-58.86039,-34.544242,Comuna 12,calle_avenida,este,14504.0
2024-11-06,SAN JUAN AV. 1119,-58.381832,-34.622096,Comuna 1,calle_avenida,este,14270.0
2024-11-06,NAZCA AV. 479,-58.471328,-34.626678,Comuna 7,calle_avenida,norte,14183.0
2024-11-06,CABILDO AV. 1716,-58.453855,-34.565367,Comuna 13,calle_avenida,sur,13959.0
2024-11-06,BELGRANO AV. 324,-58.370911,-34.61249,Comuna 1,calle_avenida,este,13627.0
2024-11-06,SUAREZ 1635,-58.373758,-34.638502,Comuna 4,calle_avenida,este,13541.0
2024-11-06,RIVADAVIA AV. 2775,-58.405518,-34.610013,Comuna 3,calle_avenida,oeste,11564.0
2024-11-06,LIMA 281,-58.381872,-34.611723,Comuna 1,calle_avenida,sur,11440.0
2024-11-06,AU. PERITO MORENO - SENTIDO PROVINCIA - PK 0+701,-58.522022,-34.636805,Comuna 9,Autopista,oeste,11198.0
2024-11-06,"LACROZE, FEDERICO AV. 2462",-58.445413,-34.571098,Comuna 13,calle_avenida,norte,10904.0
2024-11-06,LIMA 1365,-58.381495,-34.624262,Comuna 1,calle_avenida,sur,10199.0
2024-11-06,"RABANAL, FRANCISCO, INTENDENTE AV. 1323",-58.417658,-34.654886,Comuna 4,calle_avenida,oeste,10009.0
2024-11-06,PASEO COLON AV. 753,-58.369509,-34.616769,Comuna 1,calle_avenida,sur,9992.0
2024-11-06,CORDOBA AV. 2149,-58.398175,-34.599668,Comuna 2,Carriles Exclusivos,oeste,8990.0
2024-11-06,RIVADAVIA AV. 7420,-58.469991,-34.630911,Comuna 7,calle_avenida,este,8285.0
2024-11-06,"MONTES DE OCA, MANUEL AV. 1685",-58.373211,-34.646401,Comuna 4,calle_avenida,sur,8274.0
2024-11-06,CORDOBA AV. 2801,-58.407164,-34.597965,Comuna 2,Carriles Exclusivos,oeste,8176.0
2024-11-06,VERTIZ VIRREY AV. 2010,-58.449507,-34.559083,Comuna 13,calle_avenida,sur,8094.0
2024-11-06,CALLAO AV. 337,-58.392133,-34.605181,Comuna 1,Carriles Exclusivos,norte,8019.0
2024-11-06,"JUSTO, JUAN B. AV. 4781",-58.466338,-34.610364,Comuna 11,calle_avenida,oeste,7990.0
2024-11-06,CORDOBA AV. 3329,-58.413685,-34.597847,Comuna 2,Carriles Exclusivos,oeste,7879.0
2024-11-06,"ALEM, LEANDRO N. AV. 518",-58.370691,-34.601595,Comuna 1,calle_avenida,sur,7837.0
2024-11-06,LARREA 477,-58.402156,-34.603736,Comuna 3,calle_avenida,norte,7775.0
2024-11-06,ENTRE RIOS AV. 182,-58.391718,-34.611145,Comuna 1,Carriles Exclusivos,norte,7716.0
2024-11-06,CORDOBA AV. 3647,-58.417813,-34.597727,Comuna 14,Carriles Exclusivos,oeste,7560.0
2024-11-06,RIVADAVIA AV. 10524,-58.511786,-34.639436,Comuna 9,calle_avenida,este,7558.0
2024-11-06,SANTA FE AV. 3889,-58.418132,-34.583669,Comuna 14,Carriles Exclusivos,oeste,7176.0
2024-11-06,CORDOBA AV. 2523,-58.402911,-34.59879,Comuna 2,Carriles Exclusivos,oeste,6900.0
2024-11-06,PASEO COLON AV. 400,-58.368952,-34.612207,Comuna 1,calle_avenida,norte,6880.0
2024-11-06,CALLAO AV. 681,-58.392623,-34.601114,Comuna 1,Carriles Exclusivos,norte,6733.0
2024-11-06,MOSCONI GENERAL AV. 3000,-58.50334,-34.587077,Comuna 12,calle_avenida,norte,6449.0
2024-11-06,CORDOBA AV. 1431,-58.387335,-34.599232,Comuna 2,Carriles Exclusivos,oeste,6429.0
2024-11-06,ROSARIO 21,-58.429075,-34.618311,Comuna 6,calle_avenida,este,6249.0
2024-11-06,"BEIRO, FRANCISCO AV. 2875",-58.494038,-34.594803,Comuna 15,calle_avenida,oeste,6207.0
2024-11-06,PUEYRREDON AV. 459,-58.405495,-34.60505,Comuna 3,Carriles Exclusivos,norte,6181.0
2024-11-06,PUEYRREDON AV. 350,-58.405942,-34.606096,Comuna 3,Carriles Exclusivos,sur,5928.0
2024-11-06,ENTRE RIOS AV. 926,-58.391557,-34.619431,Comuna 1,Carriles Exclusivos,norte,5897.0
2024-11-06,CORDOBA AV. 1749,-58.392148,-34.599512,Comuna 2,Carriles Exclusivos,oeste,5567.0
2024-11-06,PUEYRREDON AV. 768,-58.404705,-34.601207,Comuna 3,Carriles Exclusivos,sur,5520.0
2024-11-06,"PERON, JUAN DOMINGO, TTE. GENERAL 2687",-58.404461,-34.607561,Comuna 3,calle_avenida,oeste,5438.0
2024-11-06,"ROCA, CNEL. AV. 5870",-58.460539,-34.689402,Comuna 8,calle_avenida,este,5358.0
2024-11-06,SANTA FE AV. 1483,-58.388215,-34.595676,Comuna 2,Carriles Exclusivos,oeste,5258.0
2024-11-06,CORDOBA AV. 3143,-58.410998,-34.597969,Comuna 2,Carriles Exclusivos,oeste,5239.0
2024-11-06,RIVADAVIA AV. 6626,-58.459176,-34.62777,Comuna 7,calle_avenida,este,5103.0
2024-11-06,OLIVERA AV. 187,-58.487032,-34.637596,Comuna 10,calle_avenida,sur,5085.0
2024-11-06,"LIMA ESTE Y GARAY, JUAN DE",-58.382235,-34.626842,Comuna 1,calle_avenida,sur,4986.0
2024-11-06,FOREST AV. 634,-58.454309,-34.584925,Comuna 15,calle_avenida,sur,4966.0
2024-11-06,PUEYRREDON AV. 870,-58.404389,-34.600218,Comuna 3,Carriles Exclusivos,sur,4865.0
2024-11-06,"DE LA TORRE, LISANDRO 663",-58.520368,-34.646059,Comuna 9,calle_avenida,sur,4856.0
2024-11-06,CASEROS AV. 3020,-58.406358,-34.637334,Comuna 4,calle_avenida,este,4792.0
2024-11-06,LAS HERAS GENERAL AV. 1870,-58.392633,-34.591284,Comuna 2,Carriles Exclusivos,este,4552.0
2024-11-06,SANTA FE AV. 2622,-58.403884,-34.594047,Comuna 2,calle_avenida,este,4384.0
2024-11-06,"DE IRIGIOYEN, BERNARDO 1026",-58.3799,-34.62006,Comuna 1,calle_avenida,norte,4356.0
2024-11-06,LAS HERAS GENERAL AV. 2252,-58.396535,-34.588012,Comuna 2,Carriles Exclusivos,este,4152.0
2024-11-06,ENTRE RIOS AV. 678,-58.391572,-34.616551,Comuna 1,Carriles Exclusivos,norte,3674.0
2024-11-06,PUEYRREDON AV. 367,-58.40571,-34.605973,Comuna 3,Carriles Exclusivos,norte,3607.0
2024-11-06,VUELTA DE OBLIGADO 2179,-58.456328,-34.560704,Comuna 13,calle_avenida,norte,3052.0
2024-11-06,CORDOBA AV. 1147,-58.383217,-34.599039,Comuna 1,Carriles Exclusivos,oeste,2933.0
2024-11-06,VARELA AV. 2779,-58.438057,-34.655973,Comuna 8,calle_avenida,sur,2173.0
2024-11-06,"AU 25 DE MAYO (AU10), SENTIDO CENTRO (ASCENDENTE), PK: 6+301",-58.40283,-34.625953,Comuna 3,Autopista,este,1992.0
2024-11-06,LIMA OESTE 1524,-58.382189,-34.6262,Comuna 1,calle_avenida,norte,1948.0
2024-11-06,AVELLANEDA AV. 2924,-58.471929,-34.626563,Comuna 7,calle_avenida,este,62.0
2024-11-13,FOREST AV. 634,-58.454309,-34.584925,Comuna 15,calle_avenida,sur,34532.0
2024-11-13,CORDOBA AV. 4570,-58.429776,-34.594591,Comuna 15,calle_avenida,oeste,33078.0
2024-11-13,CALLAO AV. 858,-58.39311,-34.599002,Comuna 2,calle_avenida,norte,32646.0
2024-11-13,GAONA AV. 2300,-58.459429,-34.613877,Comuna 6,calle_avenida,oeste,31913.0
2024-11-13,ENTRE RIOS AV. 326,-58.391646,-34.613,Comuna 1,calle_avenida,norte,30490.0
2024-11-13,AU. 25 DE MAYO - SENTIDO PROVINCIA - PK 1+261,-58.454008,-34.637039,Comuna 7,Autopista,oeste,30337.0
2024-11-13,CORRIENTES AV. 5220,-58.439127,-34.59969,Comuna 15,calle_avenida,este,30231.0
2024-11-13,CALLAO AV. 1588,-58.391201,-34.591009,Comuna 2,calle_avenida,norte,28547.0
2024-11-13,DEL LIBERTADOR AV. 5722,-58.445603,-34.55931,Comuna 13,calle_avenida,sur,26656.0
2024-11-13,AVELLANEDA AV. 1825,-58.456423,-34.621237,Comuna 7,calle_avenida,este,25308.0
2024-11-13,CORDOBA AV. 1980,-58.395434,-34.599776,Comuna 3,calle_avenida,oeste,25227.0
2024-11-13,ALVAREZ THOMAS AV. 1294,-58.459831,-34.578312,Comuna 13,calle_avenida,oeste,22453.0
2024-11-13,"ALBERDI, JUAN BAUTISTA AV. 890",-58.440541,-34.623013,Comuna 6,calle_avenida,oeste,21282.0
2024-11-13,TRIUNVIRATO AV. 4520,-58.4848,-34.575403,Comuna 12,calle_avenida,este,20995.0
2024-11-13,"SCALABRINI ORTIZ, RAUL AV. 1385",-58.427003,-34.592379,Comuna 14,calle_avenida,este,20988.0
2024-11-13,CORRIENTES AV. 3022,-58.408125,-34.604302,Comuna 3,calle_avenida,este,20127.0
2024-11-13,PUEYRREDON AV. 214,-58.406212,-34.607467,Comuna 3,calle_avenida,sur,19550.0
2024-11-13,INDEPENDENCIA AV. 2086,-58.395712,-34.618449,Comuna 3,calle_avenida,oeste,19432.0
2024-11-13,CORRIENTES AV. 6210,-58.448402,-34.591075,Comuna 15,calle_avenida,este,19065.0
2024-11-13,ENTRE RIOS AV. 1818,-58.390787,-34.629623,Comuna 1,calle_avenida,norte,18770.0
2024-11-13,BELGRANO AV. 3218,-58.411416,-34.615436,Comuna 3,calle_avenida,este,18007.0
2024-11-13,SAN MARTIN AV. 1844,-58.454414,-34.605652,Comuna 6,calle_avenida,este,17689.0
2024-11-13,INDEPENDENCIA AV. 1784,-58.391307,-34.618226,Comuna 1,calle_avenida,oeste,16558.0
2024-11-13,"LACROZE, FEDERICO AV. 4199",-58.455081,-34.587105,Comuna 15,calle_avenida,sur,16549.0
2024-11-13,PASEO COLON AV. 753,-58.369509,-34.616769,Comuna 1,calle_avenida,sur,15307.0
2024-11-13,PUEYRREDON AV. 1418,-58.402311,-34.594121,Comuna 2,calle_avenida,sur,14867.0
2024-11-13,BOEDO AV. 965,-58.416231,-34.624996,Comuna 5,calle_avenida,sur,14815.0
2024-11-13,CABILDO AV. 1716,-58.453855,-34.565367,Comuna 13,calle_avenida,sur,14727.0
2024-11-13,RIVADAVIA AV. 9618,-58.499769,-34.637578,Comuna 10,calle_avenida,este,14633.0
2024-11-13,"GARAY, JUAN DE AV. 1769",-58.390037,-34.627139,Comuna 1,calle_avenida,oeste,14383.0
2024-11-13,NAZCA AV. 479,-58.471328,-34.626678,Comuna 7,calle_avenida,norte,14101.0
2024-11-13,"DE IRIGIOYEN, BERNARDO 1026",-58.3799,-34.62006,Comuna 1,calle_avenida,norte,14083.0
2024-11-13,VEDIA 3438,-58.86039,-34.544242,Comuna 12,calle_avenida,este,13984.0
2024-11-13,LIMA 1365,-58.381495,-34.624262,Comuna 1,calle_avenida,sur,13903.0
2024-11-13,BELGRANO AV. 324,-58.370911,-34.61249,Comuna 1,calle_avenida,este,13484.0
2024-11-13,SAN JUAN AV. 1119,-58.381832,-34.622096,Comuna 1,calle_avenida,este,13200.0
2024-11-13,SUAREZ 1635,-58.373758,-34.638502,Comuna 4,calle_avenida,este,12298.0
2024-11-13,RIVADAVIA AV. 2775,-58.405518,-34.610013,Comuna 3,calle_avenida,oeste,11562.0
2024-11-13,LIMA 281,-58.381872,-34.611723,Comuna 1,calle_avenida,sur,11425.0
2024-11-13,"LACROZE, FEDERICO AV. 2462",-58.445413,-34.571098,Comuna 13,calle_avenida,norte,10986.0
2024-11-13,"RABANAL, FRANCISCO, INTENDENTE AV. 1323",-58.417658,-34.654886,Comuna 4,calle_avenida,oeste,9887.0
2024-11-13,"JUSTO, JUAN B. AV. 4781",-58.466338,-34.610364,Comuna 11,calle_avenida,oeste,9259.0
2024-11-13,AU. PERITO MORENO - SENTIDO PROVINCIA - PK 0+701,-58.522022,-34.636805,Comuna 9,Autopista,oeste,9249.0
2024-11-13,CORDOBA AV. 2149,-58.398175,-34.599668,Comuna 2,Carriles Exclusivos,oeste,9040.0
2024-11-13,CORDOBA AV. 2801,-58.407164,-34.597965,Comuna 2,Carriles Exclusivos,oeste,8604.0
2024-11-13,CALLAO AV. 337,-58.392133,-34.605181,Comuna 1,Carriles Exclusivos,norte,8393.0
2024-11-13,RIVADAVIA AV. 7420,-58.469991,-34.630911,Comuna 7,calle_avenida,este,8200.0
2024-11-13,CORDOBA AV. 3329,-58.413685,-34.597847,Comuna 2,Carriles Exclusivos,oeste,8088.0
2024-11-13,PUEYRREDON AV. 350,-58.405942,-34.606096,Comuna 3,Carriles Exclusivos,sur,8081.0
2024-11-13,"ALEM, LEANDRO N. AV. 518",-58.370691,-34.601595,Comuna 1,calle_avenida,sur,8072.0
2024-11-13,LARREA 477,-58.402156,-34.603736,Comuna 3,calle_avenida,norte,8002.0
2024-11-13,VERTIZ VIRREY AV. 2010,-58.449507,-34.559083,Comuna 13,calle_avenida,sur,7968.0
2024-11-13,"MONTES DE OCA, MANUEL AV. 1685",-58.373211,-34.646401,Comuna 4,calle_avenida,sur,7862.0
2024-11-13,CORDOBA AV. 3647,-58.417813,-34.597727,Comuna 14,Carriles Exclusivos,oeste,7803.0
2024-11-13,SANTA FE AV. 3889,-58.418132,-34.583669,Comuna 14,Carriles Exclusivos,oeste,7171.0
2024-11-13,CORDOBA AV. 2523,-58.402911,-34.59879,Comuna 2,Carriles Exclusivos,oeste,6906.0
2024-11-13,ROSARIO 21,-58.429075,-34.618311,Comuna 6,calle_avenida,este,6767.0
2024-11-13,ENTRE RIOS AV. 182,-58.391718,-34.611145,Comuna 1,Carriles Exclusivos,norte,6734.0
2024-11-13,LAS HERAS GENERAL AV. 1870,-58.392633,-34.591284,Comuna 2,Carriles Exclusivos,este,6456.0
2024-11-13,MOSCONI GENERAL AV. 3000,-58.50334,-34.587077,Comuna 12,calle_avenida,norte,6279.0
2024-11-13,CORDOBA AV. 1431,-58.387335,-34.599232,Comuna 2,Carriles Exclusivos,oeste,6238.0
2024-11-13,PUEYRREDON AV. 459,-58.405495,-34.60505,Comuna 3,Carriles Exclusivos,norte,5965.0
2024-11-13,"BEIRO, FRANCISCO AV. 2875",-58.494038,-34.594803,Comuna 15,calle_avenida,oeste,5865.0
2024-11-13,PASEO COLON AV. 400,-58.368952,-34.612207,Comuna 1,calle_avenida,norte,5830.0
2024-11-13,"ROCA, CNEL. AV. 5870",-58.460539,-34.689402,Comuna 8,calle_avenida,este,5795.0
2024-11-13,CORDOBA AV. 1749,-58.392148,-34.599512,Comuna 2,Carriles Exclusivos,oeste,5745.0
2024-11-13,CORDOBA AV. 3143,-58.410998,-34.597969,Comuna 2,Carriles Exclusivos,oeste,5533.0
2024-11-13,PUEYRREDON AV. 768,-58.404705,-34.601207,Comuna 3,Carriles Exclusivos,sur,5497.0
2024-11-13,SANTA FE AV. 4650,-58.425858,-34.578448,Comuna 14,calle_avenida,este,5409.0
2024-11-13,SANTA FE AV. 1483,-58.388215,-34.595676,Comuna 2,Carriles Exclusivos,oeste,5249.0
2024-11-13,CALLAO AV. 681,-58.392623,-34.601114,Comuna 1,Carriles Exclusivos,norte,5204.0
2024-11-13,PUEYRREDON AV. 870,-58.404389,-34.600218,Comuna 3,Carriles Exclusivos,sur,5115.0
2024-11-13,CASEROS AV. 3020,-58.406358,-34.637334,Comuna 4,calle_avenida,este,5082.0
2024-11-13,RIVADAVIA AV. 6626,-58.459176,-34.62777,Comuna 7,calle_avenida,este,4891.0
2024-11-13,ENTRE RIOS AV. 926,-58.391557,-34.619431,Comuna 1,Carriles Exclusivos,norte,4889.0
2024-11-13,OLIVERA AV. 187,-58.487032,-34.637596,Comuna 10,calle_avenida,sur,4826.0
2024-11-13,"DE LA TORRE, LISANDRO 663",-58.520368,-34.646059,Comuna 9,calle_avenida,sur,4729.0
2024-11-13,SANTA FE AV. 2622,-58.403884,-34.594047,Comuna 2,calle_avenida,este,4619.0
2024-11-13,RIVADAVIA AV. 10524,-58.511786,-34.639436,Comuna 9,calle_avenida,este,4613.0
2024-11-13,LAS HERAS GENERAL AV. 2252,-58.396535,-34.588012,Comuna 2,Carriles Exclusivos,este,4605.0
2024-11-13,"LIMA ESTE Y GARAY, JUAN DE",-58.382235,-34.626842,Comuna 1,calle_avenida,sur,4512.0
2024-11-13,PUEYRREDON AV. 367,-58.40571,-34.605973,Comuna 3,Carriles Exclusivos,norte,3997.0
2024-11-13,ENTRE RIOS AV. 678,-58.391572,-34.616551,Comuna 1,Carriles Exclusivos,norte,3957.0
2024-11-13,VUELTA DE OBLIGADO 2179,-58.456328,-34.560704,Comuna 13,calle_avenida,norte,3118.0
2024-11-13,CORDOBA AV. 1147,-58.383217,-34.599039,Comuna 1,Carriles Exclusivos,oeste,2997.0
2024-11-13,VARELA AV. 2779,-58.438057,-34.655973,Comuna 8,calle_avenida,sur,2841.0
2024-11-13,"PERON, JUAN DOMINGO, TTE. GENERAL 2687",-58.404461,-34.607561,Comuna 3,calle_avenida,oeste,2816.0
2024-11-13,LIMA OESTE 1524,-58.382189,-34.6262,Comuna 1,calle_avenida,norte,2078.0
2024-11-13,"AU 25 DE MAYO (AU10), SENTIDO CENTRO (ASCENDENTE), PK: 6+301",-58.40283,-34.625953,Comuna 3,Autopista,este,1920.0
2024-11-13,AVELLANEDA AV. 2924,-58.471929,-34.626563,Comuna 7,calle_avenida,este,208.0
2024-11-20,AU. 25 DE MAYO - SENTIDO PROVINCIA - PK 2+701,-58.439777,-34.631321,Comuna 7,Autopista,oeste,35272.0
2024-11-20,FOREST AV. 634,-58.454309,-34.584925,Comuna 15,calle_avenida,sur,34367.0
2024-11-20,CALLAO AV. 858,-58.39311,-34.599002,Comuna 2,calle_avenida,norte,33151.0
2024-11-20,CORDOBA AV. 4570,-58.429776,-34.594591,Comuna 15,calle_avenida,oeste,32363.0
2024-11-20,GAONA AV. 2300,-58.459429,-34.613877,Comuna 6,calle_avenida,oeste,31180.0
2024-11-20,ENTRE RIOS AV. 326,-58.391646,-34.613,Comuna 1,calle_avenida,norte,30396.0
2024-11-20,AU. 25 DE MAYO - SENTIDO PROVINCIA - PK 1+261,-58.454008,-34.637039,Comuna 7,Autopista,oeste,29834.0
2024-11-20,CORRIENTES AV. 5220,-58.439127,-34.59969,Comuna 15,calle_avenida,este,28824.0
2024-11-20,CALLAO AV. 1588,-58.391201,-34.591009,Comuna 2,calle_avenida,norte,28748.0
2024-11-20,DEL LIBERTADOR AV. 5722,-58.445603,-34.55931,Comuna 13,calle_avenida,sur,25543.0
2024-11-20,CORDOBA AV. 1980,-58.395434,-34.599776,Comuna 3,calle_avenida,oeste,24964.0
2024-11-20,AVELLANEDA AV. 1825,-58.456423,-34.621237,Comuna 7,calle_avenida,este,24868.0
2024-11-20,ALVAREZ THOMAS AV. 1294,-58.459831,-34.578312,Comuna 13,calle_avenida,oeste,20886.0
2024-11-20,"SCALABRINI ORTIZ, RAUL AV. 1385",-58.427003,-34.592379,Comuna 14,calle_avenida,este,20363.0
2024-11-20,INDEPENDENCIA AV. 2086,-58.395712,-34.618449,Comuna 3,calle_avenida,oeste,19986.0
2024-11-20,"ALBERDI, JUAN BAUTISTA AV. 890",-58.440541,-34.623013,Comuna 6,calle_avenida,oeste,19672.0
2024-11-20,TRIUNVIRATO AV. 4520,-58.4848,-34.575403,Comuna 12,calle_avenida,este,19609.0
2024-11-20,PUEYRREDON AV. 214,-58.406212,-34.607467,Comuna 3,calle_avenida,sur,19213.0
2024-11-20,CORRIENTES AV. 3022,-58.408125,-34.604302,Comuna 3,calle_avenida,este,18826.0
2024-11-20,CORRIENTES AV. 6210,-58.448402,-34.591075,Comuna 15,calle_avenida,este,18564.0
2024-11-20,ENTRE RIOS AV. 1818,-58.390787,-34.629623,Comuna 1,calle_avenida,norte,18354.0
2024-11-20,BELGRANO AV. 3218,-58.411416,-34.615436,Comuna 3,calle_avenida,este,17698.0
2024-11-20,SAN MARTIN AV. 1844,-58.454414,-34.605652,Comuna 6,calle_avenida,este,17610.0
2024-11-20,PASEO COLON AV. 753,-58.369509,-34.616769,Comuna 1,calle_avenida,sur,16812.0
2024-11-20,"LACROZE, FEDERICO AV. 4199",-58.455081,-34.587105,Comuna 15,calle_avenida,sur,16667.0
2024-11-20,"GARAY, JUAN DE AV. 1769",-58.390037,-34.627139,Comuna 1,calle_avenida,oeste,15461.0
2024-11-20,"DE IRIGIOYEN, BERNARDO 1026",-58.3799,-34.62006,Comuna 1,calle_avenida,norte,14762.0
2024-11-20,VEDIA 3438,-58.86039,-34.544242,Comuna 12,calle_avenida,este,14704.0
2024-11-20,PUEYRREDON AV. 1418,-58.402311,-34.594121,Comuna 2,calle_avenida,sur,14703.0
2024-11-20,NAZCA AV. 479,-58.471328,-34.626678,Comuna 7,calle_avenida,norte,14650.0
2024-11-20,LIMA 1365,-58.381495,-34.624262,Comuna 1,calle_avenida,sur,14572.0
2024-11-20,RIVADAVIA AV. 9618,-58.499769,-34.637578,Comuna 10,calle_avenida,este,14348.0
2024-11-20,CABILDO AV. 1716,-58.453855,-34.565367,Comuna 13,calle_avenida,sur,14236.0
2024-11-20,BELGRANO AV. 324,-58.370911,-34.61249,Comuna 1,calle_avenida,este,13841.0
2024-11-20,RIVADAVIA AV. 7218,-58.467187,-34.630203,Comuna 7,calle_avenida,este,13342.0
2024-11-20,SAN JUAN AV. 1119,-58.381832,-34.622096,Comuna 1,calle_avenida,este,13302.0
2024-11-20,SUAREZ 1635,-58.373758,-34.638502,Comuna 4,calle_avenida,este,13128.0
2024-11-20,RIVADAVIA AV. 4987,-58.43608,-34.618047,Comuna 6,calle_avenida,oeste,13126.0
2024-11-20,LIMA 281,-58.381872,-34.611723,Comuna 1,calle_avenida,sur,11986.0
2024-11-20,RIVADAVIA AV. 2775,-58.405518,-34.610013,Comuna 3,calle_avenida,oeste,11405.0
2024-11-20,AU. PERITO MORENO - SENTIDO PROVINCIA - PK 0+701,-58.522022,-34.636805,Comuna 9,Autopista,oeste,11056.0
2024-11-20,"LACROZE, FEDERICO AV. 2462",-58.445413,-34.571098,Comuna 13,calle_avenida,norte,10976.0
2024-11-20,LAS HERAS GENERAL AV. 2289,-58.396838,-34.587651,Comuna 2,calle_avenida,oeste,10610.0
2024-11-20,BOEDO AV. 965,-58.416231,-34.624996,Comuna 5,calle_avenida,sur,9752.0
2024-11-20,"RABANAL, FRANCISCO, INTENDENTE AV. 1323",-58.417658,-34.654886,Comuna 4,calle_avenida,oeste,9229.0
2024-11-20,CORDOBA AV. 2149,-58.398175,-34.599668,Comuna 2,Carriles Exclusivos,oeste,9152.0
2024-11-20,PUEYRREDON AV. 350,-58.405942,-34.606096,Comuna 3,Carriles Exclusivos,sur,8954.0
2024-11-20,"JUSTO, JUAN B. AV. 4781",-58.466338,-34.610364,Comuna 11,calle_avenida,oeste,8572.0
2024-11-20,CALLAO AV. 337,-58.392133,-34.605181,Comuna 1,Carriles Exclusivos,norte,8546.0
2024-11-20,RIVADAVIA AV. 7420,-58.469991,-34.630911,Comuna 7,calle_avenida,este,8475.0
2024-11-20,"MONTES DE OCA, MANUEL AV. 1685",-58.373211,-34.646401,Comuna 4,calle_avenida,sur,8130.0
2024-11-20,ENTRE RIOS AV. 182,-58.391718,-34.611145,Comuna 1,Carriles Exclusivos,norte,8096.0
2024-11-20,CORDOBA AV. 3329,-58.413685,-34.597847,Comuna 2,Carriles Exclusivos,oeste,7970.0
2024-11-20,CORDOBA AV. 3647,-58.417813,-34.597727,Comuna 14,Carriles Exclusivos,oeste,7900.0
2024-11-20,"ALEM, LEANDRO N. AV. 518",-58.370691,-34.601595,Comuna 1,calle_avenida,sur,7853.0
2024-11-20,LARREA 477,-58.402156,-34.603736,Comuna 3,calle_avenida,norte,7405.0
2024-11-20,VERTIZ VIRREY AV. 2010,-58.449507,-34.559083,Comuna 13,calle_avenida,sur,7396.0
2024-11-20,SANTA FE AV. 3889,-58.418132,-34.583669,Comuna 14,Carriles Exclusivos,oeste,7297.0
2024-11-20,CORDOBA AV. 2523,-58.402911,-34.59879,Comuna 2,Carriles Exclusivos,oeste,7001.0
2024-11-20,CALLAO AV. 681,-58.392623,-34.601114,Comuna 1,Carriles Exclusivos,norte,6532.0
2024-11-20,ROSARIO 21,-58.429075,-34.618311,Comuna 6,calle_avenida,este,6499.0
2024-11-20,CORDOBA AV. 1431,-58.387335,-34.599232,Comuna 2,Carriles Exclusivos,oeste,6188.0
2024-11-20,PUEYRREDON AV. 459,-58.405495,-34.60505,Comuna 3,Carriles Exclusivos,norte,6167.0
2024-11-20,PASEO COLON AV. 400,-58.368952,-34.612207,Comuna 1,calle_avenida,norte,6144.0
2024-11-20,SANTA FE AV. 4650,-58.425858,-34.578448,Comuna 14,calle_avenida,este,5953.0
2024-11-20,MOSCONI GENERAL AV. 3000,-58.50334,-34.587077,Comuna 12,calle_avenida,norte,5887.0
2024-11-20,CORDOBA AV. 1749,-58.392148,-34.599512,Comuna 2,Carriles Exclusivos,oeste,5828.0
2024-11-20,PUEYRREDON AV. 768,-58.404705,-34.601207,Comuna 3,Carriles Exclusivos,sur,5413.0
2024-11-20,CORDOBA AV. 3143,-58.410998,-34.597969,Comuna 2,Carriles Exclusivos,oeste,5370.0
2024-11-20,"BEIRO, FRANCISCO AV. 2875",-58.494038,-34.594803,Comuna 15,calle_avenida,oeste,5344.0
2024-11-20,RIVADAVIA AV. 10524,-58.511786,-34.639436,Comuna 9,calle_avenida,este,5244.0
2024-11-20,"ROCA, CNEL. AV. 5870",-58.460539,-34.689402,Comuna 8,calle_avenida,este,5217.0
2024-11-20,PUEYRREDON AV. 870,-58.404389,-34.600218,Comuna 3,Carriles Exclusivos,sur,5119.0
2024-11-20,"DE LA TORRE, LISANDRO 663",-58.520368,-34.646059,Comuna 9,calle_avenida,sur,5014.0
2024-11-20,SANTA FE AV. 1483,-58.388215,-34.595676,Comuna 2,Carriles Exclusivos,oeste,4992.0
2024-11-20,RIVADAVIA AV. 6626,-58.459176,-34.62777,Comuna 7,calle_avenida,este,4944.0
2024-11-20,OLIVERA AV. 187,-58.487032,-34.637596,Comuna 10,calle_avenida,sur,4812.0
2024-11-20,LAS HERAS GENERAL AV. 1870,-58.392633,-34.591284,Comuna 2,Carriles Exclusivos,este,4809.0
2024-11-20,LAS HERAS GENERAL AV. 2252,-58.396535,-34.588012,Comuna 2,Carriles Exclusivos,este,4770.0
2024-11-20,CASEROS AV. 3020,-58.406358,-34.637334,Comuna 4,calle_avenida,este,4693.0
2024-11-20,"LIMA ESTE Y GARAY, JUAN DE",-58.382235,-34.626842,Comuna 1,calle_avenida,sur,4580.0
2024-11-20,SANTA FE AV. 2622,-58.403884,-34.594047,Comuna 2,calle_avenida,este,4411.0
2024-11-20,ENTRE RIOS AV. 678,-58.391572,-34.616551,Comuna 1,Carriles Exclusivos,norte,4174.0
2024-11-20,CORDOBA AV. 2801,-58.407164,-34.597965,Comuna 2,Carriles Exclusivos,oeste,3889.0
2024-11-20,PUEYRREDON AV. 367,-58.40571,-34.605973,Comuna 3,Carriles Exclusivos,norte,3265.0
2024-11-20,VUELTA DE OBLIGADO 2179,-58.456328,-34.560704,Comuna 13,calle_avenida,norte,2888.0
2024-11-20,VARELA AV. 2779,-58.438057,-34.655973,Comuna 8,calle_avenida,sur,2857.0
2024-11-20,"PERON, JUAN DOMINGO, TTE. GENERAL 2687",-58.404461,-34.607561,Comuna 3,calle_avenida,oeste,2810.0
2024-11-20,CORDOBA AV. 1147,-58.383217,-34.599039,Comuna 1,Carriles Exclusivos,oeste,2799.0
2024-11-20,ENTRE RIOS AV. 926,-58.391557,-34.619431,Comuna 1,Carriles Exclusivos,norte,2729.0
2024-11-20,LIMA OESTE 1524,-58.382189,-34.6262,Comuna 1,calle_avenida,norte,2143.0
2024-11-20,"AU 25 DE MAYO (AU10), SENTIDO CENTRO (ASCENDENTE), PK: 6+301",-58.40283,-34.625953,Comuna 3,Autopista,este,1975.0
2024-11-20,AVELLANEDA AV. 2924,-58.471929,-34.626563,Comuna 7,calle_avenida,este,87.0
2024-11-27,AU. 25 DE MAYO - SENTIDO PROVINCIA - PK 2+701,-58.439777,-34.631321,Comuna 7,Autopista,oeste,38619.0
2024-11-27,AU. 25 DE MAYO - SENTIDO PROVINCIA - PK 1+261,-58.454008,-34.637039,Comuna 7,Autopista,oeste,37740.0
2024-11-27,CORDOBA AV. 4570,-58.429776,-34.594591,Comuna 15,calle_avenida,oeste,35478.0
2024-11-27,CORRIENTES AV. 5220,-58.439127,-34.59969,Comuna 15,calle_avenida,este,32718.0
2024-11-27,GAONA AV. 2300,-58.459429,-34.613877,Comuna 6,calle_avenida,oeste,32405.0
2024-11-27,CALLAO AV. 1588,-58.391201,-34.591009,Comuna 2,calle_avenida,norte,29619.0
2024-11-27,ENTRE RIOS AV. 326,-58.391646,-34.613,Comuna 1,calle_avenida,norte,29366.0
2024-11-27,DEL LIBERTADOR AV. 5722,-58.445603,-34.55931,Comuna 13,calle_avenida,sur,27252.0
2024-11-27,ALVAREZ THOMAS AV. 1294,-58.459831,-34.578312,Comuna 13,calle_avenida,oeste,24506.0
2024-11-27,CORDOBA AV. 1980,-58.395434,-34.599776,Comuna 3,calle_avenida,oeste,24117.0
2024-11-27,AVELLANEDA AV. 1825,-58.456423,-34.621237,Comuna 7,calle_avenida,este,24060.0
2024-11-27,PUEYRREDON AV. 214,-58.406212,-34.607467,Comuna 3,calle_avenida,sur,23444.0
2024-11-27,TRIUNVIRATO AV. 4520,-58.4848,-34.575403,Comuna 12,calle_avenida,este,23094.0
2024-11-27,CORRIENTES AV. 3022,-58.408125,-34.604302,Comuna 3,calle_avenida,este,22533.0
2024-11-27,CORRIENTES AV. 6210,-58.448402,-34.591075,Comuna 15,calle_avenida,este,22139.0
2024-11-27,"SCALABRINI ORTIZ, RAUL AV. 1385",-58.427003,-34.592379,Comuna 14,calle_avenida,este,20412.0
2024-11-27,ENTRE RIOS AV. 1818,-58.390787,-34.629623,Comuna 1,calle_avenida,norte,20027.0
2024-11-27,BELGRANO AV. 3218,-58.411416,-34.615436,Comuna 3,calle_avenida,este,19202.0
2024-11-27,INDEPENDENCIA AV. 1784,-58.391307,-34.618226,Comuna 1,calle_avenida,oeste,18751.0
2024-11-27,INDEPENDENCIA AV. 2086,-58.395712,-34.618449,Comuna 3,calle_avenida,oeste,18633.0
2024-11-27,"GARAY, JUAN DE AV. 1769",-58.390037,-34.627139,Comuna 1,calle_avenida,oeste,18253.0
2024-11-27,SAN MARTIN AV. 1844,-58.454414,-34.605652,Comuna 6,calle_avenida,este,17712.0
2024-11-27,"LACROZE, FEDERICO AV. 4199",-58.455081,-34.587105,Comuna 15,calle_avenida,sur,17200.0
2024-11-27,BELGRANO AV. 324,-58.370911,-34.61249,Comuna 1,calle_avenida,este,17071.0
2024-11-27,SAN JUAN AV. 1119,-58.381832,-34.622096,Comuna 1,calle_avenida,este,16578.0
2024-11-27,BOEDO AV. 965,-58.416231,-34.624996,Comuna 5,calle_avenida,sur,16381.0
2024-11-27,RIVADAVIA AV. 2775,-58.405518,-34.610013,Comuna 3,calle_avenida,oeste,15461.0
2024-11-27,VEDIA 3438,-58.86039,-34.544242,Comuna 12,calle_avenida,este,15412.0
2024-11-27,PUEYRREDON AV. 1418,-58.402311,-34.594121,Comuna 2,calle_avenida,sur,15238.0
2024-11-27,"ALBERDI, JUAN BAUTISTA AV. 890",-58.440541,-34.623013,Comuna 6,calle_avenida,oeste,15197.0
2024-11-27,CABILDO AV. 1716,-58.453855,-34.565367,Comuna 13,calle_avenida,sur,15119.0
2024-11-27,NAZCA AV. 479,-58.471328,-34.626678,Comuna 7,calle_avenida,norte,15093.0
2024-11-27,RIVADAVIA AV. 9618,-58.499769,-34.637578,Comuna 10,calle_avenida,este,14284.0
2024-11-27,LIMA 1365,-58.381495,-34.624262,Comuna 1,calle_avenida,sur,13994.0
2024-11-27,AU. PERITO MORENO - SENTIDO PROVINCIA - PK 0+701,-58.522022,-34.636805,Comuna 9,Autopista,oeste,13628.0
2024-11-27,CALLAO AV. 858,-58.39311,-34.599002,Comuna 2,calle_avenida,norte,13522.0
2024-11-27,"DE IRIGIOYEN, BERNARDO 1026",-58.3799,-34.62006,Comuna 1,calle_avenida,norte,13293.0
2024-11-27,LAS HERAS GENERAL AV. 2289,-58.396838,-34.587651,Comuna 2,calle_avenida,oeste,12716.0
2024-11-27,PASEO COLON AV. 753,-58.369509,-34.616769,Comuna 1,calle_avenida,sur,11804.0
2024-11-27,RIVADAVIA AV. 4987,-58.43608,-34.618047,Comuna 6,calle_avenida,oeste,11668.0
2024-11-27,LIMA 281,-58.381872,-34.611723,Comuna 1,calle_avenida,sur,11492.0
2024-11-27,SUAREZ 1635,-58.373758,-34.638502,Comuna 4,calle_avenida,este,11309.0
2024-11-27,"LACROZE, FEDERICO AV. 2462",-58.445413,-34.571098,Comuna 13,calle_avenida,norte,10970.0
2024-11-27,"JUSTO, JUAN B. AV. 4781",-58.466338,-34.610364,Comuna 11,calle_avenida,oeste,10707.0
2024-11-27,"RABANAL, FRANCISCO, INTENDENTE AV. 1323",-58.417658,-34.654886,Comuna 4,calle_avenida,oeste,10435.0
2024-11-27,"ALEM, LEANDRO N. AV. 518",-58.370691,-34.601595,Comuna 1,calle_avenida,sur,9522.0
2024-11-27,CORDOBA AV. 2149,-58.398175,-34.599668,Comuna 2,Carriles Exclusivos,oeste,9483.0
2024-11-27,CORDOBA AV. 2801,-58.407164,-34.597965,Comuna 2,Carriles Exclusivos,oeste,9472.0
2024-11-27,VERTIZ VIRREY AV. 2010,-58.449507,-34.559083,Comuna 13,calle_avenida,sur,9360.0
2024-11-27,FOREST AV. 634,-58.454309,-34.584925,Comuna 15,calle_avenida,sur,9182.0
2024-11-27,RIVADAVIA AV. 7420,-58.469991,-34.630911,Comuna 7,calle_avenida,este,8939.0
2024-11-27,PUEYRREDON AV. 350,-58.405942,-34.606096,Comuna 3,Carriles Exclusivos,sur,8799.0
2024-11-27,CORDOBA AV. 3647,-58.417813,-34.597727,Comuna 14,Carriles Exclusivos,oeste,8415.0
2024-11-27,MOSCONI GENERAL AV. 3000,-58.50334,-34.587077,Comuna 12,calle_avenida,norte,8320.0
2024-11-27,CORDOBA AV. 3329,-58.413685,-34.597847,Comuna 2,Carriles Exclusivos,oeste,8314.0
2024-11-27,ROSARIO 21,-58.429075,-34.618311,Comuna 6,calle_avenida,este,8230.0
2024-11-27,CALLAO AV. 337,-58.392133,-34.605181,Comuna 1,Carriles Exclusivos,norte,7984.0
2024-11-27,"PERON, JUAN DOMINGO, TTE. GENERAL 2687",-58.404461,-34.607561,Comuna 3,calle_avenida,oeste,7807.0
2024-11-27,"MONTES DE OCA, MANUEL AV. 1685",-58.373211,-34.646401,Comuna 4,calle_avenida,sur,7768.0
2024-11-27,SANTA FE AV. 3889,-58.418132,-34.583669,Comuna 14,Carriles Exclusivos,oeste,7644.0
2024-11-27,ENTRE RIOS AV. 182,-58.391718,-34.611145,Comuna 1,Carriles Exclusivos,norte,7383.0
2024-11-27,LARREA 477,-58.402156,-34.603736,Comuna 3,calle_avenida,norte,7223.0
2024-11-27,"BEIRO, FRANCISCO AV. 2875",-58.494038,-34.594803,Comuna 15,calle_avenida,oeste,7211.0
2024-11-27,PUEYRREDON AV. 367,-58.40571,-34.605973,Comuna 3,Carriles Exclusivos,norte,6742.0
2024-11-27,CORDOBA AV. 2523,-58.402911,-34.59879,Comuna 2,Carriles Exclusivos,oeste,6005.0
2024-11-27,PUEYRREDON AV. 459,-58.405495,-34.60505,Comuna 3,Carriles Exclusivos,norte,5972.0
2024-11-27,RIVADAVIA AV. 10524,-58.511786,-34.639436,Comuna 9,calle_avenida,este,5795.0
2024-11-27,PUEYRREDON AV. 768,-58.404705,-34.601207,Comuna 3,Carriles Exclusivos,sur,5702.0
2024-11-27,CORDOBA AV. 1431,-58.387335,-34.599232,Comuna 2,Carriles Exclusivos,oeste,5656.0
2024-11-27,CORDOBA AV. 1749,-58.392148,-34.599512,Comuna 2,Carriles Exclusivos,oeste,5550.0
2024-11-27,"ROCA, CNEL. AV. 5870",-58.460539,-34.689402,Comuna 8,calle_avenida,este,5531.0
2024-11-27,CORDOBA AV. 3143,-58.410998,-34.597969,Comuna 2,Carriles Exclusivos,oeste,5503.0
2024-11-27,"DE LA TORRE, LISANDRO 663",-58.520368,-34.646059,Comuna 9,calle_avenida,sur,5437.0
2024-11-27,SANTA FE AV. 1483,-58.388215,-34.595676,Comuna 2,Carriles Exclusivos,oeste,5378.0
2024-11-27,LAS HERAS GENERAL AV. 1870,-58.392633,-34.591284,Comuna 2,Carriles Exclusivos,este,5250.0
2024-11-27,PUEYRREDON AV. 870,-58.404389,-34.600218,Comuna 3,Carriles Exclusivos,sur,5242.0
2024-11-27,LAS HERAS GENERAL AV. 2252,-58.396535,-34.588012,Comuna 2,Carriles Exclusivos,este,4938.0
2024-11-27,SANTA FE AV. 2622,-58.403884,-34.594047,Comuna 2,calle_avenida,este,4713.0
2024-11-27,CASEROS AV. 3020,-58.406358,-34.637334,Comuna 4,calle_avenida,este,4675.0
2024-11-27,"LIMA ESTE Y GARAY, JUAN DE",-58.382235,-34.626842,Comuna 1,calle_avenida,sur,4563.0
2024-11-27,RIVADAVIA AV. 6626,-58.459176,-34.62777,Comuna 7,calle_avenida,este,4314.0
2024-11-27,ENTRE RIOS AV. 678,-58.391572,-34.616551,Comuna 1,Carriles Exclusivos,norte,3672.0
2024-11-27,VUELTA DE OBLIGADO 2179,-58.456328,-34.560704,Comuna 13,calle_avenida,norte,3534.0
2024-11-27,VARELA AV. 2779,-58.438057,-34.655973,Comuna 8,calle_avenida,sur,3424.0
2024-11-27,CORDOBA AV. 1147,-58.383217,-34.599039,Comuna 1,Carriles Exclusivos,oeste,2783.0
2024-11-27,ENTRE RIOS AV. 926,-58.391557,-34.619431,Comuna 1,Carriles Exclusivos,norte,2241.0
2024-11-27,LIMA OESTE 1524,-58.382189,-34.6262,Comuna 1,calle_avenida,norte,2092.0
2024-11-27,CALLAO AV. 681,-58.392623,-34.601114,Comuna 1,Carriles Exclusivos,norte,2086.0
2024-11-27,"AU 25 DE MAYO (AU10), SENTIDO CENTRO (ASCENDENTE), PK: 6+301",-58.40283,-34.625953,Comuna 3,Autopista,este,2006.0
2024-11-27,AVELLANEDA AV. 2924,-58.471929,-34.626563,Comuna 7,calle_avenida,este,54.0
2024-12-04,AU. 25 DE MAYO - SENTIDO PROVINCIA - PK 2+701,-58.439777,-34.631321,Comuna 7,Autopista,oeste,36526.0
2024-12-04,CORDOBA AV. 4570,-58.429776,-34.594591,Comuna 15,calle_avenida,oeste,33390.0
2024-12-04,CALLAO AV. 858,-58.39311,-34.599002,Comuna 2,calle_avenida,norte,32808.0
2024-12-04,GAONA AV. 2300,-58.459429,-34.613877,Comuna 6,calle_avenida,oeste,32063.0
2024-12-04,CALLAO AV. 1588,-58.391201,-34.591009,Comuna 2,calle_avenida,norte,30515.0
2024-12-04,ENTRE RIOS AV. 326,-58.391646,-34.613,Comuna 1,calle_avenida,norte,30408.0
2024-12-04,CORRIENTES AV. 5220,-58.439127,-34.59969,Comuna 15,calle_avenida,este,29673.0
2024-12-04,DEL LIBERTADOR AV. 5722,-58.445603,-34.55931,Comuna 13,calle_avenida,sur,27863.0
2024-12-04,CORDOBA AV. 1980,-58.395434,-34.599776,Comuna 3,calle_avenida,oeste,25122.0
2024-12-04,AVELLANEDA AV. 1825,-58.456423,-34.621237,Comuna 7,calle_avenida,este,24815.0
2024-12-04,ALVAREZ THOMAS AV. 1294,-58.459831,-34.578312,Comuna 13,calle_avenida,oeste,22161.0
2024-12-04,INDEPENDENCIA AV. 2086,-58.395712,-34.618449,Comuna 3,calle_avenida,oeste,20637.0
2024-12-04,"SCALABRINI ORTIZ, RAUL AV. 1385",-58.427003,-34.592379,Comuna 14,calle_avenida,este,20556.0
2024-12-04,PUEYRREDON AV. 214,-58.406212,-34.607467,Comuna 3,calle_avenida,sur,20454.0
2024-12-04,TRIUNVIRATO AV. 4520,-58.4848,-34.575403,Comuna 12,calle_avenida,este,20408.0
2024-12-04,CORRIENTES AV. 6210,-58.448402,-34.591075,Comuna 15,calle_avenida,este,19592.0
2024-12-04,ENTRE RIOS AV. 1818,-58.390787,-34.629623,Comuna 1,calle_avenida,norte,19582.0
2024-12-04,CORRIENTES AV. 3022,-58.408125,-34.604302,Comuna 3,calle_avenida,este,19138.0
2024-12-04,SAN MARTIN AV. 1844,-58.454414,-34.605652,Comuna 6,calle_avenida,este,18733.0
2024-12-04,INDEPENDENCIA AV. 1784,-58.391307,-34.618226,Comuna 1,calle_avenida,oeste,18383.0
2024-12-04,BELGRANO AV. 3218,-58.411416,-34.615436,Comuna 3,calle_avenida,este,18099.0
2024-12-04,"LACROZE, FEDERICO AV. 4199",-58.455081,-34.587105,Comuna 15,calle_avenida,sur,17834.0
2024-12-04,"ALBERDI, JUAN BAUTISTA AV. 890",-58.440541,-34.623013,Comuna 6,calle_avenida,oeste,17377.0
2024-12-04,"GARAY, JUAN DE AV. 1769",-58.390037,-34.627139,Comuna 1,calle_avenida,oeste,16953.0
2024-12-04,VEDIA 3438,-58.86039,-34.544242,Comuna 12,calle_avenida,este,15619.0
2024-12-04,LIMA 1365,-58.381495,-34.624262,Comuna 1,calle_avenida,sur,15474.0
2024-12-04,CABILDO AV. 1716,-58.453855,-34.565367,Comuna 13,calle_avenida,sur,15453.0
2024-12-04,BOEDO AV. 965,-58.416231,-34.624996,Comuna 5,calle_avenida,sur,15234.0
2024-12-04,PUEYRREDON AV. 1418,-58.402311,-34.594121,Comuna 2,calle_avenida,sur,14578.0
2024-12-04,BELGRANO AV. 324,-58.370911,-34.61249,Comuna 1,calle_avenida,este,14510.0
2024-12-04,"DE IRIGIOYEN, BERNARDO 1026",-58.3799,-34.62006,Comuna 1,calle_avenida,norte,14356.0
2024-12-04,RIVADAVIA AV. 9618,-58.499769,-34.637578,Comuna 10,calle_avenida,este,13822.0
2024-12-04,NAZCA AV. 479,-58.471328,-34.626678,Comuna 7,calle_avenida,norte,13728.0
2024-12-04,SAN JUAN AV. 1119,-58.381832,-34.622096,Comuna 1,calle_avenida,este,13162.0
2024-12-04,RIVADAVIA AV. 4987,-58.43608,-34.618047,Comuna 6,calle_avenida,oeste,13128.0
2024-12-04,AU. PERITO MORENO - SENTIDO PROVINCIA - PK 0+701,-58.522022,-34.636805,Comuna 9,Autopista,oeste,12335.0
2024-12-04,LIMA 281,-58.381872,-34.611723,Comuna 1,calle_avenida,sur,12276.0
2024-12-04,PASEO COLON AV. 753,-58.369509,-34.616769,Comuna 1,calle_avenida,sur,11932.0
2024-12-04,RIVADAVIA AV. 2775,-58.405518,-34.610013,Comuna 3,calle_avenida,oeste,11870.0
2024-12-04,SUAREZ 1635,-58.373758,-34.638502,Comuna 4,calle_avenida,este,11817.0
2024-12-04,"LACROZE, FEDERICO AV. 2462",-58.445413,-34.571098,Comuna 13,calle_avenida,norte,10964.0
2024-12-04,"JUSTO, JUAN B. AV. 4781",-58.466338,-34.610364,Comuna 11,calle_avenida,oeste,9685.0
2024-12-04,PUEYRREDON AV. 350,-58.405942,-34.606096,Comuna 3,Carriles Exclusivos,sur,9329.0
2024-12-04,CORDOBA AV. 2149,-58.398175,-34.599668,Comuna 2,Carriles Exclusivos,oeste,9274.0
2024-12-04,LAS HERAS GENERAL AV. 2289,-58.396838,-34.587651,Comuna 2,calle_avenida,oeste,9258.0
2024-12-04,CALLAO AV. 337,-58.392133,-34.605181,Comuna 1,Carriles Exclusivos,norte,8971.0
2024-12-04,RIVADAVIA AV. 7420,-58.469991,-34.630911,Comuna 7,calle_avenida,este,8717.0
2024-12-04,"RABANAL, FRANCISCO, INTENDENTE AV. 1323",-58.417658,-34.654886,Comuna 4,calle_avenida,oeste,8687.0
2024-12-04,"ALEM, LEANDRO N. AV. 518",-58.370691,-34.601595,Comuna 1,calle_avenida,sur,8586.0
2024-12-04,CORDOBA AV. 2801,-58.407164,-34.597965,Comuna 2,Carriles Exclusivos,oeste,8249.0
2024-12-04,"MONTES DE OCA, MANUEL AV. 1685",-58.373211,-34.646401,Comuna 4,calle_avenida,sur,8152.0
2024-12-04,CORDOBA AV. 3329,-58.413685,-34.597847,Comuna 2,Carriles Exclusivos,oeste,8003.0
2024-12-04,VERTIZ VIRREY AV. 2010,-58.449507,-34.559083,Comuna 13,calle_avenida,sur,7898.0
2024-12-04,CORDOBA AV. 3647,-58.417813,-34.597727,Comuna 14,Carriles Exclusivos,oeste,7644.0
2024-12-04,ENTRE RIOS AV. 182,-58.391718,-34.611145,Comuna 1,Carriles Exclusivos,norte,7592.0
2024-12-04,LARREA 477,-58.402156,-34.603736,Comuna 3,calle_avenida,norte,7339.0
2024-12-04,SANTA FE AV. 3889,-58.418132,-34.583669,Comuna 14,Carriles Exclusivos,oeste,7316.0
2024-12-04,CALLAO AV. 681,-58.392623,-34.601114,Comuna 1,Carriles Exclusivos,norte,7295.0
2024-12-04,ROSARIO 21,-58.429075,-34.618311,Comuna 6,calle_avenida,este,7057.0
2024-12-04,CORDOBA AV. 2523,-58.402911,-34.59879,Comuna 2,Carriles Exclusivos,oeste,6861.0
2024-12-04,PUEYRREDON AV. 367,-58.40571,-34.605973,Comuna 3,Carriles Exclusivos,norte,6830.0
2024-12-04,MOSCONI GENERAL AV. 3000,-58.50334,-34.587077,Comuna 12,calle_avenida,norte,6744.0
2024-12-04,PUEYRREDON AV. 459,-58.405495,-34.60505,Comuna 3,Carriles Exclusivos,norte,6411.0
2024-12-04,OLIVERA AV. 187,-58.487032,-34.637596,Comuna 10,calle_avenida,sur,6144.0
2024-12-04,CORDOBA AV. 1749,-58.392148,-34.599512,Comuna 2,Carriles Exclusivos,oeste,5924.0
2024-12-04,PUEYRREDON AV. 768,-58.404705,-34.601207,Comuna 3,Carriles Exclusivos,sur,5747.0
2024-12-04,CORDOBA AV. 1431,-58.387335,-34.599232,Comuna 2,Carriles Exclusivos,oeste,5491.0
2024-12-04,"ROCA, CNEL. AV. 5870",-58.460539,-34.689402,Comuna 8,calle_avenida,este,5378.0
2024-12-04,LAS HERAS GENERAL AV. 1870,-58.392633,-34.591284,Comuna 2,Carriles Exclusivos,este,5233.0
2024-12-04,RIVADAVIA AV. 10524,-58.511786,-34.639436,Comuna 9,calle_avenida,este,5198.0
2024-12-04,"LIMA ESTE Y GARAY, JUAN DE",-58.382235,-34.626842,Comuna 1,calle_avenida,sur,5190.0
2024-12-04,CORDOBA AV. 3143,-58.410998,-34.597969,Comuna 2,Carriles Exclusivos,oeste,5142.0
2024-12-04,PUEYRREDON AV. 870,-58.404389,-34.600218,Comuna 3,Carriles Exclusivos,sur,5075.0
2024-12-04,RIVADAVIA AV. 6626,-58.459176,-34.62777,Comuna 7,calle_avenida,este,5050.0
2024-12-04,"DE LA TORRE, LISANDRO 663",-58.520368,-34.646059,Comuna 9,calle_avenida,sur,4972.0
2024-12-04,SANTA FE AV. 1483,-58.388215,-34.595676,Comuna 2,Carriles Exclusivos,oeste,4859.0
2024-12-04,CASEROS AV. 3020,-58.406358,-34.637334,Comuna 4,calle_avenida,este,4666.0
2024-12-04,"PERON, JUAN DOMINGO, TTE. GENERAL 2687",-58.404461,-34.607561,Comuna 3,calle_avenida,oeste,4598.0
2024-12-04,SANTA FE AV. 2622,-58.403884,-34.594047,Comuna 2,calle_avenida,este,4576.0
2024-12-04,LAS HERAS GENERAL AV. 2252,-58.396535,-34.588012,Comuna 2,Carriles Exclusivos,este,4455.0
2024-12-04,VUELTA DE OBLIGADO 2179,-58.456328,-34.560704,Comuna 13,calle_avenida,norte,3948.0
2024-12-04,ENTRE RIOS AV. 678,-58.391572,-34.616551,Comuna 1,Carriles Exclusivos,norte,3584.0
2024-12-04,ENTRE RIOS AV. 926,-58.391557,-34.619431,Comuna 1,Carriles Exclusivos,norte,2995.0
2024-12-04,CORDOBA AV. 1147,-58.383217,-34.599039,Comuna 1,Carriles Exclusivos,oeste,2827.0
2024-12-04,VARELA AV. 2779,-58.438057,-34.655973,Comuna 8,calle_avenida,sur,2825.0
2024-12-04,LIMA OESTE 1524,-58.382189,-34.6262,Comuna 1,calle_avenida,norte,2068.0
2024-12-04,"AU 25 DE MAYO (AU10), SENTIDO CENTRO (ASCENDENTE), PK: 6+301",-58.40283,-34.625953,Comuna 3,Autopista,este,2031.0
2024-12-04,SANTA FE AV. 4650,-58.425858,-34.578448,Comuna 14,calle_avenida,este,185.0
2024-12-04,AVELLANEDA AV. 2924,-58.471929,-34.626563,Comuna 7,calle_avenida,este,104.0
2024-12-11,CORDOBA AV. 4570,-58.429776,-34.594591,Comuna 15,calle_avenida,oeste,33323.0
2024-12-11,GAONA AV. 2300,-58.459429,-34.613877,Comuna 6,calle_avenida,oeste,32114.0
2024-12-11,CALLAO AV. 858,-58.39311,-34.599002,Comuna 2,calle_avenida,norte,31756.0
2024-12-11,CALLAO AV. 1588,-58.391201,-34.591009,Comuna 2,calle_avenida,norte,30367.0
2024-12-11,ENTRE RIOS AV. 326,-58.391646,-34.613,Comuna 1,calle_avenida,norte,28826.0
2024-12-11,DEL LIBERTADOR AV. 5722,-58.445603,-34.55931,Comuna 13,calle_avenida,sur,27883.0
2024-12-11,"ALBERDI, JUAN BAUTISTA AV. 890",-58.440541,-34.623013,Comuna 6,calle_avenida,oeste,27418.0
2024-12-11,AVELLANEDA AV. 1825,-58.456423,-34.621237,Comuna 7,calle_avenida,este,25472.0
2024-12-11,FOREST AV. 634,-58.454309,-34.584925,Comuna 15,calle_avenida,sur,24848.0
2024-12-11,CORDOBA AV. 1980,-58.395434,-34.599776,Comuna 3,calle_avenida,oeste,24548.0
2024-12-11,ALVAREZ THOMAS AV. 1294,-58.459831,-34.578312,Comuna 13,calle_avenida,oeste,21047.0
2024-12-11,INDEPENDENCIA AV. 2086,-58.395712,-34.618449,Comuna 3,calle_avenida,oeste,20073.0
2024-12-11,AU. 25 DE MAYO - SENTIDO PROVINCIA - PK 2+701,-58.439777,-34.631321,Comuna 7,Autopista,oeste,19955.0
2024-12-11,"SCALABRINI ORTIZ, RAUL AV. 1385",-58.427003,-34.592379,Comuna 14,calle_avenida,este,19883.0
2024-12-11,PUEYRREDON AV. 214,-58.406212,-34.607467,Comuna 3,calle_avenida,sur,19630.0
2024-12-11,ENTRE RIOS AV. 1818,-58.390787,-34.629623,Comuna 1,calle_avenida,norte,19479.0
2024-12-11,CORRIENTES AV. 3022,-58.408125,-34.604302,Comuna 3,calle_avenida,este,19016.0
2024-12-11,CORRIENTES AV. 6210,-58.448402,-34.591075,Comuna 15,calle_avenida,este,18877.0
2024-12-11,"GARAY, JUAN DE AV. 1769",-58.390037,-34.627139,Comuna 1,calle_avenida,oeste,18073.0
2024-12-11,INDEPENDENCIA AV. 1784,-58.391307,-34.618226,Comuna 1,calle_avenida,oeste,17952.0
2024-12-11,SAN MARTIN AV. 1844,-58.454414,-34.605652,Comuna 6,calle_avenida,este,17573.0
2024-12-11,"LACROZE, FEDERICO AV. 4199",-58.455081,-34.587105,Comuna 15,calle_avenida,sur,17394.0
2024-12-11,BELGRANO AV. 3218,-58.411416,-34.615436,Comuna 3,calle_avenida,este,17169.0
2024-12-11,LIMA 1365,-58.381495,-34.624262,Comuna 1,calle_avenida,sur,16427.0
2024-12-11,"DE IRIGIOYEN, BERNARDO 1026",-58.3799,-34.62006,Comuna 1,calle_avenida,norte,16042.0
2024-12-11,NAZCA AV. 479,-58.471328,-34.626678,Comuna 7,calle_avenida,norte,15988.0
2024-12-11,VEDIA 3438,-58.86039,-34.544242,Comuna 12,calle_avenida,este,15555.0
2024-12-11,BOEDO AV. 965,-58.416231,-34.624996,Comuna 5,calle_avenida,sur,15058.0
2024-12-11,CABILDO AV. 1716,-58.453855,-34.565367,Comuna 13,calle_avenida,sur,14755.0
2024-12-11,BELGRANO AV. 324,-58.370911,-34.61249,Comuna 1,calle_avenida,este,14525.0
2024-12-11,RIVADAVIA AV. 7218,-58.467187,-34.630203,Comuna 7,calle_avenida,este,13955.0
2024-12-11,PUEYRREDON AV. 1418,-58.402311,-34.594121,Comuna 2,calle_avenida,sur,12806.0
2024-12-11,RIVADAVIA AV. 4987,-58.43608,-34.618047,Comuna 6,calle_avenida,oeste,12686.0
2024-12-11,SAN JUAN AV. 1119,-58.381832,-34.622096,Comuna 1,calle_avenida,este,12030.0
2024-12-11,RIVADAVIA AV. 2775,-58.405518,-34.610013,Comuna 3,calle_avenida,oeste,11952.0
2024-12-11,SUAREZ 1635,-58.373758,-34.638502,Comuna 4,calle_avenida,este,11822.0
2024-12-11,PASEO COLON AV. 753,-58.369509,-34.616769,Comuna 1,calle_avenida,sur,11811.0
2024-12-11,RIVADAVIA AV. 9618,-58.499769,-34.637578,Comuna 10,calle_avenida,este,11641.0
2024-12-11,LIMA 281,-58.381872,-34.611723,Comuna 1,calle_avenida,sur,11207.0
2024-12-11,"LACROZE, FEDERICO AV. 2462",-58.445413,-34.571098,Comuna 13,calle_avenida,norte,11040.0
2024-12-11,"RABANAL, FRANCISCO, INTENDENTE AV. 1323",-58.417658,-34.654886,Comuna 4,calle_avenida,oeste,9159.0
2024-12-11,"JUSTO, JUAN B. AV. 4781",-58.466338,-34.610364,Comuna 11,calle_avenida,oeste,8887.0
2024-12-11,CALLAO AV. 337,-58.392133,-34.605181,Comuna 1,Carriles Exclusivos,norte,8868.0
2024-12-11,"ALEM, LEANDRO N. AV. 518",-58.370691,-34.601595,Comuna 1,calle_avenida,sur,8668.0
2024-12-11,CORDOBA AV. 2801,-58.407164,-34.597965,Comuna 2,Carriles Exclusivos,oeste,8164.0
2024-12-11,LAS HERAS GENERAL AV. 2289,-58.396838,-34.587651,Comuna 2,calle_avenida,oeste,7874.0
2024-12-11,CORDOBA AV. 3329,-58.413685,-34.597847,Comuna 2,Carriles Exclusivos,oeste,7845.0
2024-12-11,SANTA FE AV. 3889,-58.418132,-34.583669,Comuna 14,Carriles Exclusivos,oeste,7773.0
2024-12-11,"MONTES DE OCA, MANUEL AV. 1685",-58.373211,-34.646401,Comuna 4,calle_avenida,sur,7760.0
2024-12-11,AU. PERITO MORENO - SENTIDO PROVINCIA - PK 0+701,-58.522022,-34.636805,Comuna 9,Autopista,oeste,7676.0
2024-12-11,CORDOBA AV. 3647,-58.417813,-34.597727,Comuna 14,Carriles Exclusivos,oeste,7547.0
2024-12-11,LARREA 477,-58.402156,-34.603736,Comuna 3,calle_avenida,norte,7514.0
2024-12-11,PUEYRREDON AV. 367,-58.40571,-34.605973,Comuna 3,Carriles Exclusivos,norte,6860.0
2024-12-11,ROSARIO 21,-58.429075,-34.618311,Comuna 6,calle_avenida,este,6709.0
2024-12-11,CALLAO AV. 681,-58.392623,-34.601114,Comuna 1,Carriles Exclusivos,norte,6689.0
2024-12-11,CORDOBA AV. 2523,-58.402911,-34.59879,Comuna 2,Carriles Exclusivos,oeste,6616.0
2024-12-11,"PERON, JUAN DOMINGO, TTE. GENERAL 2687",-58.404461,-34.607561,Comuna 3,calle_avenida,oeste,6463.0
2024-12-11,PUEYRREDON AV. 350,-58.405942,-34.606096,Comuna 3,Carriles Exclusivos,sur,6443.0
2024-12-11,OLIVERA AV. 187,-58.487032,-34.637596,Comuna 10,calle_avenida,sur,6291.0
2024-12-11,PUEYRREDON AV. 459,-58.405495,-34.60505,Comuna 3,Carriles Exclusivos,norte,6281.0
2024-12-11,VERTIZ VIRREY AV. 2010,-58.449507,-34.559083,Comuna 13,calle_avenida,sur,6267.0
2024-12-11,MOSCONI GENERAL AV. 3000,-58.50334,-34.587077,Comuna 12,calle_avenida,norte,6262.0
2024-12-11,"ROCA, CNEL. AV. 5870",-58.460539,-34.689402,Comuna 8,calle_avenida,este,5703.0
2024-12-11,CORDOBA AV. 1749,-58.392148,-34.599512,Comuna 2,Carriles Exclusivos,oeste,5684.0
2024-12-11,SANTA FE AV. 4650,-58.425858,-34.578448,Comuna 14,calle_avenida,este,5296.0
2024-12-11,RIVADAVIA AV. 10524,-58.511786,-34.639436,Comuna 9,calle_avenida,este,5219.0
2024-12-11,PUEYRREDON AV. 768,-58.404705,-34.601207,Comuna 3,Carriles Exclusivos,sur,5207.0
2024-12-11,LAS HERAS GENERAL AV. 1870,-58.392633,-34.591284,Comuna 2,Carriles Exclusivos,este,5189.0
2024-12-11,LAS HERAS GENERAL AV. 2252,-58.396535,-34.588012,Comuna 2,Carriles Exclusivos,este,5157.0
2024-12-11,CORDOBA AV. 3143,-58.410998,-34.597969,Comuna 2,Carriles Exclusivos,oeste,5024.0
2024-12-11,CORDOBA AV. 1431,-58.387335,-34.599232,Comuna 2,Carriles Exclusivos,oeste,4969.0
2024-12-11,PUEYRREDON AV. 870,-58.404389,-34.600218,Comuna 3,Carriles Exclusivos,sur,4960.0
2024-12-11,RIVADAVIA AV. 6626,-58.459176,-34.62777,Comuna 7,calle_avenida,este,4949.0
2024-12-11,"DE LA TORRE, LISANDRO 663",-58.520368,-34.646059,Comuna 9,calle_avenida,sur,4927.0
2024-12-11,SANTA FE AV. 1483,-58.388215,-34.595676,Comuna 2,Carriles Exclusivos,oeste,4884.0
2024-12-11,SANTA FE AV. 2622,-58.403884,-34.594047,Comuna 2,calle_avenida,este,4175.0
2024-12-11,CASEROS AV. 3020,-58.406358,-34.637334,Comuna 4,calle_avenida,este,4158.0
2024-12-11,"BEIRO, FRANCISCO AV. 2875",-58.494038,-34.594803,Comuna 15,calle_avenida,oeste,4132.0
2024-12-11,ENTRE RIOS AV. 678,-58.391572,-34.616551,Comuna 1,Carriles Exclusivos,norte,3855.0
2024-12-11,"LIMA ESTE Y GARAY, JUAN DE",-58.382235,-34.626842,Comuna 1,calle_avenida,sur,3456.0
2024-12-11,VUELTA DE OBLIGADO 2179,-58.456328,-34.560704,Comuna 13,calle_avenida,norte,3322.0
2024-12-11,CORDOBA AV. 1147,-58.383217,-34.599039,Comuna 1,Carriles Exclusivos,oeste,2804.0
2024-12-11,VARELA AV. 2779,-58.438057,-34.655973,Comuna 8,calle_avenida,sur,2591.0
2024-12-11,ENTRE RIOS AV. 926,-58.391557,-34.619431,Comuna 1,Carriles Exclusivos,norte,2428.0
2024-12-11,CORRIENTES AV. 5220,-58.439127,-34.59969,Comuna 15,calle_avenida,este,2174.0
2024-12-11,LIMA OESTE 1524,-58.382189,-34.6262,Comuna 1,calle_avenida,norte,2006.0
2024-12-11,"AU 25 DE MAYO (AU10), SENTIDO CENTRO (ASCENDENTE), PK: 6+301",-58.40283,-34.625953,Comuna 3,Autopista,este,1711.0
2024-12-11,AVELLANEDA AV. 2924,-58.471929,-34.626563,Comuna 7,calle_avenida,este,64.0
2024-12-11,PASEO COLON AV. 400,-58.368952,-34.612207,Comuna 1,calle_avenida,norte,38.0
2024-12-18,AU. 25 DE MAYO - SENTIDO PROVINCIA - PK 2+701,-58.439777,-34.631321,Comuna 7,Autopista,oeste,39357.0
2024-12-18,CORDOBA AV. 4570,-58.429776,-34.594591,Comuna 15,calle_avenida,oeste,36074.0
2024-12-18,CALLAO AV. 858,-58.39311,-34.599002,Comuna 2,calle_avenida,norte,33339.0
2024-12-18,GAONA AV. 2300,-58.459429,-34.613877,Comuna 6,calle_avenida,oeste,32699.0
2024-12-18,CORRIENTES AV. 5220,-58.439127,-34.59969,Comuna 15,calle_avenida,este,31788.0
2024-12-18,CALLAO AV. 1588,-58.391201,-34.591009,Comuna 2,calle_avenida,norte,31688.0
2024-12-18,ENTRE RIOS AV. 326,-58.391646,-34.613,Comuna 1,calle_avenida,norte,31506.0
2024-12-18,CORDOBA AV. 4471,-58.428774,-34.594989,Comuna 14,calle_avenida,oeste,31204.0
2024-12-18,DEL LIBERTADOR AV. 5722,-58.445603,-34.55931,Comuna 13,calle_avenida,sur,30108.0
2024-12-18,"ALBERDI, JUAN BAUTISTA AV. 890",-58.440541,-34.623013,Comuna 6,calle_avenida,oeste,29746.0
2024-12-18,FOREST AV. 634,-58.454309,-34.584925,Comuna 15,calle_avenida,sur,28704.0
2024-12-18,AVELLANEDA AV. 1825,-58.456423,-34.621237,Comuna 7,calle_avenida,este,26048.0
2024-12-18,ALVAREZ THOMAS AV. 1294,-58.459831,-34.578312,Comuna 13,calle_avenida,oeste,25905.0
2024-12-18,CORDOBA AV. 1980,-58.395434,-34.599776,Comuna 3,calle_avenida,oeste,25300.0
2024-12-18,CORRIENTES AV. 6210,-58.448402,-34.591075,Comuna 15,calle_avenida,este,23214.0
2024-12-18,PUEYRREDON AV. 214,-58.406212,-34.607467,Comuna 3,calle_avenida,sur,23107.0
2024-12-18,BELGRANO AV. 3218,-58.411416,-34.615436,Comuna 3,calle_avenida,este,21460.0
2024-12-18,INDEPENDENCIA AV. 2086,-58.395712,-34.618449,Comuna 3,calle_avenida,oeste,21315.0
2024-12-18,"SCALABRINI ORTIZ, RAUL AV. 1385",-58.427003,-34.592379,Comuna 14,calle_avenida,este,21290.0
2024-12-18,CORRIENTES AV. 3022,-58.408125,-34.604302,Comuna 3,calle_avenida,este,20915.0
2024-12-18,ENTRE RIOS AV. 1818,-58.390787,-34.629623,Comuna 1,calle_avenida,norte,20487.0
2024-12-18,TRIUNVIRATO AV. 4520,-58.4848,-34.575403,Comuna 12,calle_avenida,este,20226.0
2024-12-18,SAN MARTIN AV. 1844,-58.454414,-34.605652,Comuna 6,calle_avenida,este,18901.0
2024-12-18,"LACROZE, FEDERICO AV. 4199",-58.455081,-34.587105,Comuna 15,calle_avenida,sur,18650.0
2024-12-18,INDEPENDENCIA AV. 1784,-58.391307,-34.618226,Comuna 1,calle_avenida,oeste,18561.0
2024-12-18,"GARAY, JUAN DE AV. 1769",-58.390037,-34.627139,Comuna 1,calle_avenida,oeste,18258.0
2024-12-18,VEDIA 3438,-58.86039,-34.544242,Comuna 12,calle_avenida,este,17719.0
2024-12-18,NAZCA AV. 479,-58.471328,-34.626678,Comuna 7,calle_avenida,norte,17185.0
2024-12-18,CABILDO AV. 1716,-58.453855,-34.565367,Comuna 13,calle_avenida,sur,16269.0
2024-12-18,BOEDO AV. 965,-58.416231,-34.624996,Comuna 5,calle_avenida,sur,15884.0
2024-12-18,BELGRANO AV. 324,-58.370911,-34.61249,Comuna 1,calle_avenida,este,15756.0
2024-12-18,LIMA 1365,-58.381495,-34.624262,Comuna 1,calle_avenida,sur,15667.0
2024-12-18,RIVADAVIA AV. 7218,-58.467187,-34.630203,Comuna 7,calle_avenida,este,15394.0
2024-12-18,RIVADAVIA AV. 2775,-58.405518,-34.610013,Comuna 3,calle_avenida,oeste,14949.0
2024-12-18,PUEYRREDON AV. 1418,-58.402311,-34.594121,Comuna 2,calle_avenida,sur,14659.0
2024-12-18,"DE IRIGIOYEN, BERNARDO 1026",-58.3799,-34.62006,Comuna 1,calle_avenida,norte,14333.0
2024-12-18,SAN JUAN AV. 1119,-58.381832,-34.622096,Comuna 1,calle_avenida,este,13491.0
2024-12-18,RIVADAVIA AV. 4987,-58.43608,-34.618047,Comuna 6,calle_avenida,oeste,13475.0
2024-12-18,RIVADAVIA AV. 9618,-58.499769,-34.637578,Comuna 10,calle_avenida,este,13182.0
2024-12-18,LIMA 281,-58.381872,-34.611723,Comuna 1,calle_avenida,sur,13064.0
2024-12-18,AU. PERITO MORENO - SENTIDO PROVINCIA - PK 0+701,-58.522022,-34.636805,Comuna 9,Autopista,oeste,12859.0
2024-12-18,PASEO COLON AV. 753,-58.369509,-34.616769,Comuna 1,calle_avenida,sur,12818.0
2024-12-18,SUAREZ 1635,-58.373758,-34.638502,Comuna 4,calle_avenida,este,12085.0
2024-12-18,"LACROZE, FEDERICO AV. 2462",-58.445413,-34.571098,Comuna 13,calle_avenida,norte,11615.0
2024-12-18,"JUSTO, JUAN B. AV. 4781",-58.466338,-34.610364,Comuna 11,calle_avenida,oeste,11586.0
2024-12-18,"RABANAL, FRANCISCO, INTENDENTE AV. 1323",-58.417658,-34.654886,Comuna 4,calle_avenida,oeste,11048.0
2024-12-18,PUEYRREDON AV. 350,-58.405942,-34.606096,Comuna 3,Carriles Exclusivos,sur,9563.0
2024-12-18,CALLAO AV. 337,-58.392133,-34.605181,Comuna 1,Carriles Exclusivos,norte,9176.0
2024-12-18,"ALEM, LEANDRO N. AV. 518",-58.370691,-34.601595,Comuna 1,calle_avenida,sur,9081.0
2024-12-18,CORDOBA AV. 2801,-58.407164,-34.597965,Comuna 2,Carriles Exclusivos,oeste,9062.0
2024-12-18,CORDOBA AV. 3647,-58.417813,-34.597727,Comuna 14,Carriles Exclusivos,oeste,8577.0
2024-12-18,LAS HERAS GENERAL AV. 2289,-58.396838,-34.587651,Comuna 2,calle_avenida,oeste,8572.0
2024-12-18,CORDOBA AV. 3329,-58.413685,-34.597847,Comuna 2,Carriles Exclusivos,oeste,8183.0
2024-12-18,"MONTES DE OCA, MANUEL AV. 1685",-58.373211,-34.646401,Comuna 4,calle_avenida,sur,8036.0
2024-12-18,MOSCONI GENERAL AV. 3000,-58.50334,-34.587077,Comuna 12,calle_avenida,norte,7974.0
2024-12-18,"BEIRO, FRANCISCO AV. 2875",-58.494038,-34.594803,Comuna 15,calle_avenida,oeste,7971.0
2024-12-18,SANTA FE AV. 3889,-58.418132,-34.583669,Comuna 14,Carriles Exclusivos,oeste,7799.0
2024-12-18,CORDOBA AV. 2149,-58.398175,-34.599668,Comuna 2,Carriles Exclusivos,oeste,7722.0
2024-12-18,VERTIZ VIRREY AV. 2010,-58.449507,-34.559083,Comuna 13,calle_avenida,sur,7525.0
2024-12-18,CALLAO AV. 681,-58.392623,-34.601114,Comuna 1,Carriles Exclusivos,norte,7409.0
2024-12-18,LARREA 477,-58.402156,-34.603736,Comuna 3,calle_avenida,norte,7405.0
2024-12-18,CORDOBA AV. 2523,-58.402911,-34.59879,Comuna 2,Carriles Exclusivos,oeste,7311.0
2024-12-18,ROSARIO 21,-58.429075,-34.618311,Comuna 6,calle_avenida,este,7221.0
2024-12-18,PUEYRREDON AV. 367,-58.40571,-34.605973,Comuna 3,Carriles Exclusivos,norte,7206.0
2024-12-18,OLIVERA AV. 187,-58.487032,-34.637596,Comuna 10,calle_avenida,sur,6771.0
2024-12-18,"PERON, JUAN DOMINGO, TTE. GENERAL 2687",-58.404461,-34.607561,Comuna 3,calle_avenida,oeste,6462.0
2024-12-18,PUEYRREDON AV. 459,-58.405495,-34.60505,Comuna 3,Carriles Exclusivos,norte,6435.0
2024-12-18,PUEYRREDON AV. 768,-58.404705,-34.601207,Comuna 3,Carriles Exclusivos,sur,6187.0
2024-12-18,"ROCA, CNEL. AV. 5870",-58.460539,-34.689402,Comuna 8,calle_avenida,este,5968.0
2024-12-18,RIVADAVIA AV. 10524,-58.511786,-34.639436,Comuna 9,calle_avenida,este,5940.0
2024-12-18,CORDOBA AV. 1749,-58.392148,-34.599512,Comuna 2,Carriles Exclusivos,oeste,5842.0
2024-12-18,ENTRE RIOS AV. 182,-58.391718,-34.611145,Comuna 1,Carriles Exclusivos,norte,5507.0
2024-12-18,CORDOBA AV. 1431,-58.387335,-34.599232,Comuna 2,Carriles Exclusivos,oeste,5388.0
2024-12-18,LAS HERAS GENERAL AV. 1870,-58.392633,-34.591284,Comuna 2,Carriles Exclusivos,este,5352.0
2024-12-18,CORDOBA AV. 3143,-58.410998,-34.597969,Comuna 2,Carriles Exclusivos,oeste,5267.0
2024-12-18,PUEYRREDON AV. 870,-58.404389,-34.600218,Comuna 3,Carriles Exclusivos,sur,5238.0
2024-12-18,LAS HERAS GENERAL AV. 2252,-58.396535,-34.588012,Comuna 2,Carriles Exclusivos,este,5216.0
2024-12-18,SANTA FE AV. 1483,-58.388215,-34.595676,Comuna 2,Carriles Exclusivos,oeste,5038.0
2024-12-18,RIVADAVIA AV. 6626,-58.459176,-34.62777,Comuna 7,calle_avenida,este,4973.0
2024-12-18,"DE LA TORRE, LISANDRO 663",-58.520368,-34.646059,Comuna 9,calle_avenida,sur,4946.0
2024-12-18,"LIMA ESTE Y GARAY, JUAN DE",-58.382235,-34.626842,Comuna 1,calle_avenida,sur,4509.0
2024-12-18,ENTRE RIOS AV. 678,-58.391572,-34.616551,Comuna 1,Carriles Exclusivos,norte,4362.0
2024-12-18,SANTA FE AV. 4650,-58.425858,-34.578448,Comuna 14,calle_avenida,este,4198.0
2024-12-18,SANTA FE AV. 2622,-58.403884,-34.594047,Comuna 2,calle_avenida,este,4190.0
2024-12-18,VUELTA DE OBLIGADO 2179,-58.456328,-34.560704,Comuna 13,calle_avenida,norte,3879.0
2024-12-18,CASEROS AV. 3020,-58.406358,-34.637334,Comuna 4,calle_avenida,este,3505.0
2024-12-18,VARELA AV. 2779,-58.438057,-34.655973,Comuna 8,calle_avenida,sur,2962.0
2024-12-18,RIVADAVIA AV. 7420,-58.469991,-34.630911,Comuna 7,calle_avenida,este,2954.0
2024-12-18,ENTRE RIOS AV. 926,-58.391557,-34.619431,Comuna 1,Carriles Exclusivos,norte,2916.0
2024-12-18,CORDOBA AV. 1147,-58.383217,-34.599039,Comuna 1,Carriles Exclusivos,oeste,2519.0
2024-12-18,"AU 25 DE MAYO (AU10), SENTIDO CENTRO (ASCENDENTE), PK: 6+301",-58.40283,-34.625953,Comuna 3,Autopista,este,2309.0
2024-12-18,LIMA OESTE 1524,-58.382189,-34.6262,Comuna 1,calle_avenida,norte,2096.0
2024-12-18,AVELLANEDA AV. 2924,-58.471929,-34.626563,Comuna 7,calle_avenida,este,78.0
2024-12-25,AU. 25 DE MAYO - SENTIDO PROVINCIA - PK 2+701,-58.439777,-34.631321,Comuna 7,Autopista,oeste,22782.0
2024-12-25,CORRIENTES AV. 5220,-58.439127,-34.59969,Comuna 15,calle_avenida,este,22036.0
2024-12-25,CORDOBA AV. 4570,-58.429776,-34.594591,Comuna 15,calle_avenida,oeste,21476.0
2024-12-25,GAONA AV. 2300,-58.459429,-34.613877,Comuna 6,calle_avenida,oeste,21386.0
2024-12-25,FOREST AV. 634,-58.454309,-34.584925,Comuna 15,calle_avenida,sur,20741.0
2024-12-25,ENTRE RIOS AV. 326,-58.391646,-34.613,Comuna 1,calle_avenida,norte,18662.0
2024-12-25,AVELLANEDA AV. 1825,-58.456423,-34.621237,Comuna 7,calle_avenida,este,17981.0
2024-12-25,CALLAO AV. 858,-58.39311,-34.599002,Comuna 2,calle_avenida,norte,17878.0
2024-12-25,ALVAREZ THOMAS AV. 1294,-58.459831,-34.578312,Comuna 13,calle_avenida,oeste,17859.0
2024-12-25,"ALBERDI, JUAN BAUTISTA AV. 890",-58.440541,-34.623013,Comuna 6,calle_avenida,oeste,17825.0
2024-12-25,PUEYRREDON AV. 214,-58.406212,-34.607467,Comuna 3,calle_avenida,sur,17428.0
2024-12-25,CORRIENTES AV. 3022,-58.408125,-34.604302,Comuna 3,calle_avenida,este,16639.0
2024-12-25,CORDOBA AV. 4471,-58.428774,-34.594989,Comuna 14,calle_avenida,oeste,14930.0
2024-12-25,CORRIENTES AV. 6210,-58.448402,-34.591075,Comuna 15,calle_avenida,este,14899.0
2024-12-25,TRIUNVIRATO AV. 4520,-58.4848,-34.575403,Comuna 12,calle_avenida,este,14567.0
2024-12-25,DEL LIBERTADOR AV. 5722,-58.445603,-34.55931,Comuna 13,calle_avenida,sur,13873.0
2024-12-25,CORDOBA AV. 1980,-58.395434,-34.599776,Comuna 3,calle_avenida,oeste,13755.0
2024-12-25,SAN MARTIN AV. 1844,-58.454414,-34.605652,Comuna 6,calle_avenida,este,13142.0
2024-12-25,CALLAO AV. 1588,-58.391201,-34.591009,Comuna 2,calle_avenida,norte,12963.0
2024-12-25,CABILDO AV. 1716,-58.453855,-34.565367,Comuna 13,calle_avenida,sur,11404.0
2024-12-25,NAZCA AV. 479,-58.471328,-34.626678,Comuna 7,calle_avenida,norte,11216.0
2024-12-25,BELGRANO AV. 3218,-58.411416,-34.615436,Comuna 3,calle_avenida,este,10868.0
2024-12-25,RIVADAVIA AV. 9618,-58.499769,-34.637578,Comuna 10,calle_avenida,este,9947.0
2024-12-25,"LACROZE, FEDERICO AV. 4199",-58.455081,-34.587105,Comuna 15,calle_avenida,sur,9451.0
2024-12-25,INDEPENDENCIA AV. 2086,-58.395712,-34.618449,Comuna 3,calle_avenida,oeste,9278.0
2024-12-25,"SCALABRINI ORTIZ, RAUL AV. 1385",-58.427003,-34.592379,Comuna 14,calle_avenida,este,9262.0
2024-12-25,AU. PERITO MORENO - SENTIDO PROVINCIA - PK 0+701,-58.522022,-34.636805,Comuna 9,Autopista,oeste,8799.0
2024-12-25,ENTRE RIOS AV. 1818,-58.390787,-34.629623,Comuna 1,calle_avenida,norte,8373.0
2024-12-25,RIVADAVIA AV. 2775,-58.405518,-34.610013,Comuna 3,calle_avenida,oeste,8127.0
2024-12-25,RIVADAVIA AV. 7218,-58.467187,-34.630203,Comuna 7,calle_avenida,este,8101.0
2024-12-25,INDEPENDENCIA AV. 1784,-58.391307,-34.618226,Comuna 1,calle_avenida,oeste,7928.0
2024-12-25,PUEYRREDON AV. 1418,-58.402311,-34.594121,Comuna 2,calle_avenida,sur,7812.0
2024-12-25,RIVADAVIA AV. 4987,-58.43608,-34.618047,Comuna 6,calle_avenida,oeste,7549.0
2024-12-25,SAN JUAN AV. 1119,-58.381832,-34.622096,Comuna 1,calle_avenida,este,7087.0
2024-12-25,BELGRANO AV. 324,-58.370911,-34.61249,Comuna 1,calle_avenida,este,7023.0
2024-12-25,"DE IRIGIOYEN, BERNARDO 1026",-58.3799,-34.62006,Comuna 1,calle_avenida,norte,6959.0
2024-12-25,"GARAY, JUAN DE AV. 1769",-58.390037,-34.627139,Comuna 1,calle_avenida,oeste,6633.0
2024-12-25,SUAREZ 1635,-58.373758,-34.638502,Comuna 4,calle_avenida,este,6599.0
2024-12-25,"LACROZE, FEDERICO AV. 2462",-58.445413,-34.571098,Comuna 13,calle_avenida,norte,6596.0
2024-12-25,PUEYRREDON AV. 350,-58.405942,-34.606096,Comuna 3,Carriles Exclusivos,sur,6499.0
2024-12-25,ROSARIO 21,-58.429075,-34.618311,Comuna 6,calle_avenida,este,6291.0
2024-12-25,RIVADAVIA AV. 10524,-58.511786,-34.639436,Comuna 9,calle_avenida,este,6157.0
2024-12-25,LIMA 1365,-58.381495,-34.624262,Comuna 1,calle_avenida,sur,6064.0
2024-12-25,LAS HERAS GENERAL AV. 2289,-58.396838,-34.587651,Comuna 2,calle_avenida,oeste,5882.0
2024-12-25,SANTA FE AV. 3889,-58.418132,-34.583669,Comuna 14,Carriles Exclusivos,oeste,5872.0
2024-12-25,VEDIA 3438,-58.86039,-34.544242,Comuna 12,calle_avenida,este,5858.0
2024-12-25,RIVADAVIA AV. 7420,-58.469991,-34.630911,Comuna 7,calle_avenida,este,5702.0
2024-12-25,"BEIRO, FRANCISCO AV. 2875",-58.494038,-34.594803,Comuna 15,calle_avenida,oeste,5250.0
2024-12-25,"JUSTO, JUAN B. AV. 4781",-58.466338,-34.610364,Comuna 11,calle_avenida,oeste,4796.0
2024-12-25,PUEYRREDON AV. 870,-58.404389,-34.600218,Comuna 3,Carriles Exclusivos,sur,4709.0
2024-12-25,MOSCONI GENERAL AV. 3000,-58.50334,-34.587077,Comuna 12,calle_avenida,norte,4531.0
2024-12-25,PUEYRREDON AV. 768,-58.404705,-34.601207,Comuna 3,Carriles Exclusivos,sur,4461.0
2024-12-25,LARREA 477,-58.402156,-34.603736,Comuna 3,calle_avenida,norte,4312.0
2024-12-25,CALLAO AV. 337,-58.392133,-34.605181,Comuna 1,Carriles Exclusivos,norte,4227.0
2024-12-25,LIMA 281,-58.381872,-34.611723,Comuna 1,calle_avenida,sur,4227.0
2024-12-25,"RABANAL, FRANCISCO, INTENDENTE AV. 1323",-58.417658,-34.654886,Comuna 4,calle_avenida,oeste,4183.0
2024-12-25,VERTIZ VIRREY AV. 2010,-58.449507,-34.559083,Comuna 13,calle_avenida,sur,4058.0
2024-12-25,PASEO COLON AV. 753,-58.369509,-34.616769,Comuna 1,calle_avenida,sur,3745.0
2024-12-25,ENTRE RIOS AV. 182,-58.391718,-34.611145,Comuna 1,Carriles Exclusivos,norte,3728.0
2024-12-25,"MONTES DE OCA, MANUEL AV. 1685",-58.373211,-34.646401,Comuna 4,calle_avenida,sur,3717.0
2024-12-25,SANTA FE AV. 4650,-58.425858,-34.578448,Comuna 14,calle_avenida,este,3659.0
2024-12-25,OLIVERA AV. 187,-58.487032,-34.637596,Comuna 10,calle_avenida,sur,3480.0
2024-12-25,CORDOBA AV. 2149,-58.398175,-34.599668,Comuna 2,Carriles Exclusivos,oeste,3178.0
2024-12-25,"ALEM, LEANDRO N. AV. 518",-58.370691,-34.601595,Comuna 1,calle_avenida,sur,3153.0
2024-12-25,PUEYRREDON AV. 367,-58.40571,-34.605973,Comuna 3,Carriles Exclusivos,norte,3048.0
2024-12-25,PUEYRREDON AV. 459,-58.405495,-34.60505,Comuna 3,Carriles Exclusivos,norte,2995.0
2024-12-25,CORDOBA AV. 2801,-58.407164,-34.597965,Comuna 2,Carriles Exclusivos,oeste,2868.0
2024-12-25,CALLAO AV. 681,-58.392623,-34.601114,Comuna 1,Carriles Exclusivos,norte,2820.0
2024-12-25,CORDOBA AV. 3647,-58.417813,-34.597727,Comuna 14,Carriles Exclusivos,oeste,2755.0
2024-12-25,LAS HERAS GENERAL AV. 1870,-58.392633,-34.591284,Comuna 2,Carriles Exclusivos,este,2604.0
2024-12-25,CASEROS AV. 3020,-58.406358,-34.637334,Comuna 4,calle_avenida,este,2584.0
2024-12-25,CORDOBA AV. 3329,-58.413685,-34.597847,Comuna 2,Carriles Exclusivos,oeste,2552.0
2024-12-25,CORDOBA AV. 3143,-58.410998,-34.597969,Comuna 2,Carriles Exclusivos,oeste,2386.0
2024-12-25,LAS HERAS GENERAL AV. 2252,-58.396535,-34.588012,Comuna 2,Carriles Exclusivos,este,2369.0
2024-12-25,ENTRE RIOS AV. 678,-58.391572,-34.616551,Comuna 1,Carriles Exclusivos,norte,2334.0
2024-12-25,SANTA FE AV. 1483,-58.388215,-34.595676,Comuna 2,Carriles Exclusivos,oeste,2251.0
2024-12-25,SANTA FE AV. 2622,-58.403884,-34.594047,Comuna 2,calle_avenida,este,2222.0
2024-12-25,"DE LA TORRE, LISANDRO 663",-58.520368,-34.646059,Comuna 9,calle_avenida,sur,2180.0
2024-12-25,CORDOBA AV. 1749,-58.392148,-34.599512,Comuna 2,Carriles Exclusivos,oeste,2043.0
2024-12-25,CORDOBA AV. 2523,-58.402911,-34.59879,Comuna 2,Carriles Exclusivos,oeste,2027.0
2024-12-25,CORDOBA AV. 1431,-58.387335,-34.599232,Comuna 2,Carriles Exclusivos,oeste,2011.0
2024-12-25,"ROCA, CNEL. AV. 5870",-58.460539,-34.689402,Comuna 8,calle_avenida,este,1951.0
2024-12-25,"LIMA ESTE Y GARAY, JUAN DE",-58.382235,-34.626842,Comuna 1,calle_avenida,sur,1778.0
2024-12-25,VUELTA DE OBLIGADO 2179,-58.456328,-34.560704,Comuna 13,calle_avenida,norte,1767.0
2024-12-25,ENTRE RIOS AV. 926,-58.391557,-34.619431,Comuna 1,Carriles Exclusivos,norte,1386.0
2024-12-25,"PERON, JUAN DOMINGO, TTE. GENERAL 2687",-58.404461,-34.607561,Comuna 3,calle_avenida,oeste,1230.0
2024-12-25,CORDOBA AV. 1147,-58.383217,-34.599039,Comuna 1,Carriles Exclusivos,oeste,1137.0
2024-12-25,RIVADAVIA AV. 6626,-58.459176,-34.62777,Comuna 7,calle_avenida,este,1136.0
2024-12-25,VARELA AV. 2779,-58.438057,-34.655973,Comuna 8,calle_avenida,sur,1010.0
2024-12-25,LIMA OESTE 1524,-58.382189,-34.6262,Comuna 1,calle_avenida,norte,743.0
2024-12-25,AVELLANEDA AV. 2924,-58.471929,-34.626563,Comuna 7,calle_avenida,este,14.0
